spec_lambda2,spec_lambdamax,spec_gap,spec_entropy,spec_mean,n_nodes,n_edges,relvol_mean,relvol_std,relvol_max,rel_spacing_cv,rel_tortuosity,rel_canal_vol,rel_disc_vert,series,vendor,field,patient
3.0278174513274462e-16,1.9999999999999996,1.9999999999999993,2.6134122275380323,0.9411764705882353,17,22,0.6333320379791667,0.47073556839534014,1.3369025207067222,0.06381457960458507,1.0332518090211227,0.16711281508834444,0.17871776561741726,100_t1,Philips,1.5,100
3.0278174513274462e-16,1.9999999999999996,1.9999999999999993,2.6134122275380323,0.9411764705882353,17,22,0.6333320379791667,0.47073556839534014,1.3369025207067222,0.06381457960458507,1.0332518090211227,0.16711281508834444,0.17871776561741726,100_t2,Philips,1.5,100
2.2204460493211834e-16,2.0000000000000004,2.0,2.3006244877444137,0.9230769230769234,13,16,0.62348768894037,0.4001367462872587,1.168853753360564,0.051242491545580804,1.0168925673480427,0.1422489181166731,0.2086410745874815,101_t1,Siemens,1.5,101
0.0,1.9999999999999996,1.9999999999999996,2.300600491501384,0.9230769230769231,13,16,0.6231124977596504,0.4008934611044035,1.167749519579321,0.051631004845089326,1.0169409289332951,0.14269021490465458,0.2073868635746076,101_t2,Siemens,1.5,101
2.5673907444456745e-16,1.9999999999999993,1.9999999999999991,2.4654278600847905,0.9333333333333333,15,19,0.6407745266781261,0.4311556212806474,1.2100688468158065,0.06609547945975071,1.0063315753931388,0.1645070076223255,0.20858126383082867,104_t1,Siemens,1.5,104
0.0,1.9999999999999991,1.9999999999999991,2.4655423917571517,0.9333333333333336,15,19,0.6460935367401291,0.43897046638169585,1.2413359336085283,0.07170478020778011,1.0068980297456172,0.17733370480122185,0.20715244535622443,104_t2,Siemens,1.5,104
0.0,2.0,2.0,2.4660078414260758,0.9333333333333336,15,19,0.6592470136785662,0.4385827218743248,1.3436755611328086,0.05523336582194224,1.0103608371937096,0.19195365159040767,0.22071852057799393,105_t1,Philips,3.0,105
0.0,2.0,2.0,2.4660078414260758,0.9333333333333336,15,19,0.6592470136785662,0.4385827218743248,1.3436755611328086,0.05523336582194224,1.0103608371937096,0.19195365159040767,0.22071852057799393,105_t2,Philips,3.0,105
8.604228440844963e-16,2.0,1.9999999999999991,2.4657466521105658,0.9333333333333335,15,19,0.6119921606017128,0.4231701195451487,1.190052439218152,0.040304810672333304,1.0085998316624294,0.1308559018713154,0.18055587084666608,106_t1,Siemens,1.5,106
4.20944889472955e-27,1.9999999999999993,1.9999999999999993,2.4658465226456325,0.9333333333333332,15,19,0.6094911222324562,0.42218629031541194,1.1877636492840566,0.04035498895146771,1.008651276571497,0.1263551006214181,0.1796973041624417,106_t2,Siemens,1.5,106
4.542173568662807e-16,2.000000000000002,2.0000000000000018,2.4680750382952628,0.9333333333333335,15,19,0.6308295670471136,0.44819809201490957,1.2586342382550146,0.14095728303968935,1.019485076692546,0.11965285043827806,0.23212479323413743,107_t1,Siemens,1.5,107
4.542173568662807e-16,2.000000000000002,2.0000000000000018,2.4680750382952628,0.9333333333333335,15,19,0.6308295670471136,0.44819809201490957,1.2586342382550146,0.14095728303968935,1.019485076692546,0.11965285043827806,0.23212479323413743,107_t2,Siemens,1.5,107
2.0736281029318819e-16,2.0000000000000013,2.0000000000000013,2.4680662624494594,0.9333333333333332,15,19,0.6235498814529717,0.458951009386577,1.4001655787937632,0.14478012752710168,1.0216279291197605,0.11476571970885206,0.22141259769040098,107_t2_SPACE,Siemens,1.5,107
1.2576745200831851e-16,1.9999999999999998,1.9999999999999996,2.468949929090176,0.9333333333333333,15,19,0.6937067182726984,0.4699833521673892,1.4210825886504292,0.1343037525554022,1.0041220869988816,0.20301179837863698,0.28350259792003085,108_t1,Siemens,1.5,108
0.0,2.0,2.0,2.469482240883217,0.9333333333333333,15,19,0.7090712456841721,0.49448150468418667,1.6410002676680842,0.1298213352432904,1.0091774443209423,0.23442860966687404,0.28500977394209565,108_t2,Siemens,1.5,108
0.0,2.0000000000000004,2.0000000000000004,2.468499298156763,0.9333333333333336,15,19,0.5969837963988566,0.46245070283248274,1.2387557052332743,0.12249910465752387,1.018043450399351,0.12689831549227967,0.15235267679101214,109_t1,Philips,3.0,109
0.0,2.0000000000000004,2.0000000000000004,2.468499298156763,0.9333333333333336,15,19,0.5969837963988566,0.46245070283248274,1.2387557052332743,0.12249910465752387,1.018043450399351,0.12689831549227967,0.15235267679101214,109_t2,Philips,3.0,109
2.1163626406917047e-16,2.000000000000001,2.000000000000001,2.4715106280660626,0.9333333333333336,15,19,0.6097818907134105,0.44087162966949606,1.2182785972724466,0.04888034549600523,1.0188423362829293,0.14673531867520131,0.15994016142498946,10_t1,Siemens,3.0,10
4.0505793164058446e-16,1.999999999999999,1.9999999999999984,2.4715280453786184,0.9333333333333332,15,19,0.6097643710180383,0.4408805658644912,1.216636914575465,0.04861617445988448,1.0188836218162396,0.14677256137079395,0.15986537652502789,10_t2,Siemens,3.0,10
0.0,1.9999999999999998,1.9999999999999998,2.471468857727157,0.9333333333333333,15,19,0.7033285030176322,0.5136499105806618,1.7892112561936686,0.15112827992771272,1.0064006959659366,0.25560160802767223,0.2515308984387113,110_t1,Siemens,1.5,110
0.0,1.9999999999999998,1.9999999999999998,2.471468857727157,0.9333333333333333,15,19,0.7033285030176322,0.5136499105806618,1.7892112561936686,0.15112827992771272,1.0064006959659366,0.25560160802767223,0.2515308984387113,110_t2,Siemens,1.5,110
0.0,2.000000000000001,2.000000000000001,2.4714403133412572,0.9333333333333333,15,19,0.6966280646830089,0.5111599822413938,1.7348960743756234,0.14900355076675523,1.0076493446337333,0.24784229633937974,0.2449321279813819,110_t2_SPACE,Siemens,1.5,110
8.326672684688674e-16,2.0,1.9999999999999991,2.296733052791511,0.9230769230769231,13,16,0.6935026932205134,0.5214412359031003,1.7630246800882292,0.07267589308296184,1.0041282699123804,0.293837446681381,0.20875172196311287,112_t1,Philips,3.0,112
8.326672684688674e-16,2.0,1.9999999999999991,2.296733052791511,0.9230769230769231,13,16,0.6935026932205134,0.5214412359031003,1.7630246800882292,0.07267589308296184,1.0041282699123804,0.293837446681381,0.20875172196311287,112_t2,Philips,3.0,112
0.0,1.9999999999999993,1.9999999999999993,2.2955669882266343,0.9230769230769229,13,16,0.656104852093277,0.4235742811465105,1.2512848979267837,0.10368613000683494,1.0013167287798488,0.1533699762597445,0.2681905366090519,113_t1,Philips,3.0,113
0.0,1.9999999999999993,1.9999999999999993,2.2955669882266343,0.9230769230769229,13,16,0.656104852093277,0.4235742811465105,1.2512848979267837,0.10368613000683494,1.0013167287798488,0.1533699762597445,0.2681905366090519,113_t2,Philips,3.0,113
2.22044604925293e-16,1.9999999999999991,1.999999999999999,2.4645310289179725,0.9333333333333333,15,19,0.659290321753265,0.5013763814750714,1.473412072480991,0.09437715927220237,1.0092208112348748,0.21048743892586338,0.20227753625975378,115_t1,Philips,3.0,115
2.22044604925293e-16,1.9999999999999991,1.999999999999999,2.4645310289179725,0.9333333333333333,15,19,0.659290321753265,0.5013763814750714,1.473412072480991,0.09437715927220237,1.0092208112348748,0.21048743892586338,0.20227753625975378,115_t2,Philips,3.0,115
8.118505867571457e-16,2.0,1.9999999999999991,2.4647250689922373,0.9333333333333333,15,19,0.633426908592929,0.5117209035075106,1.6198333903913709,0.027480796690800075,1.0105441827464088,0.23140477005591598,0.1259386055003957,116_t1,Siemens,3.0,116
0.0,2.0,2.0,2.4713455833855615,0.9333333333333333,15,19,0.6951346635718818,0.5932930777474178,2.2748512316964122,0.03551650167807278,1.012022280947184,0.32497874738521054,0.164595531697434,116_t2,Siemens,3.0,116
0.0,2.0000000000000004,2.0000000000000004,2.2986481805117664,0.9230769230769231,13,16,0.6084707982340912,0.4409087264764358,1.1915828831978368,0.019448424795435525,1.018821689333682,0.1615992236501279,0.15675417252377405,117_t1,Philips,3.0,117
1.391384413586979e-16,2.0000000000000004,2.0000000000000004,2.2986214434045804,0.9230769230769228,13,16,0.6083899625909308,0.4409980897418735,1.1910823937182684,0.020832054378842422,1.0191471575862432,0.1615139391086664,0.15666431317172144,117_t2,Philips,3.0,117
2.168404344971009e-17,2.000000000000001,2.000000000000001,2.6134436762900086,0.9411764705882355,17,22,0.633636856743859,0.4915020015261188,1.3285223191817532,0.1581222121080432,1.0157217601790167,0.15469031228941105,0.19178800829131745,118_t1,Siemens,1.5,118
0.0,2.0,2.0,2.613820372866309,0.9411764705882355,17,22,0.6381241523848701,0.4941349695348957,1.3412302524403927,0.1542349537894231,1.0177033389478112,0.15865819726301827,0.1973556265548589,118_t2,Siemens,1.5,118
1.2848592939750705e-27,1.9999999999999996,1.9999999999999996,2.465615724723963,0.9333333333333332,15,19,0.6257334471258177,0.4323379957650682,1.255256850247834,0.055700954869584096,1.0132692249573971,0.1507255568785226,0.19013182981968313,118_t2_SPACE,Siemens,1.5,118
0.0,1.9999999999999996,1.9999999999999996,2.618486300766203,0.9411764705882351,17,22,0.644836775067227,0.5113634097639658,1.5699299171861636,0.11650640611261473,1.035278572333759,0.19624123964827478,0.17403690736961225,11_t1,Siemens,1.5,11
0.0,2.0,2.0,2.6181473966200857,0.9411764705882351,17,22,0.6503110779906509,0.4952314235958386,1.4812957356475502,0.11590260376014813,1.0357007486531389,0.18516196695594767,0.1967490737742131,11_t2,Siemens,1.5,11
7.771561172376096e-16,1.9999999999999991,1.9999999999999982,2.6186293300630243,0.9411764705882351,17,22,0.6492124374020947,0.49419094363747323,1.4581460148812755,0.12246244434642896,1.0368526078967482,0.18226825186016338,0.19730817761931665,11_t2_SPACE,Siemens,1.5,11
0.0,2.0000000000000004,2.0000000000000004,2.4660671018103417,0.9333333333333331,15,19,0.6698309578030047,0.5365477873999135,1.7102084224397394,0.14268360122643575,1.0075500890000693,0.24431548891997049,0.19103656351508422,120_t2,Siemens,1.5,120
4.579669976578771e-16,1.9999999999999996,1.9999999999999991,2.2942355298810346,0.9230769230769229,13,16,0.6453531794777579,0.4777651861787868,1.3687822830196166,0.04756182985987553,1.0025864016771249,0.22813038050327397,0.1701348416985635,121_t1,Philips,3.0,121
4.579669976578771e-16,1.9999999999999996,1.9999999999999991,2.2942355298810346,0.9230769230769229,13,16,0.6453531794777579,0.4777651861787868,1.3687822830196166,0.04756182985987553,1.0025864016771249,0.22813038050327397,0.1701348416985635,121_t2,Philips,3.0,121
8.490858567521663e-16,1.9999999999999996,1.9999999999999987,2.2913535555430427,0.9230769230769229,13,16,0.6329094324021549,0.42875866972004173,1.167294027657523,0.05495779267517782,1.0026595216406162,0.17983453773224,0.19146923247246697,122_t1,Siemens,1.5,122
0.0,2.0,2.0,2.2925801198598776,0.9230769230769231,13,16,0.6430381850666679,0.42441320425836054,1.1541114388997005,0.052852580535622855,1.0024083360549878,0.1870057201423793,0.2062436808354388,122_t2,Siemens,1.5,122
3.2612801348363973e-16,1.9999999999999991,1.999999999999999,2.611868976111731,0.9411764705882353,17,22,0.6769900225447611,0.5981922834417432,2.1316674103821773,0.1476053500701608,1.0052967946201705,0.2664584262977823,0.17214537160988888,123_t2,Philips,1.5,123
0.0,2.000000000000001,2.000000000000001,2.298106993419805,0.9230769230769231,13,16,0.6585418105526413,0.47741718719916,1.2798509232593376,0.15202937768072491,1.002037709775382,0.21330848720989268,0.21353210232085015,124_t2,Siemens,1.5,124
9.020562075079397e-17,2.0,2.0,2.4647320985070973,0.9333333333333331,15,19,0.6768301900579536,0.508332189622956,1.6992526015084348,0.08640498141099995,1.0027995858787864,0.24275037164406987,0.20760003562301846,125_t1,Philips,3.0,125
9.020562075079397e-17,2.0,2.0,2.4647320985070973,0.9333333333333331,15,19,0.6768301900579536,0.508332189622956,1.6992526015084348,0.08640498141099995,1.0027995858787864,0.24275037164406987,0.20760003562301846,125_t2,Philips,3.0,125
3.247185506594086e-16,2.0,1.9999999999999998,2.4690281531350875,0.9333333333333336,15,19,0.6292281480052584,0.43423261067140084,1.2545753985622548,0.1127375937991199,1.0022557388137479,0.1331112710223517,0.215234760417512,126_t1,Siemens,1.5,126
1.9220736113823023e-15,1.9999999999999982,1.9999999999999962,2.614078736524399,0.9411764705882353,17,22,0.7049312513545904,0.5639922443484817,2.0689194340003736,0.10210697770531957,1.0314258168122519,0.25861492925005425,0.23936397987849128,127_t1,Siemens,1.5,127
9.905271047827569e-16,2.000000000000001,2.0,2.6140822200879,0.9411764705882353,17,22,0.703518384313262,0.5633711590036057,2.0564458039831313,0.10197732616357764,1.031988641220124,0.25705572549789885,0.23792084116782347,127_t2,Siemens,1.5,127
2.2204460492503126e-16,1.9999999999999993,1.9999999999999991,2.614510508942126,0.9411764705882353,17,22,0.7040657100344178,0.5663997786965684,2.0718799938642505,0.10465586929870696,1.0312965406015817,0.2589849992330388,0.23715463459013925,127_t2_SPACE,Siemens,1.5,127
0.0,2.0000000000000004,2.0000000000000004,2.4639734446970323,0.875,16,19,0.6007024673671807,0.4761613832265842,1.2997845808212665,0.05872569938347363,1.0061833824621735,0.18568351154589868,0.16393186213172206,129_t1,Siemens,1.5,129
0.0,2.0000000000000004,2.0000000000000004,2.4639734446970323,0.875,16,19,0.6007024673671807,0.4761613832265842,1.2997845808212665,0.05872569938347363,1.0061833824621735,0.18568351154589868,0.16393186213172206,129_t2,Siemens,1.5,129
0.0,2.000000000000001,2.000000000000001,2.464042811263122,0.875,16,19,0.5973869674100519,0.47707971494599327,1.293203661714413,0.05915502793031979,1.0066175640368216,0.18123165879435071,0.16119623337506847,129_t2_SPACE,Siemens,1.5,129
2.3071822230491534e-16,1.9999999999999996,1.9999999999999993,2.2965130031492236,0.9230769230769231,13,16,0.6504899547308918,0.39217257576854736,1.1547780562161516,0.053128408135365617,1.0041008710127846,0.16751528307608743,0.24187961884087417,12_t1,Siemens,1.5,12
0.0,1.9999999999999991,1.9999999999999991,2.29797715039439,0.9230769230769228,13,16,0.6595269200781076,0.3958010032102005,1.102681446828677,0.05980396858976505,1.0058672828017428,0.18331694859712677,0.24565804490547047,12_t2,Siemens,1.5,12
1.8561541192951836e-16,2.0,1.9999999999999998,2.4706057470931517,0.9333333333333336,15,19,0.6044963176543333,0.4736359538715448,1.3010411091351382,0.07238707845377922,1.0361198732073311,0.1418820536726573,0.1534671984437998,130_t1,Philips,3.0,130
1.8561541192951836e-16,2.0,1.9999999999999998,2.4706057470931517,0.9333333333333336,15,19,0.6044963176543333,0.4736359538715448,1.3010411091351382,0.07238707845377922,1.0361198732073311,0.1418820536726573,0.1534671984437998,130_t2,Philips,3.0,130
2.2040060898351047e-27,1.9999999999999998,1.9999999999999998,2.470620922302424,0.9333333333333333,15,19,0.6853793100511012,0.5241458844016246,1.729531183125342,0.11482023047270114,1.0237064689936122,0.24707588330362784,0.22159406680591767,131_t1,Philips,3.0,131
2.2040060898351047e-27,1.9999999999999998,1.9999999999999998,2.470620922302424,0.9333333333333333,15,19,0.6853793100511012,0.5241458844016246,1.729531183125342,0.11482023047270114,1.0237064689936122,0.24707588330362784,0.22159406680591767,131_t2,Philips,3.0,131
0.0,2.0,2.0,2.61665566914738,0.9411764705882351,17,22,0.6157074356518873,0.4797011318842823,1.3335147145512787,0.13699879519261735,1.040260673865808,0.12046735893831494,0.18791094182197013,132_t1,Siemens,1.5,132
0.0,1.9999999999999998,1.9999999999999998,2.299318407864138,0.9230769230769231,13,16,0.608650405845628,0.45002644426071486,1.2243594699742208,0.10295872139162304,1.0449093929748137,0.14877240312882914,0.16997014287006323,133_t1,Philips,3.0,133
0.0,1.9999999999999998,1.9999999999999998,2.299318407864138,0.9230769230769231,13,16,0.608650405845628,0.45002644426071486,1.2243594699742208,0.10295872139162304,1.0449093929748137,0.14877240312882914,0.16997014287006323,133_t2,Philips,3.0,133
0.0,2.0000000000000004,2.0000000000000004,2.6128475558658115,0.9411764705882352,17,22,0.6343120202123349,0.4941560498576562,1.410852055442043,0.09462915449448761,1.0056017203650738,0.17522924103490212,0.17268380191634647,134_t2,Philips,1.5,134
0.0,2.0,2.0,2.293732903773278,0.8571428571428571,14,16,0.6259939027482595,0.39664602164715385,1.1335755089452952,0.03799821347472533,1.0089095376427404,0.1820692029362293,0.23878563155119834,136_t1,Siemens,1.5,136
0.0,2.0,2.0,2.293732903773278,0.8571428571428571,14,16,0.6259939027482595,0.39664602164715385,1.1335755089452952,0.03799821347472533,1.0089095376427404,0.1820692029362293,0.23878563155119834,136_t2,Siemens,1.5,136
0.0,1.9999999999999996,1.9999999999999996,2.293244925199661,0.8571428571428571,14,16,0.6226491477982546,0.3970811953014365,1.1328740604526313,0.03804489632356773,1.0096356204031267,0.1784793173758098,0.23517316641726208,136_t2_SPACE,Siemens,1.5,136
4.2327252813834093e-16,1.9999999999999991,1.9999999999999987,2.2946467391734484,0.9230769230769231,13,16,0.6349982424748577,0.44784118564677805,1.1901076947805542,0.0509159077319373,1.0142221298907423,0.1979953615467624,0.17783416381546657,137_t1,Philips,3.0,137
4.2327252813834093e-16,1.9999999999999991,1.9999999999999987,2.2946467391734484,0.9230769230769231,13,16,0.6349982424748577,0.44784118564677805,1.1901076947805542,0.0509159077319373,1.0142221298907423,0.1979953615467624,0.17783416381546657,137_t2,Philips,3.0,137
0.0,1.9999999999999993,1.9999999999999993,2.4638229584412095,0.9333333333333335,15,19,0.632119955316074,0.44625970364919315,1.24258456923843,0.10758466611682911,1.0016472198807067,0.15294210224221838,0.20160065914939612,138_t1,Philips,1.5,138
5.659461469585459e-17,2.0000000000000004,2.0000000000000004,2.4641949082211463,0.9333333333333333,15,19,0.6370655894795393,0.45713837036121063,1.2414011443572166,0.10833653678958854,1.0015053843305646,0.1705674643890439,0.19457308449571092,138_t2,Philips,1.5,138
0.0,2.0,2.0,2.6138319407288177,0.9411764705882351,17,22,0.6207693714217615,0.44969136667637644,1.2619384979258548,0.118148241116912,1.0295961373117204,0.1260796180559365,0.19305529621533632,13_t1,Philips,1.5,13
2.8474394683595804e-16,2.0000000000000004,2.0,2.6138319407892707,0.9411764705882352,17,22,0.6207693714217615,0.4496913666763764,1.2619384979258546,0.11814824106880333,1.0295961376493894,0.1260796180559365,0.1930552962153363,13_t2,Philips,1.5,13
2.2204460492503126e-16,2.000000000000001,2.000000000000001,2.7465905476047126,0.9473684210526315,19,25,0.6941691265534444,0.5889637590486405,2.2046357019026637,0.14487252677277723,1.0448908546507674,0.2449595224336366,0.22050863362367587,140_t1,Philips,3.0,140
2.2204460492503126e-16,2.000000000000001,2.000000000000001,2.7465905476047126,0.9473684210526315,19,25,0.6941691265534444,0.5889637590486405,2.2046357019026637,0.14487252677277723,1.0448908546507674,0.2449595224336366,0.22050863362367587,140_t2,Philips,3.0,140
8.08656869833202e-28,1.9999999999999993,1.9999999999999993,2.4660229193112677,0.9333333333333333,15,19,0.6804209613293518,0.48362036753962584,1.7149827088364016,0.037287863704508255,1.0015644136554893,0.24499752983377693,0.21304738730057862,141_t2_SPACE,Siemens,3.0,141
5.551115123683701e-17,2.0,2.0,2.47400844986679,0.9333333333333333,15,19,0.6380679899068047,0.3974892994865543,1.1840416443146147,0.03948101900311369,1.0514704550777312,0.13202598795970638,0.2352625618406107,142_t1,Siemens,1.5,142
5.551115123683701e-17,2.0,2.0,2.47400844986679,0.9333333333333333,15,19,0.6380679899068047,0.3974892994865543,1.1840416443146147,0.03948101900311369,1.0514704550777312,0.13202598795970638,0.2352625618406107,142_t2,Siemens,1.5,142
0.0,1.9999999999999996,1.9999999999999996,2.4738994112356,0.9333333333333333,15,19,0.6381014447023028,0.397997713898102,1.1797781492848851,0.04062454315177512,1.0517292401769152,0.1329809359759784,0.23437930267183416,142_t2_SPACE,Siemens,1.5,142
0.0,2.000000000000001,2.000000000000001,2.7447718899045523,0.9473684210526314,19,25,0.6194511441706624,0.5298778120913956,1.4574179314935352,0.14017075786386823,1.0208217907701742,0.1619353257215075,0.14579486752769735,143_t1,Philips,1.5,143
0.0,1.9999999999999987,1.9999999999999987,2.74477367045365,0.9473684210526317,19,25,0.6226013656427412,0.5552188648188584,1.6218051706289585,0.14523424439153035,1.017387679183728,0.18020057451433266,0.13418008628703845,143_t2,Philips,1.5,143
4.4578579699107754e-17,2.0,2.0,2.295508684378233,0.9230769230769231,13,16,0.6364572069070287,0.4515758598946982,1.279762072721288,0.044693332617163434,1.0045429472661276,0.213293678786886,0.16569693617837342,144_t1,Philips,3.0,144
4.4578579699107754e-17,2.0,2.0,2.295508684378233,0.9230769230769231,13,16,0.6364572069070287,0.4515758598946982,1.279762072721288,0.044693332617163434,1.0045429472661276,0.213293678786886,0.16569693617837342,144_t2,Philips,3.0,144
5.273559366969494e-16,2.0000000000000004,2.0,2.612400364498598,0.9411764705882348,17,22,0.6518750313424396,0.5504406498949733,1.785870986075533,0.10138357246400419,1.0216986036141413,0.22323387325944782,0.16200056834327423,145_t1,Philips,3.0,145
5.273559366969494e-16,2.0000000000000004,2.0,2.612400364498598,0.9411764705882348,17,22,0.6518750313424396,0.5504406498949733,1.785870986075533,0.10138357246400419,1.0216986036141413,0.22323387325944782,0.16200056834327423,145_t2,Philips,3.0,145
0.0,2.0,2.0,2.4683040176683186,0.9333333333333333,15,19,0.6458152749686853,0.4657973780986276,1.4055619763073963,0.02110851721864129,1.0135210898126243,0.2007945680439174,0.18309530688900427,146_t1,Siemens,1.5,146
0.0,2.0,2.0,2.468515615382425,0.9333333333333331,15,19,0.6441587718296865,0.4721116916637292,1.4172468896244428,0.02291861135767497,1.0130939187884864,0.20246384137492401,0.17787638397442845,146_t2,Siemens,1.5,146
9.471590178833367e-16,2.0,1.9999999999999991,2.4692036398269335,0.9333333333333336,15,19,0.6465029512294064,0.46391278779001255,1.3933023651635663,0.02471171698469657,1.016385305245097,0.19904319502337023,0.18632027189681072,146_t2_SPACE,Siemens,1.5,146
5.603156827405087e-16,2.0,1.9999999999999993,2.611139008636906,0.9411764705882353,17,22,0.6422187542910428,0.5399277639238703,1.8144456371721538,0.09462080100835847,1.0023124242603336,0.22680570464652566,0.1379091482219792,147_t2,Philips,1.5,147
2.7712207528729493e-16,1.9999999999999998,1.9999999999999996,2.2947415114019423,0.9230769230769234,13,16,0.6483145938107592,0.39651568571785284,1.1646047437652853,0.014320648282540158,1.0255669698039205,0.16770050521906166,0.23698111470428435,149_t1,Philips,3.0,149
2.7712207528729493e-16,1.9999999999999998,1.9999999999999996,2.2947415114019423,0.9230769230769234,13,16,0.6483145938107592,0.39651568571785284,1.1646047437652853,0.014320648282540158,1.0255669698039205,0.16770050521906166,0.23698111470428435,149_t2,Philips,3.0,149
0.0,1.9999999999999996,1.9999999999999996,2.2935860936318595,0.9230769230769231,13,16,0.6505837454917885,0.40193306415996566,1.1667809683639474,0.0544689729447096,1.0015032552154282,0.17100071808360354,0.2385973971486367,151_t2,Philips,1.5,151
0.0,2.000000000000001,2.000000000000001,2.6135818128733783,0.8888888888888893,18,22,0.617484564415315,0.42951270905143074,1.2759204879150348,0.04895094037391003,1.0595491001682622,0.15949006098938281,0.20431129684009228,152_t1,Siemens,1.5,152
0.0,2.000000000000001,2.000000000000001,2.6135818128733783,0.8888888888888893,18,22,0.617484564415315,0.42951270905143074,1.2759204879150348,0.04895094037391003,1.0595491001682622,0.15949006098938281,0.20431129684009228,152_t2,Siemens,1.5,152
0.0,1.9999999999999993,1.9999999999999993,2.613834638360609,0.8888888888888888,18,22,0.6141514387764929,0.4340983936236248,1.3566409724369395,0.05077033679271182,1.061483091939359,0.15479701718046107,0.2018166400592671,152_t2_SPACE,Siemens,1.5,152
3.0183849619559935e-28,1.9999999999999993,1.9999999999999993,2.468059402636935,0.9333333333333333,15,19,0.6158581861012825,0.4643297629503426,1.2669257950529766,0.11558315501440578,1.034945829367164,0.13697526501766744,0.1827208480565332,154_t1,Siemens,1.5,154
7.28583859910259e-17,2.0000000000000004,2.0000000000000004,2.468076409551437,0.9333333333333331,15,19,0.615726266195511,0.46423257491540054,1.2669257950529769,0.11558315501440604,1.0349458293671638,0.13669257950529992,0.18272084805653324,154_t2,Siemens,1.5,154
4.579669976578771e-16,1.9999999999999996,1.9999999999999991,2.4691961348709173,0.9333333333333335,15,19,0.6388095964874779,0.49182966770351455,1.4821800220147772,0.0725955251299289,1.023805366181135,0.21174000314497318,0.15713770361394083,155_t1,Siemens,1.5,155
1.8463506343404754e-27,2.0000000000000013,2.0000000000000013,2.4692016825321645,0.9333333333333333,15,19,0.6374181117533543,0.4889110692755591,1.4701991008348985,0.07369575370069735,1.0235598749535773,0.210028442976419,0.15586751078080127,155_t2,Siemens,1.5,155
6.505213034913027e-16,2.0000000000000004,1.9999999999999998,2.2986509745961246,0.9230769230769232,13,16,0.6022281018606864,0.42550029935065187,1.1693901116203957,0.053066923548765174,1.016971585467979,0.14486161167290615,0.1599659423586049,156_t1,Philips,3.0,156
3.5214886562329184e-16,2.0,1.9999999999999996,2.2970144974427735,0.9230769230769232,13,16,0.5997570427145752,0.42346066260295306,1.190433654121628,0.0562615443264408,1.0161468833399794,0.1380513373670634,0.1614222551812056,156_t2,Philips,3.0,156
2.6144861610675473e-16,2.0,1.9999999999999998,2.2999305605360227,0.9230769230769228,13,16,0.6742658449632176,0.4506071746219803,1.3589456889078422,0.10296575600656205,1.0090324365375252,0.22649094815131138,0.23441838260235404,159_t2,Siemens,1.5,159
6.660877209932264e-28,1.999999999999999,1.999999999999999,2.295839046427489,0.9230769230769228,13,16,0.6421157198332248,0.4735814803054544,1.384731067640355,0.05919499589520176,1.0085080313801407,0.23078851127339745,0.16046221503195332,15_t1,Philips,3.0,15
6.660877209932264e-28,1.999999999999999,1.999999999999999,2.295839046427489,0.9230769230769228,13,16,0.6421157198332248,0.4735814803054544,1.384731067640355,0.05919499589520176,1.0085080313801407,0.23078851127339745,0.16046221503195332,15_t2,Philips,3.0,15
9.159339953157541e-16,1.9999999999999987,1.9999999999999978,2.296142663990781,0.9230769230769229,13,16,0.6048696063411896,0.43590019356598153,1.2087380228260929,0.07657968173864323,1.0481783428704008,0.1254782694005685,0.18507254433870288,160_t1,Philips,3.0,160
9.159339953157541e-16,1.9999999999999987,1.9999999999999978,2.296142663990781,0.9230769230769229,13,16,0.6048696063411896,0.43590019356598153,1.2087380228260929,0.07657968173864323,1.0481783428704008,0.1254782694005685,0.18507254433870288,160_t2,Philips,3.0,160
1.9168694409543718e-16,1.9999999999999987,1.9999999999999984,2.613183954567625,0.941176470588235,17,22,0.6567744202823685,0.46241022688384076,1.3828423012107947,0.17780310280606326,1.0104565965539416,0.14895413379085348,0.2466915093092042,161_t1,Siemens,1.5,161
0.0,2.000000000000001,2.000000000000001,2.465638935265294,0.875,16,19,0.6548398940634037,0.37134040010582414,1.240020554859559,0.07341935050572847,1.0027486262052312,0.14108661015093796,0.311229004244755,161_t2,Siemens,1.5,161
0.0,1.9999999999999991,1.9999999999999991,2.4655822709780373,0.8749999999999999,16,19,0.6521963569768552,0.3734612808040975,1.241633924695267,0.0773609392095762,1.0026400405733429,0.13688463204173842,0.3096186609172073,161_t2_SPACE,Siemens,1.5,161
0.0,2.0,2.0,2.615702482731291,0.8888888888888888,18,22,0.6681354570454686,0.3665528931780878,1.1893092499547047,0.11044924769772632,1.0112955171114946,0.145219446088815,0.3182980731231364,162_t1,Siemens,1.5,162
0.0,2.0,2.0,2.615702482731291,0.8888888888888888,18,22,0.6681354570454686,0.3665528931780878,1.1893092499547047,0.11044924769772632,1.0112955171114946,0.145219446088815,0.3182980731231364,162_t2,Siemens,1.5,162
7.697249760843167e-17,1.9999999999999996,1.9999999999999996,2.6152858806448496,0.8888888888888887,18,22,0.6679828197895128,0.3665512930202866,1.1980155189660822,0.111490444519142,1.0114753457511247,0.14485494903614723,0.31831679599137347,162_t2_SPACE,Siemens,1.5,162
7.561166925244355e-17,1.9999999999999998,1.9999999999999998,2.468777189252318,0.9333333333333335,15,19,0.6527913644796581,0.4820393903827941,1.5079777365491234,0.07455212064242267,1.0335505316026705,0.21542539093559415,0.18341324723513455,163_t1,Philips,1.5,163
6.661338147750939e-16,1.9999999999999996,1.999999999999999,2.4685317201002035,0.9333333333333335,15,19,0.6488767006764868,0.47073042820624883,1.4000992384335886,0.07923442188455762,1.0313825013317681,0.20001417691908888,0.19043589595912977,163_t2,Philips,1.5,163
1.6653345369377348e-16,2.000000000000001,2.000000000000001,2.295350276234295,0.9230769230769231,13,16,0.5907763635958251,0.42025280138561527,1.1573902770657116,0.01867565833186356,1.0044858852559353,0.12898528111509816,0.1510301733425437,165_t1,Siemens,1.5,165
0.0,2.0,2.0,2.296021492394293,0.9230769230769231,13,16,0.6064830517273484,0.42321074324322244,1.1549536578781385,0.019827414132116996,1.0033076230073172,0.15393383124868723,0.16011278082725627,165_t2,Siemens,1.5,165
0.0,1.9999999999999996,1.9999999999999996,2.6156344782217595,0.9411764705882353,17,22,0.6758959231758931,0.497359400068239,1.762498906569282,0.12296275313849364,1.0230436013916264,0.22031236332116563,0.2159664734276406,166_t1,Siemens,1.5,166
0.0,1.9999999999999996,1.9999999999999996,2.6156344782217595,0.9411764705882353,17,22,0.6758959231758931,0.497359400068239,1.762498906569282,0.12296275313849364,1.0230436013916264,0.22031236332116563,0.2159664734276406,166_t2,Siemens,1.5,166
4.926614671774132e-16,2.0000000000000004,2.0,2.615816033925989,0.9411764705882351,17,22,0.6733835605653288,0.49570999524508397,1.734976843214997,0.12172829355483704,1.023579543016702,0.21687210540187987,0.21406796079947654,166_t2_SPACE,Siemens,1.5,166
5.55111512313557e-17,1.9999999999999987,1.9999999999999987,2.469212867719025,0.9333333333333331,15,19,0.6272534844007055,0.46997873666194534,1.2788440890451904,0.060973391769477685,1.0160029620172308,0.17497162373584946,0.16914298569426758,167_t1,Philips,3.0,167
5.55111512313557e-17,1.9999999999999987,1.9999999999999987,2.469212867719025,0.9333333333333331,15,19,0.6272534844007055,0.46997873666194534,1.2788440890451904,0.060973391769477685,1.0160029620172308,0.17497162373584946,0.16914298569426758,167_t2,Philips,3.0,167
0.0,1.9999999999999996,1.9999999999999996,2.2906370809013668,0.9230769230769234,13,16,0.6294351253055839,0.4295377833225728,1.2309572558036639,0.06761115270589048,1.0042443711730262,0.15534066210980493,0.2084354427189913,168_t1,Philips,3.0,168
0.0,1.9999999999999996,1.9999999999999996,2.2906370809013668,0.9230769230769234,13,16,0.6294351253055839,0.4295377833225728,1.2309572558036639,0.06761115270589048,1.0042443711730262,0.15534066210980493,0.2084354427189913,168_t2,Philips,3.0,168
0.0,2.0000000000000004,2.0000000000000004,2.4716289356965655,0.9333333333333331,15,19,0.663748543032015,0.4375336409777109,1.374086559601303,0.05186400858902464,1.0242734134308449,0.19629807994304682,0.2260202265541526,169_t1,Philips,3.0,169
0.0,2.0000000000000004,2.0000000000000004,2.4716289356965655,0.9333333333333331,15,19,0.663748543032015,0.4375336409777109,1.374086559601303,0.05186400858902464,1.0242734134308449,0.19629807994304682,0.2260202265541526,169_t2,Philips,3.0,169
0.0,2.0000000000000004,2.0000000000000004,2.4690871244404358,0.9333333333333332,15,19,0.6845621868087921,0.5203375584113684,1.8538362119609293,0.043837853831185006,1.0215700521286972,0.2648337445658547,0.20208522716731228,16_t1,Philips,3.0,16
0.0,2.0000000000000004,2.0000000000000004,2.4690871244404358,0.9333333333333332,15,19,0.6845621868087921,0.5203375584113684,1.8538362119609293,0.043837853831185006,1.0215700521286972,0.2648337445658547,0.20208522716731228,16_t2,Philips,3.0,16
7.990570011218168e-17,2.0,2.0,2.4669827935590045,0.9333333333333336,15,19,0.6649763700748845,0.527197616602408,1.600924134117877,0.12179970476143635,1.008299097648392,0.22870344773113133,0.19624591671508654,170_t1,Philips,3.0,170
7.990570011218168e-17,2.0,2.0,2.4669827935590045,0.9333333333333336,15,19,0.6649763700748845,0.527197616602408,1.600924134117877,0.12179970476143635,1.008299097648392,0.22870344773113133,0.19624591671508654,170_t2,Philips,3.0,170
2.706168622523819e-16,2.0,1.9999999999999998,2.6149733052395017,0.9411764705882352,17,22,0.6753884860408421,0.4633810918786393,1.4712956865950286,0.12413259996526715,1.0064488940067517,0.18391196082438274,0.25128857201243643,171_t1,Siemens,1.5,171
1.249000902703301e-16,2.000000000000001,2.000000000000001,2.614818738797007,0.9411764705882357,17,22,0.6711698819372699,0.4698970947099535,1.5234179287448875,0.11739926871215761,1.0063712584450677,0.19042724109311526,0.2358087580236136,171_t2,Siemens,1.5,171
3.444657959863342e-17,2.000000000000001,2.000000000000001,2.29475376516131,0.9230769230769234,13,16,0.6390618863266352,0.4770662674082606,1.347990691535504,0.072131021965268,1.0121665997234743,0.22466511525592361,0.15996897178515895,172_t1,Philips,3.0,172
3.444657959863342e-17,2.000000000000001,2.000000000000001,2.29475376516131,0.9230769230769234,13,16,0.6390618863266352,0.4770662674082606,1.347990691535504,0.072131021965268,1.0121665997234743,0.22466511525592361,0.15996897178515895,172_t2,Philips,3.0,172
1.2212453270876722e-15,2.0000000000000004,1.9999999999999991,2.297570808158096,0.9230769230769235,13,16,0.6522662127392996,0.43351000467593603,1.2075967612022276,0.09931232587014455,1.0033176962572223,0.1855949807113478,0.2276484802238279,173_t1,Siemens,1.5,173
2.220446049519608e-16,2.0,1.9999999999999998,2.2973380283121,0.9230769230769229,13,16,0.6551388197634777,0.43639722754559895,1.1953627406635057,0.10416537827347012,1.0033712244442834,0.19175401679482315,0.22771342602607195,173_t2,Siemens,1.5,173
3.426078865054194e-16,2.0,1.9999999999999996,2.2946814869169487,0.9230769230769231,13,16,0.649810203405106,0.39774024810619746,1.2404076078151514,0.056721173159251154,1.007185347558011,0.1408401645983858,0.26708194277937297,174_t1,Philips,3.0,174
3.426078865054194e-16,2.0,1.9999999999999996,2.2946814869169487,0.9230769230769231,13,16,0.649810203405106,0.39774024810619746,1.2404076078151514,0.056721173159251154,1.007185347558011,0.1408401645983858,0.26708194277937297,174_t2,Philips,3.0,174
3.9810103663218685e-16,2.000000000000001,2.0000000000000004,2.295402193816985,0.9230769230769234,13,16,0.635233314222569,0.4712818597924061,1.3345937102344612,0.04801480019226231,1.0161405494124298,0.22243228503908266,0.15390656244318734,175_t1,Philips,3.0,175
3.9810103663218685e-16,2.000000000000001,2.0000000000000004,2.295402193816985,0.9230769230769234,13,16,0.635233314222569,0.4712818597924061,1.3345937102344612,0.04801480019226231,1.0161405494124298,0.22243228503908266,0.15390656244318734,175_t2,Philips,3.0,175
0.0,2.000000000000001,2.000000000000001,2.7455742679832977,0.9473684210526314,19,25,0.6366567753974612,0.5403246977345325,1.7848109511938166,0.09686783639700525,1.022756319668606,0.1983123279104302,0.1457408645953619,177_t1,Siemens,1.5,177
0.0,2.000000000000001,2.000000000000001,2.7455742679832977,0.9473684210526314,19,25,0.6366567753974612,0.5403246977345325,1.7848109511938166,0.09686783639700525,1.022756319668606,0.1983123279104302,0.1457408645953619,177_t2,Siemens,1.5,177
0.0,2.000000000000001,2.000000000000001,2.745672385005873,0.9473684210526314,19,25,0.6366996057607367,0.5414221652544736,1.7761633577792952,0.09765182201401217,1.023115233558623,0.19735148419770548,0.14679212796389007,177_t2_SPACE,Siemens,1.5,177
9.903132498442441e-17,2.0,2.0,2.4701109417240166,0.9333333333333332,15,19,0.6295736651979248,0.4796419710506074,1.3653996095473284,0.1853684478078273,1.0143322429756245,0.13181101124817887,0.21727541417596574,179_t1,Siemens,1.5,179
4.6078777894441384e-27,1.9999999999999998,1.9999999999999998,2.4700989968692966,0.9333333333333332,15,19,0.6294382760447719,0.47955949679944837,1.3653996095473284,0.1853684478078273,1.0143322429756245,0.1315208916342797,0.21727541417596574,179_t2,Siemens,1.5,179
3.885780586188048e-16,1.9999999999999991,1.9999999999999987,2.2922483931312416,0.9230769230769231,13,16,0.6202334885848146,0.4198708747133717,1.188215641833198,0.07456239892552412,1.0101949315442187,0.13828628616842742,0.20555293909869216,17_t1,Philips,3.0,17
3.885780586188048e-16,1.9999999999999991,1.9999999999999987,2.2922483931312416,0.9230769230769231,13,16,0.6202334885848146,0.4198708747133717,1.188215641833198,0.07456239892552412,1.0101949315442187,0.13828628616842742,0.20555293909869216,17_t2,Philips,3.0,17
0.0,2.0000000000000004,2.0000000000000004,2.614651717949453,0.9411764705882352,17,22,0.6288743497106526,0.536023656828096,1.710655079237513,0.08533717935774003,1.033430324547201,0.21383188490469499,0.12252610823047888,180_t1,Siemens,1.5,180
0.0,1.9999999999999996,1.9999999999999996,2.469353324844164,0.9333333333333331,15,19,0.621593157542057,0.4433748870708088,1.3370383508730044,0.09451366481114956,1.0259865274176678,0.13754286389972745,0.19444247369042825,181_t1,Siemens,1.5,181
4.440892098500626e-16,1.9999999999999996,1.9999999999999991,2.4694081755227963,0.9333333333333336,15,19,0.6219325728865525,0.44349150020780403,1.3351703500806331,0.09459224478483648,1.026041777192032,0.13815147649243875,0.19456117969306394,181_t2,Siemens,1.5,181
1.43982048506075e-16,2.0,1.9999999999999998,2.744695213557037,0.9473684210526315,19,25,0.6466528505513202,0.5515122685203375,1.71078327319035,0.1616959218862616,1.0149011660064224,0.19008703035448885,0.17506898747611405,182_t1,Siemens,1.5,182
4.386681989876351e-16,1.999999999999999,1.9999999999999984,2.7443658093426535,0.9473684210526315,19,25,0.636478264920354,0.5482099067869192,1.6148110101167075,0.1030930386588204,1.0498381185455725,0.17942344556852824,0.16425289148558994,182_t2,Siemens,1.5,182
2.2204460492573083e-16,2.0000000000000004,2.0,2.4689844946339905,0.9333333333333332,15,19,0.6766511180216005,0.551934058178018,1.8341181697023015,0.1267347546932358,1.0065558509874488,0.26201688138604956,0.18794980008884396,183_t2,Siemens,1.5,183
2.983724378680108e-16,1.9999999999999993,1.9999999999999991,2.466500727779265,0.9333333333333333,15,19,0.6609079515747465,0.4309811866875196,1.250843048670678,0.09627180490770551,1.0023820789525144,0.1709439991731009,0.2452873256299638,184_t1,Philips,1.5,184
0.0,2.0000000000000004,2.0000000000000004,2.4671733839478045,0.9333333333333333,15,19,0.6742405776306211,0.45512477059243606,1.3747568955233764,0.09987308631955676,1.0021091148972,0.19639384221763057,0.24840739556230895,184_t2,Philips,1.5,184
9.462916561453483e-16,2.0,1.9999999999999991,2.6118555097909955,0.9411764705882353,17,22,0.6511340768922596,0.4775212300455214,1.4210990976529425,0.1383633965904271,1.017670243285211,0.15037588237767052,0.2332840310184114,185_t1,Siemens,1.5,185
9.462916561453483e-16,2.0,1.9999999999999991,2.6118555097909955,0.9411764705882353,17,22,0.6511340768922596,0.4775212300455214,1.4210990976529425,0.1383633965904271,1.017670243285211,0.15037588237767052,0.2332840310184114,185_t2,Siemens,1.5,185
0.0,1.9999999999999991,1.9999999999999991,2.6118608213649535,0.9411764705882353,17,22,0.6470963650184863,0.4781092912673053,1.3842751420332076,0.1412877734932937,1.0179271081070966,0.14633136140915687,0.2287484142551563,185_t2_SPACE,Siemens,1.5,185
2.2204460492525046e-16,2.0,1.9999999999999998,2.4715993540081462,0.9333333333333332,15,19,0.6071521231141036,0.4538123972564725,1.19219914536374,0.06391327590673312,1.086851147207408,0.15768876282107552,0.14335150099489188,186_t1,Philips,3.0,186
2.2204460492525046e-16,2.0,1.9999999999999998,2.4715993540081462,0.9333333333333332,15,19,0.6071521231141036,0.4538123972564725,1.19219914536374,0.06391327590673312,1.086851147207408,0.15768876282107552,0.14335150099489188,186_t2,Philips,3.0,186
5.735429492448318e-16,1.9999999999999991,1.9999999999999984,2.6127825626723116,0.9411764705882355,17,22,0.6236831716084323,0.5323940153577685,1.4002904352603651,0.17129564485518026,1.006494323167113,0.1750363044075506,0.15029043526040564,187_t1,Philips,1.5,187
2.220446049250313e-16,1.9999999999999993,1.9999999999999991,2.6118120323985288,0.9411764705882352,17,22,0.6343270430135841,0.5470986477814013,1.5506753153571937,0.1620258467416686,1.0082279680500708,0.19383441441965465,0.15411055198424903,187_t2,Philips,1.5,187
0.0,2.0,2.0,2.4705279459706944,0.9333333333333335,15,19,0.6616412287855739,0.43444002115783403,1.3739743938275712,0.13473174994199466,1.0075586481988066,0.11460639248126117,0.3031962406306995,188_t1,Philips,3.0,188
0.0,2.0,2.0,2.4705279459706944,0.9333333333333335,15,19,0.6616412287855739,0.43444002115783403,1.3739743938275712,0.13473174994199466,1.0075586481988066,0.11460639248126117,0.3031962406306995,188_t2,Philips,3.0,188
5.551115123125781e-17,2.0,2.0,2.6121360207107314,0.9411764705882353,17,22,0.646092798823823,0.5016687568039969,1.6608225597598791,0.055994102243173555,1.010496582221965,0.20760281996999075,0.1653443775306711,189_t1,Philips,1.5,189
0.0,2.000000000000001,2.000000000000001,2.6120763406184304,0.9411764705882355,17,22,0.6394061633139829,0.498525277639927,1.6048091738020756,0.056306189119338546,1.0101725519093934,0.20060114672526502,0.15813695031698619,189_t2,Philips,1.5,189
0.0,2.0,2.0,2.6156884273283865,0.9411764705882353,17,22,0.6834619816655731,0.5254631704564012,1.9139273447763967,0.099889539355412,1.0550027287283144,0.23924091809705583,0.21311579294232322,18_t1,Siemens,1.5,18
0.0,2.0,2.0,2.6156884273283865,0.9411764705882353,17,22,0.6834619816655731,0.5254631704564012,1.9139273447763967,0.099889539355412,1.0550027287283144,0.23924091809705583,0.21311579294232322,18_t2,Siemens,1.5,18
0.0,1.9999999999999991,1.9999999999999991,2.6155218526638757,0.9411764705882353,17,22,0.6804039150274919,0.5137197142256442,1.8798762574813463,0.08831857269339886,1.0598418733836257,0.2349845321851743,0.21087378724828115,18_t2_SPACE,Siemens,1.5,18
0.0,2.0,2.0,2.611045485163852,0.9411764705882351,17,22,0.6788192678593276,0.5753760000476398,2.0634347666947654,0.1519207251518901,1.0052843308505723,0.25792934583685545,0.18456159836426866,190_t1,Siemens,1.5,190
0.0,2.000000000000001,2.000000000000001,2.611045485163852,0.9411764705882355,17,22,0.6788192678593274,0.5753760000476397,2.063434766694765,0.15192072515188978,1.005284330850572,0.2579293458368554,0.1845615983642686,190_t2,Siemens,1.5,190
0.0,2.0000000000000004,2.0000000000000004,2.613309744738647,0.9411764705882353,17,22,0.6443382602237969,0.470532739664985,1.4378971300930952,0.1137564296211306,1.0058052931906745,0.17973714126164153,0.18948166171396105,191_t1,Siemens,1.5,191
0.0,1.9999999999999996,1.9999999999999996,2.612374190835137,0.9411764705882353,17,22,0.6384978148855972,0.46945953364108384,1.376302511261004,0.11433325604260947,1.006448220679127,0.1720378139076298,0.18477004272429726,191_t2,Siemens,1.5,191
4.371503159461554e-16,1.9999999999999996,1.9999999999999991,2.6133275590201626,0.9411764705882355,17,22,0.640140366554097,0.464882057421992,1.3404357481965294,0.11500384307309057,1.007225943000766,0.1675544685245704,0.19274381040291846,191_t2_SPACE,Siemens,1.5,191
1.2004286453759505e-15,1.9999999999999996,1.9999999999999984,2.2961798118622863,0.9230769230769234,13,16,0.5917587396265958,0.46065844229209496,1.168005711304509,0.05203614561269552,1.0157139357013973,0.17074054751640555,0.1114033883412476,192_t1,Philips,3.0,192
1.2004286453759505e-15,1.9999999999999996,1.9999999999999984,2.2961798118622863,0.9230769230769234,13,16,0.5917587396265958,0.46065844229209496,1.168005711304509,0.05203614561269552,1.0157139357013973,0.17074054751640555,0.1114033883412476,192_t2,Philips,3.0,192
4.85722573273506e-16,2.0000000000000004,2.0,2.297353233258465,0.9230769230769231,13,16,0.6604351178409029,0.5157942441697947,1.6702860419372758,0.07134006134432587,1.020316211106707,0.278381006989554,0.152561748332445,193_t1,Philips,3.0,193
4.85722573273506e-16,2.0000000000000004,2.0,2.297353233258465,0.9230769230769231,13,16,0.6604351178409029,0.5157942441697947,1.6702860419372758,0.07134006134432587,1.020316211106707,0.278381006989554,0.152561748332445,193_t2,Philips,3.0,193
8.500145032286355e-16,1.9999999999999993,1.9999999999999984,2.4676276127953054,0.9333333333333333,15,19,0.6500723334082714,0.5108803868070652,1.4342759163480585,0.12394596612876621,1.013687076752751,0.20489655947829913,0.18811558353945937,195_t1,Philips,3.0,195
8.500145032286355e-16,1.9999999999999993,1.9999999999999984,2.4676276127953054,0.9333333333333333,15,19,0.6500723334082714,0.5108803868070652,1.4342759163480585,0.12394596612876621,1.013687076752751,0.20489655947829913,0.18811558353945937,195_t2,Philips,3.0,195
6.106226635438361e-16,2.000000000000001,2.0000000000000004,2.299726736287763,0.9230769230769231,13,16,0.6468150134552554,0.4264107545819324,1.2485656097288336,0.12472313464948459,1.0097584718408392,0.16784094353367765,0.23359158561940144,196_t1,Philips,3.0,196
6.106226635438361e-16,2.000000000000001,2.0000000000000004,2.299726736287763,0.9230769230769231,13,16,0.6468150134552554,0.4264107545819324,1.2485656097288336,0.12472313464948459,1.0097584718408392,0.16784094353367765,0.23359158561940144,196_t2,Philips,3.0,196
2.7117744256717335e-16,1.9999999999999998,1.9999999999999996,2.2990808681043933,0.9230769230769229,13,16,0.6428312764276846,0.49397826724852717,1.4544108402597953,0.09844689316374562,1.010680943410904,0.24240180670997086,0.15039929221670842,197_t2,Siemens,1.5,197
2.2204460492689696e-16,2.0000000000000004,2.0,2.2972296120867757,0.9230769230769231,13,16,0.5946252562272877,0.45410828111941465,1.2073242544973988,0.07336283652678066,1.0138488549825326,0.15094404685485668,0.13741067497095213,198_t1,Philips,3.0,198
2.2204460492689696e-16,2.0000000000000004,2.0,2.2972296120867757,0.9230769230769231,13,16,0.5946252562272877,0.45410828111941465,1.2073242544973988,0.07336283652678066,1.0138488549825326,0.15094404685485668,0.13741067497095213,198_t2,Philips,3.0,198
0.0,2.000000000000001,2.000000000000001,2.2947806802740334,0.9230769230769231,13,16,0.6213578098866126,0.39177651613130743,1.1206649388801166,0.056987025130363626,1.0167377797040729,0.12745838835650736,0.21881686639784295,19_t1,Philips,3.0,19
0.0,1.9999999999999996,1.9999999999999996,2.2949712084556997,0.9230769230769231,13,16,0.6238348712661294,0.39277583013339423,1.1206649388801164,0.05698702513036391,1.016737779704073,0.13282535467879367,0.218816866397843,19_t2,Philips,3.0,19
0.0,1.9999999999999996,1.9999999999999996,2.4687720001350058,0.9333333333333333,15,19,0.6077516920473589,0.5118140479042865,1.317734771573564,0.09735552651555267,1.0454282887371682,0.15545232052211683,0.1468727338651152,1_t1,Philips,3.0,1
0.0,1.9999999999999996,1.9999999999999996,2.4687720001350058,0.9333333333333333,15,19,0.6077516920473589,0.5118140479042865,1.317734771573564,0.09735552651555267,1.0454282887371682,0.15545232052211683,0.1468727338651152,1_t2,Philips,3.0,1
2.2204460492524617e-16,2.0,1.9999999999999998,2.4678819934912792,0.9333333333333336,15,19,0.716654903493345,0.5054557751278947,1.7453146600247857,0.1317214217316791,1.011717003579324,0.24933066571783424,0.2863584131965202,200_t1,Siemens,1.5,200
2.2204460492524617e-16,2.0,1.9999999999999998,2.4678819934912792,0.9333333333333336,15,19,0.716654903493345,0.5054557751278947,1.7453146600247857,0.1317214217316791,1.011717003579324,0.24933066571783424,0.2863584131965202,200_t2,Siemens,1.5,200
6.661338147750939e-16,1.9999999999999987,1.999999999999998,2.468975600733164,0.9333333333333333,15,19,0.706629252565852,0.5219578462225208,1.7597896558422856,0.1349702992058779,1.0119648667723442,0.2513985222631913,0.2628070189493915,200_t2_SPACE,Siemens,1.5,200
0.0,2.000000000000001,2.000000000000001,2.296428536842055,0.9230769230769231,13,16,0.6770158841271804,0.496858645630541,1.6648377101326541,0.05117244581315449,1.0058061762147352,0.2774729516887812,0.18939479725347236,201_t2,Siemens,1.5,201
0.0,2.0,2.0,2.4705732324836442,0.9333333333333333,15,19,0.6770425187867986,0.5675490968340484,1.8488093842151203,0.13130891463641087,1.0259296362392456,0.2641156263164514,0.18668977108386176,202_t1,Philips,3.0,202
0.0,2.0,2.0,2.4705732324836442,0.9333333333333333,15,19,0.6770425187867986,0.5675490968340484,1.8488093842151203,0.13130891463641087,1.0259296362392456,0.2641156263164514,0.18668977108386176,202_t2,Philips,3.0,202
0.0,2.000000000000001,2.000000000000001,2.2939458431479385,0.9230769230769231,13,16,0.6239527565875681,0.4719040359880273,1.2777546573967247,0.09018616098117695,1.0083102797988674,0.19409287865063946,0.15780476062245147,203_t1,Philips,3.0,203
0.0,2.000000000000001,2.000000000000001,2.2939458431479385,0.9230769230769231,13,16,0.6239527565875681,0.4719040359880273,1.2777546573967247,0.09018616098117695,1.0083102797988674,0.19409287865063946,0.15780476062245147,203_t2,Philips,3.0,203
1.1362438767648086e-15,1.9999999999999996,1.9999999999999984,2.2956084382366444,0.9230769230769232,13,16,0.6287773734773849,0.4370411877122704,1.2334150562445574,0.04739189099033458,1.020569533148483,0.1761369099125076,0.1862140659551914,204_t1,Philips,3.0,204
1.1362438767648086e-15,1.9999999999999996,1.9999999999999984,2.2956084382366444,0.9230769230769232,13,16,0.6287773734773849,0.4370411877122704,1.2334150562445574,0.04739189099033458,1.020569533148483,0.1761369099125076,0.1862140659551914,204_t2,Philips,3.0,204
2.1587173982535172e-16,1.9999999999999998,1.9999999999999996,2.2941067087588167,0.9230769230769229,13,16,0.7065555558807305,0.46346957224688684,1.5763212105729012,0.037320274786644445,1.0027261927374684,0.26272020176215644,0.26815016931279445,205_t1,Philips,3.0,205
2.1587173982535172e-16,1.9999999999999998,1.9999999999999996,2.2941067087588167,0.9230769230769229,13,16,0.7065555558807305,0.46346957224688684,1.5763212105729012,0.037320274786644445,1.0027261927374684,0.26272020176215644,0.26815016931279445,205_t2,Philips,3.0,205
0.0,2.000000000000001,2.000000000000001,2.29871148127467,0.9230769230769231,13,16,0.7072122144597421,0.582042465757068,2.081758552403882,0.05673853804304554,1.0176281416303217,0.34695975873398965,0.18533337259549315,207_t1,Philips,3.0,207
0.0,2.000000000000001,2.000000000000001,2.29871148127467,0.9230769230769231,13,16,0.7072122144597421,0.582042465757068,2.081758552403882,0.05673853804304554,1.0176281416303217,0.34695975873398965,0.18533337259549315,207_t2,Philips,3.0,207
2.0816681711721685e-17,2.0,2.0,2.4706005452336206,0.9333333333333333,15,19,0.6653267197133876,0.5147361724365525,1.6073163170403513,0.1352825383559897,1.040019943047041,0.2296166167200568,0.19608349695152802,208_t2,Siemens,1.5,208
4.977641630687285e-16,2.000000000000001,2.0000000000000004,2.6143454203038345,0.9411764705882353,17,22,0.679447669873821,0.45934284722759855,1.5534934006035837,0.11456958805448642,1.03167282559471,0.19418667507545312,0.2496396234064522,209_t1,Siemens,3.0,209
4.977641630687285e-16,2.000000000000001,2.0000000000000004,2.6143454203038345,0.9411764705882353,17,22,0.679447669873821,0.45934284722759855,1.5534934006035837,0.11456958805448642,1.03167282559471,0.19418667507545312,0.2496396234064522,209_t2,Siemens,3.0,209
0.0,2.000000000000001,2.000000000000001,2.615507116858694,0.9411764705882353,17,22,0.6887640432856903,0.45657837563044534,1.6045290718579894,0.1134560975452989,1.0296271431047308,0.20056613398225423,0.2630574579998746,209_t2_SPACE,Siemens,1.5,209
2.203098814490545e-16,2.0000000000000004,2.0000000000000004,2.4707047863362996,0.9333333333333333,15,19,0.6235691366993465,0.44406393513199593,1.2019887395568245,0.07519737197654917,1.0072683314324693,0.16127860515800901,0.1749409734834693,20_t2,Philips,1.5,20
1.0161964152712786e-26,2.000000000000001,2.000000000000001,2.4687991011321753,0.9333333333333329,15,19,0.6483581592396912,0.45513265285066684,1.2556849764231535,0.10003166598897256,1.021370702245633,0.17905880148643077,0.2102801111700894,210_t1,Philips,3.0,210
1.0161964152712786e-26,2.000000000000001,2.000000000000001,2.4687991011321753,0.9333333333333329,15,19,0.6483581592396912,0.45513265285066684,1.2556849764231535,0.10003166598897256,1.021370702245633,0.17905880148643077,0.2102801111700894,210_t2,Philips,3.0,210
0.0,1.9999999999999996,1.9999999999999996,2.4685635170966713,0.933333333333333,15,19,0.6675291431733874,0.4784781375458326,1.615431180601151,0.09793478246546605,1.0134806425867229,0.2307758829430272,0.19964370957140806,212_t1,Siemens,1.5,212
4.062643621961443e-28,2.000000000000001,2.000000000000001,2.4687964132180786,0.9333333333333331,15,19,0.665565377485763,0.48099975821700386,1.6166883141447945,0.10288913257480217,1.0136146429564268,0.230955473449262,0.19525604973455013,212_t2,Siemens,1.5,212
0.0,2.0000000000000004,2.0000000000000004,2.292666873525694,0.9230769230769231,13,16,0.626009590840254,0.4158297383773852,1.1716773498212916,0.045476022714130454,1.0017335276706,0.16232722597235558,0.194026887514886,213_t1,Philips,3.0,213
0.0,2.0000000000000004,2.0000000000000004,2.292666873525694,0.9230769230769231,13,16,0.626009590840254,0.4158297383773852,1.1716773498212916,0.045476022714130454,1.0017335276706,0.16232722597235558,0.194026887514886,213_t2,Philips,3.0,213
1.1136924715771102e-15,2.0,1.999999999999999,2.468822399187059,0.9333333333333335,15,19,0.6315717505492984,0.449197910530695,1.2097066229099733,0.10169082399159467,1.0116863566354284,0.16189492743372785,0.19147310945765736,214_t1,Siemens,1.5,214
6.175615574477433e-16,1.9999999999999996,1.999999999999999,2.4688381474159664,0.9333333333333333,15,19,0.6328292402495107,0.4485195041027859,1.2135435225701283,0.10143782155535971,1.0114950146757742,0.1631294630767251,0.19293319460082992,214_t2,Siemens,1.5,214
5.273559366969494e-16,1.9999999999999996,1.9999999999999991,2.296718933990076,0.9230769230769231,13,16,0.6383956478399527,0.4153651024163496,1.1651030717579927,0.06340012687224894,1.0085522605473753,0.16680786085574062,0.2163827094641883,215_t1,Philips,3.0,215
5.273559366969494e-16,1.9999999999999996,1.9999999999999991,2.296718933990076,0.9230769230769231,13,16,0.6383956478399527,0.4153651024163496,1.1651030717579927,0.06340012687224894,1.0085522605473753,0.16680786085574062,0.2163827094641883,215_t2,Philips,3.0,215
0.0,2.0000000000000004,2.0000000000000004,2.6116806835779918,0.9411764705882348,17,22,0.6249719895031043,0.48676677286164943,1.322689839842331,0.1134223572779937,1.0052555610861469,0.14753195574192843,0.1805335219522002,217_t1,Philips,1.5,217
1.3877787807814457e-17,2.0,2.0,2.6111866324311324,0.9411764705882351,17,22,0.6281507790502392,0.49749345470336453,1.3080938485121267,0.1193510577713474,1.0055378844660807,0.15733427039249484,0.17748613508929567,217_t2,Philips,1.5,217
2.220446049307295e-16,2.0000000000000004,2.0,2.4683545104778264,0.9333333333333336,15,19,0.6751698526249804,0.43761000002244077,1.2980004690981304,0.11376807005007654,1.0418735103203403,0.14308080215785107,0.3037117391814171,218_t1,Philips,3.0,218
2.220446049307295e-16,2.0000000000000004,2.0,2.4683545104778264,0.9333333333333336,15,19,0.6751698526249804,0.43761000002244077,1.2980004690981304,0.11376807005007654,1.0418735103203403,0.14308080215785107,0.3037117391814171,218_t2,Philips,3.0,218
7.490031293519915e-28,2.0000000000000004,2.0000000000000004,2.4656444502031345,0.9333333333333335,15,19,0.6669638821862041,0.3747447551172523,1.1645486230801372,0.05899570838543153,1.007781836262503,0.14716764334137605,0.28204067562908697,219_t1,Siemens,1.5,219
0.0,2.0000000000000004,2.0000000000000004,2.300297791906594,0.9230769230769229,13,16,0.6358205132349549,0.4368228035544246,1.1717070489921708,0.06773417163271375,1.015509152281364,0.1852576225343608,0.1923534894747298,21_t2,Siemens,1.5,21
5.273559366969494e-16,1.9999999999999991,1.9999999999999987,2.614989434035903,0.9411764705882355,17,22,0.6384216823961673,0.45592675476230804,1.3346727479167508,0.06336387526707073,1.0156989439127873,0.1668340934895978,0.18981198160228882,220_t1,Siemens,1.5,220
5.273559366969494e-16,1.9999999999999991,1.9999999999999987,2.614989434035903,0.9411764705882355,17,22,0.6384216823961673,0.45592675476230804,1.3346727479167508,0.06336387526707073,1.0156989439127873,0.1668340934895978,0.18981198160228882,220_t2,Siemens,1.5,220
8.161873954470877e-16,1.9999999999999996,1.9999999999999987,2.615119450287475,0.9411764705882353,17,22,0.6370872098977262,0.4562374831908127,1.3270536970389246,0.06180016885504146,1.0168507997109248,0.1658817121298695,0.18792860890282967,220_t2_SPACE,Siemens,1.5,220
2.3483819056036026e-16,1.9999999999999996,1.9999999999999993,2.4627358614506316,0.9333333333333333,15,19,0.6592688278101762,0.42663316842830024,1.3295002991847495,0.057989310754232824,1.031729528168644,0.16917570913582458,0.2435432076003039,221_t1,Philips,3.0,221
2.3483819056036026e-16,1.9999999999999996,1.9999999999999993,2.4627358614506316,0.9333333333333333,15,19,0.6592688278101762,0.42663316842830024,1.3295002991847495,0.057989310754232824,1.031729528168644,0.16917570913582458,0.2435432076003039,221_t2,Philips,3.0,221
0.0,2.0,2.0,2.4665005861336127,0.9333333333333332,15,19,0.6413220636795833,0.4157358688868595,1.1473335554949313,0.06514963638622459,1.0055762330981524,0.15755299059852296,0.21670857442918956,222_t1,Siemens,1.5,222
0.0,1.9999999999999993,1.9999999999999993,2.466250538530261,0.9333333333333335,15,19,0.6460402251222105,0.42115783383273,1.1614130380517462,0.07127529945850732,1.0042364363290612,0.16511737042325175,0.21925454055294746,222_t2,Siemens,1.5,222
5.898059818321144e-16,2.0,1.9999999999999993,2.4665736614682205,0.9333333333333336,15,19,0.6430981842083475,0.4758562780660181,1.3161104264234316,0.14084354617492154,1.0030635787404927,0.15708158737983674,0.22098595020950867,223_t1,Philips,3.0,223
5.898059818321144e-16,2.0,1.9999999999999993,2.4665736614682205,0.9333333333333336,15,19,0.6430981842083475,0.4758562780660181,1.3161104264234316,0.14084354617492154,1.0030635787404927,0.15708158737983674,0.22098595020950867,223_t2,Philips,3.0,223
9.575673587391975e-16,1.9999999999999991,1.9999999999999982,2.468707854551256,0.9333333333333331,15,19,0.6379928593437095,0.49588162704139066,1.3933394095706901,0.10082570793117367,1.0422976128530543,0.15771068060322768,0.20941687513331717,224_t1,Siemens,1.5,224
9.575673587391975e-16,1.9999999999999991,1.9999999999999982,2.468707854551256,0.9333333333333331,15,19,0.6379928593437095,0.49588162704139066,1.3933394095706901,0.10082570793117367,1.0422976128530543,0.15771068060322768,0.20941687513331717,224_t2,Siemens,1.5,224
0.0,2.0,2.0,2.2997143753738007,0.9230769230769234,13,16,0.6491716460303715,0.44357049378035734,1.2718199167861681,0.030976454325415393,1.019971379133136,0.21196998613103143,0.19456858026812962,225_t1,Siemens,1.5,225
2.220446049250313e-16,1.9999999999999996,1.9999999999999993,2.299698032318643,0.9230769230769231,13,16,0.6491771849753476,0.44390674080048387,1.2741958082302176,0.030534988958042984,1.0199637345056345,0.21236596803837304,0.19418459940823637,225_t2,Siemens,1.5,225
0.0,2.0,2.0,2.4648921719944776,0.9333333333333333,15,19,0.6782652814404238,0.4704265070869153,1.6410682996760566,0.06659191747758607,1.0044271498896378,0.23443832852515772,0.2189872745615048,226_t1,Siemens,1.5,226
7.919366180968304e-17,2.0,2.0,2.465592350069731,0.9333333333333335,15,19,0.678581940751972,0.4579753334843333,1.5817627231294589,0.06154835091557742,1.0037791100753937,0.2259661033042147,0.2281380554500496,226_t2,Siemens,1.5,226
7.145854136330266e-17,1.9999999999999996,1.9999999999999996,2.2942960502101286,0.9230769230769232,13,16,0.6070516423892698,0.4115498627276829,1.2150564571316533,0.06666659931194538,1.0147707551683354,0.12276523853749093,0.19251331997262192,227_t1,Philips,3.0,227
7.145854136330266e-17,1.9999999999999996,1.9999999999999996,2.2942960502101286,0.9230769230769232,13,16,0.6070516423892698,0.4115498627276829,1.2150564571316533,0.06666659931194538,1.0147707551683354,0.12276523853749093,0.19251331997262192,227_t2,Philips,3.0,227
4.683753385137379e-17,2.0000000000000004,2.0000000000000004,2.297899268463719,0.9230769230769227,13,16,0.6570294459299236,0.41208064625677915,1.2270790856498472,0.09431411705575336,1.0077609729636898,0.16870279200579003,0.2548610075090698,228_t1,Philips,3.0,228
4.683753385137379e-17,2.0000000000000004,2.0000000000000004,2.297899268463719,0.9230769230769227,13,16,0.6570294459299236,0.41208064625677915,1.2270790856498472,0.09431411705575336,1.0077609729636898,0.16870279200579003,0.2548610075090698,228_t2,Philips,3.0,228
4.440892098500626e-16,1.9999999999999991,1.9999999999999987,2.2956301057195985,0.9230769230769228,13,16,0.5913719752323087,0.4433325736507839,1.1633223582033658,0.05333216114269699,1.0100801990055586,0.14343722997509364,0.13786871636160017,229_t1,Philips,3.0,229
4.440892098500626e-16,1.9999999999999991,1.9999999999999987,2.2956301057195985,0.9230769230769228,13,16,0.5913719752323087,0.4433325736507839,1.1633223582033658,0.05333216114269699,1.0100801990055586,0.14343722997509364,0.13786871636160017,229_t2,Philips,3.0,229
9.655958911185698e-30,2.0,2.0,2.6134046641230673,0.9411764705882353,17,22,0.7210944340081652,0.4111423112177635,1.438906847595644,0.1290595566784196,1.0108477408817889,0.1798633559494621,0.35246231631793723,22_t1,Siemens,1.5,22
9.655958911185698e-30,2.0,2.0,2.6134046641230673,0.9411764705882353,17,22,0.7210944340081652,0.4111423112177635,1.438906847595644,0.1290595566784196,1.0108477408817889,0.1798633559494621,0.35246231631793723,22_t2,Siemens,1.5,22
0.0,2.000000000000001,2.000000000000001,2.613596001652036,0.9411764705882351,17,22,0.7182835250837981,0.4116024634148201,1.4091662693809592,0.13095036812722197,1.0109419161558229,0.17614578367262623,0.3502067071304921,22_t2_SPACE,Siemens,1.5,22
1.1102230246251565e-15,1.9999999999999996,1.9999999999999984,2.4665261659504902,0.9333333333333336,15,19,0.6503803498494439,0.5477328424449869,1.8689848615070923,0.055933802860774554,1.0209411244183242,0.2669978373581628,0.12667434089068202,231_t1,Philips,3.0,231
1.1102230246251565e-15,1.9999999999999996,1.9999999999999984,2.4665261659504902,0.9333333333333336,15,19,0.6503803498494439,0.5477328424449869,1.8689848615070923,0.055933802860774554,1.0209411244183242,0.2669978373581628,0.12667434089068202,231_t2,Philips,3.0,231
4.608990125785544e-16,1.9999999999999996,1.9999999999999991,2.46594679836724,0.9333333333333332,15,19,0.6584152571456375,0.4897387267647916,1.3673834387409474,0.12241009110898907,1.0035108387624403,0.19340491248712957,0.2174849242535597,232_t1,Philips,3.0,232
4.608990125785544e-16,1.9999999999999996,1.9999999999999991,2.46594679836724,0.9333333333333332,15,19,0.6584152571456375,0.4897387267647916,1.3673834387409474,0.12241009110898907,1.0035108387624403,0.19340491248712957,0.2174849242535597,232_t2,Philips,3.0,232
0.0,2.0000000000000004,2.0000000000000004,2.464392362049107,0.9333333333333333,15,19,0.6914851759489888,0.5646815836446509,2.1304031587696577,0.06132401519210406,1.0025822787972771,0.30434330839567575,0.17741064006649337,233_t1,Siemens,1.5,233
0.0,2.0000000000000004,2.0000000000000004,2.46441610918795,0.9333333333333331,15,19,0.691750637016419,0.5659807805358975,2.135510771368921,0.06265305571873639,1.002561922774537,0.3050729673384277,0.17724982626823482,233_t2,Siemens,1.5,233
0.0,2.0,2.0,2.61588939207716,0.8888888888888888,18,22,0.6954233935390719,0.5076254824188845,2.068948414682378,0.09154122819249506,1.0243827610693779,0.25861855183530363,0.2720747410023492,234_t1,Siemens,1.5,234
0.0,1.9999999999999998,1.9999999999999998,2.61585529364053,0.8888888888888888,18,22,0.6920617991446032,0.49780807324560106,1.9988484471425103,0.08976589503290239,1.0279455679910783,0.24985605589281976,0.27314043749561845,234_t2,Siemens,1.5,234
0.0,2.000000000000001,2.000000000000001,2.615718680610027,0.8888888888888887,18,22,0.6913101478057272,0.490444001405465,1.9454114283344301,0.08984156856606361,1.0314213151639573,0.24317642854180943,0.27757458135209684,234_t2_SPACE,Siemens,1.5,234
2.323471570635037e-16,1.9999999999999998,1.9999999999999996,2.4681148549580105,0.9333333333333332,15,19,0.5993042923950102,0.47719821623753045,1.3019623790342185,0.07619820324648367,1.036197858846557,0.1520390387584966,0.13218444494512577,236_t1,Philips,3.0,236
2.323471570635037e-16,1.9999999999999998,1.9999999999999996,2.4681148549580105,0.9333333333333332,15,19,0.5993042923950102,0.47719821623753045,1.3019623790342185,0.07619820324648367,1.036197858846557,0.1520390387584966,0.13218444494512577,236_t2,Philips,3.0,236
0.0,1.9999999999999991,1.9999999999999991,2.2975129885687915,0.9230769230769228,13,16,0.7613918221259606,0.6957345914128961,2.7260660644889234,0.03485496468347505,1.011982613000356,0.4543443440815013,0.19533793719146425,237_t1,Philips,1.5,237
2.2204460494452135e-16,2.0,1.9999999999999998,2.297500382041943,0.9230769230769232,13,16,0.7620337912422671,0.6956622884719047,2.7277938127565142,0.03485820727975773,1.0118546622816715,0.45463230212609984,0.19644091223219723,237_t2,Philips,1.5,237
1.960237527853792e-16,2.0,1.9999999999999998,2.466634015939386,0.9333333333333335,15,19,0.6506449492412358,0.45594961424926206,1.363997879109187,0.06949347090048796,1.004870705570231,0.19485683987274577,0.19938233707279293,239_t1,Siemens,1.5,239
1.960237527853792e-16,2.0,1.9999999999999998,2.466634015939386,0.9333333333333335,15,19,0.6506449492412358,0.45594961424926206,1.363997879109187,0.06949347090048796,1.004870705570231,0.19485683987274577,0.19938233707279293,239_t2,Siemens,1.5,239
5.031062827018158e-28,2.0000000000000004,2.0000000000000004,2.4669497131038196,0.9333333333333333,15,19,0.6507965789891538,0.45791943704711824,1.3753219233112137,0.06887441741897625,1.0056946261170567,0.19647456047303533,0.19808953736089882,239_t2_SPACE,Siemens,1.5,239
3.122502256758253e-17,2.0000000000000004,2.0000000000000004,2.743163846817979,0.9473684210526315,19,25,0.6129402364227792,0.500690060094655,1.3159763709131262,0.15614622961751443,1.0278773469891935,0.12924976813749617,0.16473517542173458,23_t1,Siemens,1.5,23
3.122502256758253e-17,2.0000000000000004,2.0000000000000004,2.743163846817979,0.9473684210526315,19,25,0.6129402364227792,0.500690060094655,1.3159763709131262,0.15614622961751443,1.0278773469891935,0.12924976813749617,0.16473517542173458,23_t2,Siemens,1.5,23
0.0,2.0,2.0,2.745364301238605,0.947368421052632,19,25,0.6738888172017629,0.5174059020922709,1.7692352810069154,0.16303607353109234,1.0435984557659808,0.19658169788966132,0.22607247175853176,241_t1,Siemens,1.5,241
0.0,2.000000000000001,2.000000000000001,2.7454617450481176,0.9473684210526314,19,25,0.6616312336258683,0.49842363487704383,1.569186675470974,0.16191851437010998,1.0399018707349073,0.1743540750523339,0.2224229737134137,241_t2,Siemens,1.5,241
5.55111512312578e-17,2.0,2.0,2.7460026083380207,0.9473684210526315,19,25,0.6536696083114543,0.5044158069609996,1.5646358994841114,0.15960882724550396,1.046765620866955,0.17384843327601585,0.20612073982596885,241_t2_SPACE,Siemens,1.5,241
0.0,2.000000000000001,2.000000000000001,2.2958072531996843,0.9230769230769231,13,16,0.5949802326472171,0.4423315184772297,1.290914787260384,0.0707229966606116,1.0083705893401438,0.10420241941894634,0.18492141798337766,242_t1,Philips,3.0,242
0.0,2.000000000000001,2.000000000000001,2.2958072531996843,0.9230769230769231,13,16,0.5949802326472171,0.4423315184772297,1.290914787260384,0.0707229966606116,1.0083705893401438,0.10420241941894634,0.18492141798337766,242_t2,Philips,3.0,242
6.948606642646176e-27,1.9999999999999998,1.9999999999999998,2.463705679279178,0.9333333333333331,15,19,0.6821026883252309,0.544349012342027,1.9318823026502485,0.08414092047076976,1.005130828970417,0.2759831860929024,0.18566543174692884,243_t1,Philips,3.0,243
6.948606642646176e-27,1.9999999999999998,1.9999999999999998,2.463705679279178,0.9333333333333331,15,19,0.6821026883252309,0.544349012342027,1.9318823026502485,0.08414092047076976,1.005130828970417,0.2759831860929024,0.18566543174692884,243_t2,Philips,3.0,243
5.898059818321144e-16,2.0,1.9999999999999993,2.4665942360545206,0.9333333333333333,15,19,0.59475307485795,0.47274152142671183,1.2428507211087938,0.08242539362312935,1.0085288380196222,0.14930511331710009,0.12516576137853247,244_t1,Philips,3.0,244
5.898059818321144e-16,2.0,1.9999999999999993,2.4665942360545206,0.9333333333333333,15,19,0.59475307485795,0.47274152142671183,1.2428507211087938,0.08242539362312935,1.0085288380196222,0.14930511331710009,0.12516576137853247,244_t2,Philips,3.0,244
0.0,1.9999999999999996,1.9999999999999996,2.3024967941106866,0.9230769230769234,13,16,0.6282794921091637,0.4922906995777726,1.2526872068389983,0.13526594829638225,1.019526211239007,0.20281108111725032,0.15846115178597187,245_t1,Philips,3.0,245
1.1686445810631801e-15,2.0000000000000004,1.9999999999999993,2.3021782234014463,0.9230769230769229,13,16,0.6170968377898649,0.49057183239557883,1.2945903936318897,0.13964810020668536,1.0138703138385128,0.1904421457137103,0.14660100283103053,245_t2,Philips,3.0,245
0.0,2.0000000000000004,2.0000000000000004,2.095357677778548,0.9090909090909091,11,13,0.6439628987512847,0.39250027705797397,1.1111570760765894,0.04964990196607853,1.0059354873993802,0.19495580468566773,0.22176257256718435,246_t2,Siemens,1.5,246
-6.3864491411232e-33,1.9999999999999998,1.9999999999999998,2.6162014754027307,0.9411764705882351,17,22,0.6775454836486545,0.5050241070608638,1.7786551056175068,0.1212301460041463,1.022725397780774,0.22233188820219452,0.21745226455123381,249_t1,Siemens,1.5,249
0.0,2.0000000000000004,2.0000000000000004,2.6167107812048123,0.9411764705882353,17,22,0.6881203597282755,0.52602731203842,1.9570700990831864,0.1181090461892526,1.021302309923946,0.2446337623854051,0.2176220020372188,249_t2,Siemens,1.5,249
-3.0813220786287056e-32,2.0000000000000004,2.0000000000000004,2.613583694667036,0.9411764705882355,17,22,0.6158553712834131,0.4829318463746787,1.3153324368743091,0.05798298473491887,1.0141630228134493,0.1557268788286264,0.15296578514865844,24_t1,Philips,3.0,24
-3.0813220786287056e-32,2.0000000000000004,2.0000000000000004,2.613583694667036,0.9411764705882355,17,22,0.6158553712834131,0.4829318463746787,1.3153324368743091,0.05798298473491887,1.0141630228134493,0.1557268788286264,0.15296578514865844,24_t2,Philips,3.0,24
0.0,2.000000000000001,2.000000000000001,2.4649835610146327,0.9333333333333331,15,19,0.6440920298206746,0.48536652488068655,1.4789985848299105,0.057973761180932316,1.0043997034066754,0.21128551211856478,0.16891169464006378,250_t1,Siemens,3.0,250
0.0,1.9999999999999991,1.9999999999999991,2.4654377882614686,0.9333333333333333,15,19,0.6678431384021634,0.5053865614266041,1.7237817169036265,0.05448442215759091,1.006410074993105,0.24625453098623978,0.1848379084470099,250_t2,Siemens,3.0,250
0.0,1.9999999999999996,1.9999999999999996,2.4696752179908374,0.9333333333333333,15,19,0.5792583409365698,0.4687714722097018,1.4506891676359084,0.07826639092106281,1.0229013658066335,0.09343288363897202,0.1478349897965552,251_t1,Philips,3.0,251
0.0,1.9999999999999996,1.9999999999999996,2.4696752179908374,0.9333333333333333,15,19,0.5792583409365698,0.4687714722097018,1.4506891676359084,0.07826639092106281,1.0229013658066335,0.09343288363897202,0.1478349897965552,251_t2,Philips,3.0,251
3.5388358909926865e-16,1.999999999999999,1.9999999999999984,2.29587741688326,0.9230769230769229,13,16,0.644648289595339,0.45775443998704085,1.2859075396865707,0.059290777966770125,1.0113065771841687,0.21431792328110008,0.1824200375088341,252_t1,Philips,3.0,252
3.5388358909926865e-16,1.999999999999999,1.9999999999999984,2.29587741688326,0.9230769230769229,13,16,0.644648289595339,0.45775443998704085,1.2859075396865707,0.059290777966770125,1.0113065771841687,0.21431792328110008,0.1824200375088341,252_t2,Philips,3.0,252
0.0,2.0,2.0,2.4724200831915892,0.9333333333333336,15,19,0.6223541865612348,0.4761910005774033,1.3104887961091354,0.0845806451722266,1.074658238021038,0.1641497701481261,0.16946634391169632,253_t1,Philips,3.0,253
0.0,2.0,2.0,2.4724200831915892,0.9333333333333336,15,19,0.6223541865612348,0.4761910005774033,1.3104887961091354,0.0845806451722266,1.074658238021038,0.1641497701481261,0.16946634391169632,253_t2,Philips,3.0,253
6.938893903907228e-16,2.0,1.9999999999999993,2.3003374673208388,0.9230769230769231,13,16,0.6277156934987136,0.4331013547160381,1.1645880677184417,0.07204608607621535,1.0142069410628576,0.17893529341408446,0.1811153758331567,254_t1,Philips,3.0,254
6.938893903907228e-16,2.0,1.9999999999999993,2.3003374673208388,0.9230769230769231,13,16,0.6277156934987136,0.4331013547160381,1.1645880677184417,0.07204608607621535,1.0142069410628576,0.17893529341408446,0.1811153758331567,254_t2,Philips,3.0,254
4.128641872824801e-16,1.9999999999999993,1.999999999999999,2.2982733764190777,0.9230769230769229,13,16,0.6608042175710266,0.34492123795023344,1.0896493387380854,0.04527733140087796,1.0084349077048265,0.12715331866502502,0.3045891527388946,255_t1,Philips,3.0,255
4.128641872824801e-16,1.9999999999999993,1.999999999999999,2.2982733764190777,0.9230769230769229,13,16,0.6608042175710266,0.34492123795023344,1.0896493387380854,0.04527733140087796,1.0084349077048265,0.12715331866502502,0.3045891527388946,255_t2,Philips,3.0,255
2.697495005143935e-16,1.9999999999999998,1.9999999999999996,2.614096077433612,0.9411764705882353,17,22,0.6608768699178365,0.525680236690837,1.6231727048891482,0.1327619436922176,1.0193162897462604,0.20289658811114936,0.20146676046429166,256_t1,Siemens,3.0,256
0.0,1.9999999999999996,1.9999999999999996,2.6156161264722266,0.9411764705882353,17,22,0.6784760380447659,0.5523676709679053,1.8691146221272312,0.13622799620213447,1.0203595604671258,0.23363932776591081,0.20812225307925722,256_t2,Siemens,3.0,256
0.0,1.9999999999999991,1.9999999999999991,2.2939675861773643,0.9230769230769228,13,16,0.6257190437149481,0.43735611018423837,1.2787169734919888,0.06545323887230835,1.0025615614882135,0.15692200899506786,0.19880258572068457,257_t1,Philips,3.0,257
0.0,1.9999999999999991,1.9999999999999991,2.2939675861773643,0.9230769230769228,13,16,0.6257190437149481,0.43735611018423837,1.2787169734919888,0.06545323887230835,1.0025615614882135,0.15692200899506786,0.19880258572068457,257_t2,Philips,3.0,257
0.0,1.9999999999999996,1.9999999999999996,2.463351601598549,0.9333333333333333,15,19,0.6144513690302659,0.4369809425159117,1.2678789022593735,0.03845061699699478,1.0040645838647202,0.1311659698773674,0.1855155351875134,25_t1,Philips,3.0,25
0.0,1.9999999999999996,1.9999999999999996,2.463351601598549,0.9333333333333333,15,19,0.6144513690302659,0.4369809425159117,1.2678789022593735,0.03845061699699478,1.0040645838647202,0.1311659698773674,0.1855155351875134,25_t2,Philips,3.0,25
8.465450562766819e-16,1.9999999999999991,1.9999999999999982,2.4678903395243252,0.9333333333333333,15,19,0.6001145542427966,0.4697120220320114,1.355088308924523,0.1269325187401577,1.0179338357235057,0.09928684818578414,0.1866729109059496,28_t1,Philips,3.0,28
8.465450562766819e-16,1.9999999999999991,1.9999999999999982,2.4678903395243252,0.9333333333333333,15,19,0.6001145542427966,0.4697120220320114,1.355088308924523,0.1269325187401577,1.0179338357235057,0.09928684818578414,0.1866729109059496,28_t2,Philips,3.0,28
1.5439038936193583e-16,2.0,1.9999999999999998,2.3062138848956852,0.9230769230769235,13,16,0.6266240145876221,0.4377248641644471,1.243077551854466,0.09629962397410807,1.0606692717695572,0.16123429038520412,0.19645107455467586,29_t1,Philips,3.0,29
1.5439038936193583e-16,2.0,1.9999999999999998,2.3062138848956852,0.9230769230769235,13,16,0.6266240145876221,0.4377248641644471,1.243077551854466,0.09629962397410807,1.0606692717695572,0.16123429038520412,0.19645107455467586,29_t2,Philips,3.0,29
6.649179585363145e-16,1.9999999999999996,1.999999999999999,2.296460756488479,0.9230769230769229,13,16,0.5893991610722153,0.4110176449266209,1.106459639917558,0.05012294245082986,1.01695380071253,0.10656097643362986,0.17047053922285815,2_t1,Siemens,1.5,2
2.237057192526578e-16,2.0,1.9999999999999998,2.296442508087442,0.9230769230769229,13,16,0.5893800256934749,0.4105167753313099,1.1071989341961055,0.048587482035275145,1.0167956306490917,0.10697689172257345,0.17001316394664312,2_t2,Siemens,1.5,2
0.0,1.9999999999999996,1.9999999999999996,2.4679306984961227,0.9333333333333333,15,19,0.620720529289596,0.4600090697536446,1.2987878495194523,0.05767286660046775,1.0251197650264963,0.16402182836721818,0.1660935915390887,30_t1,Philips,3.0,30
0.0,1.9999999999999996,1.9999999999999996,2.4679306984961227,0.9333333333333333,15,19,0.620720529289596,0.4600090697536446,1.2987878495194523,0.05767286660046775,1.0251197650264963,0.16402182836721818,0.1660935915390887,30_t2,Philips,3.0,30
3.0617869350990645e-16,2.0,1.9999999999999998,2.616890045264057,0.9411764705882351,17,22,0.6238385317953061,0.45394547934720336,1.2650234149350528,0.10121832475741488,1.0171924468498483,0.14121869829786,0.18443818176719226,31_t1,Siemens,1.5,31
2.7755575615628914e-16,1.9999999999999991,1.999999999999999,2.616950130250162,0.9411764705882351,17,22,0.6097102288625706,0.46831588550591274,1.2926668965920844,0.09883788843820787,1.0189406696250598,0.14362314785290806,0.15201108848008082,31_t2,Siemens,1.5,31
1.2906342661267445e-15,1.9999999999999991,1.9999999999999978,2.2965098266886175,0.9230769230769234,13,16,0.6501767939546645,0.43567364057952507,1.239294567603905,0.06211445066409794,1.0077574470924653,0.2022003446891886,0.2065160422126158,32_t1,Philips,3.0,32
1.2906342661267445e-15,1.9999999999999991,1.9999999999999978,2.2965098266886175,0.9230769230769234,13,16,0.6501767939546645,0.43567364057952507,1.239294567603905,0.06211445066409794,1.0077574470924653,0.2022003446891886,0.2065160422126158,32_t2,Philips,3.0,32
0.0,1.9999999999999991,1.9999999999999991,2.2971797637114584,0.9230769230769231,13,16,0.6105437707992154,0.4488446193126114,1.2132142326706146,0.1466690734421875,1.0087212913871144,0.12917188262502338,0.19367295410663465,33_t1,Siemens,1.5,33
2.2168268675934554e-17,2.0,2.0,2.297171321304597,0.9230769230769234,13,16,0.608921504475559,0.4505124844839017,1.2147533756755167,0.14960720497625019,1.0084549097167552,0.1296553300569819,0.18967459630675373,33_t2,Siemens,1.5,33
0.0,1.9999999999999996,1.9999999999999996,2.4687039228178347,0.9333333333333332,15,19,0.6578771360086454,0.4529454014861205,1.367834464161417,0.09060608667774188,1.003865704429922,0.19540492345163474,0.21433179656691703,34_t1,Siemens,1.5,34
4.180683577104105e-16,2.0000000000000004,2.0,2.4683376557239725,0.933333333333333,15,19,0.6524820292927755,0.4694026632104657,1.4189717831389483,0.08383174457306936,1.0033150190018862,0.2027102547341391,0.19546552232183279,34_t2,Siemens,1.5,34
0.0,1.9999999999999998,1.9999999999999998,2.4685486834538746,0.9333333333333335,15,19,0.6541405536938594,0.4553475080799202,1.343322163241472,0.08869559508558787,1.0041917157543934,0.19190316617735675,0.20982659173808146,34_t2_SPACE,Siemens,1.5,34
0.0,2.0,2.0,2.618295138820055,0.8888888888888888,18,22,0.6386960552867429,0.4194811402868657,1.2616226071102725,0.1036688789948726,1.0248927007728617,0.147334434025409,0.2575392803287002,35_t1,Siemens,1.5,35
0.0,2.0,2.0,1.524550149353769,0.8571428571428571,7,7,0.6268158811293624,0.3580416030468048,1.1285512794680321,0.057406424153119875,1.0110187207516232,0.19561597929944566,0.2669544100024316,35_t2,Siemens,1.5,35
0.0,1.9999999999999987,1.9999999999999987,2.618503985447967,0.8888888888888888,18,22,0.6372575655328815,0.4220386848251332,1.2590597968501864,0.10359484011919357,1.026663082291115,0.14494031708193433,0.25679040477073267,35_t2_SPACE,Siemens,1.5,35
1.1796119636642288e-16,2.0000000000000004,2.0000000000000004,2.4677352251965026,0.9333333333333333,15,19,0.598208986711734,0.466129849827533,1.232276546664307,0.1065185644005209,1.0273167579164761,0.11690442284791062,0.16497197724868673,36_t1,Philips,3.0,36
1.1796119636642288e-16,2.0000000000000004,2.0000000000000004,2.4677352251965026,0.9333333333333333,15,19,0.598208986711734,0.466129849827533,1.232276546664307,0.1065185644005209,1.0273167579164761,0.11690442284791062,0.16497197724868673,36_t2,Philips,3.0,36
4.950516657347748e-16,2.0,1.9999999999999996,2.2969909088930796,0.9230769230769231,13,16,0.644927985202606,0.5052847627394828,1.3397245741900865,0.09754283058336256,1.014215614610437,0.22260966937115584,0.17473429856785916,37_t1,Philips,3.0,37
4.950516657347748e-16,2.0,1.9999999999999996,2.2969909088930796,0.9230769230769231,13,16,0.644927985202606,0.5052847627394828,1.3397245741900865,0.09754283058336256,1.014215614610437,0.22260966937115584,0.17473429856785916,37_t2,Philips,3.0,37
0.0,2.000000000000001,2.000000000000001,2.471852625804388,0.9333333333333331,15,19,0.622859553324411,0.49848521959244607,1.4302264607381374,0.08233973607967625,1.0498583197719187,0.2043180658197394,0.13038097701832116,38_t1,Philips,3.0,38
0.0,2.000000000000001,2.000000000000001,2.471852625804388,0.9333333333333331,15,19,0.622859553324411,0.49848521959244607,1.4302264607381374,0.08233973607967625,1.0498583197719187,0.2043180658197394,0.13038097701832116,38_t2,Philips,3.0,38
2.2160292132138019e-16,2.0000000000000004,2.0000000000000004,2.2938689728529633,0.9230769230769231,13,16,0.6751771205513456,0.4529636396873078,1.3965970339986828,0.05660276079464634,1.0084783629944942,0.23276617233312213,0.23011758886151143,39_t1,Philips,3.0,39
2.2160292132138019e-16,2.0000000000000004,2.0000000000000004,2.2938689728529633,0.9230769230769231,13,16,0.6751771205513456,0.4529636396873078,1.3965970339986828,0.05660276079464634,1.0084783629944942,0.23276617233312213,0.23011758886151143,39_t2,Philips,3.0,39
3.097562836852556e-16,2.000000000000001,2.0000000000000004,2.2947154983248597,0.9230769230769234,13,16,0.6327794292278054,0.43524139511844434,1.1690646756129286,0.02372684442012437,1.0163794677757543,0.19484411260215845,0.17617798405811322,3_t1,Siemens,1.5,3
3.7730235602495554e-16,2.0,1.9999999999999996,2.2947850651811876,0.9230769230769231,13,16,0.632963495138604,0.43468337646460337,1.1684496461987057,0.02382013794196927,1.0163216410377527,0.194741607699788,0.1766792984338804,3_t2,Siemens,1.5,3
8.465450562766819e-16,2.0,1.9999999999999991,2.468403955738033,0.9333333333333332,15,19,0.6916932252885518,0.5795316626422954,2.085163853596429,0.12717791541797285,1.0038055240321284,0.2978805505137831,0.18431921796172165,40_t1,Philips,3.0,40
8.465450562766819e-16,2.0,1.9999999999999991,2.468403955738033,0.9333333333333332,15,19,0.6916932252885518,0.5795316626422954,2.085163853596429,0.12717791541797285,1.0038055240321284,0.2978805505137831,0.18431921796172165,40_t2,Philips,3.0,40
5.342948306008566e-16,2.0,1.9999999999999996,2.6151729665870844,0.9411764705882357,17,22,0.730988608806679,0.49658830220557276,2.006726467360549,0.083995511618909,1.0147301197380563,0.2508408084200785,0.30250998529416934,41_t2_SPACE,Siemens,1.5,41
0.0,2.0,2.0,2.2956960736210053,0.9230769230769228,13,16,0.6968610316892122,0.4273995817206296,1.427153321948928,0.04214379567547793,1.0030912775166234,0.23785888699149274,0.27200668166849556,42_t2,Philips,1.5,42
1.550252163389285e-27,1.9999999999999993,1.9999999999999993,2.4633450771844427,0.9333333333333332,15,19,0.616812912326276,0.4548774881774001,1.2542012731267091,0.06871843936399308,1.0035765502257517,0.15642947049296388,0.16531248449194083,44_t1,Philips,3.0,44
1.550252163389285e-27,1.9999999999999993,1.9999999999999993,2.4633450771844427,0.9333333333333332,15,19,0.616812912326276,0.4548774881774001,1.2542012731267091,0.06871843936399308,1.0035765502257517,0.15642947049296388,0.16531248449194083,44_t2,Philips,3.0,44
3.95516952522712e-16,1.9999999999999996,1.9999999999999991,2.4645323041699156,0.9333333333333333,15,19,0.6814758536808659,0.43050803765530676,1.3970609551895201,0.10346032034162521,1.0050210398377175,0.19958013645565104,0.260725264289098,45_t1,Siemens,1.5,45
3.95516952522712e-16,1.9999999999999996,1.9999999999999991,2.4645323041699156,0.9333333333333333,15,19,0.6814758536808659,0.43050803765530676,1.3970609551895201,0.10346032034162521,1.0050210398377175,0.19958013645565104,0.260725264289098,45_t2,Siemens,1.5,45
1.488574474289911e-27,1.9999999999999996,1.9999999999999996,2.464572158623172,0.9333333333333333,15,19,0.6793425801247245,0.42951741663582177,1.377565273636371,0.1031967431882935,1.0050506289631056,0.19679503909091534,0.25893906117638715,45_t2_SPACE,Siemens,1.5,45
6.245004513516506e-17,1.9999999999999996,1.9999999999999996,2.470448855974176,0.9333333333333336,15,19,0.6822297505389401,0.5577781801812738,1.7677856482906806,0.1992006499194608,1.0032936008876823,0.2525408068986747,0.20938008711337355,47_t1,Siemens,1.5,47
7.100440027607569e-16,1.999999999999999,1.9999999999999982,2.4705707318312946,0.9333333333333332,15,19,0.7011151346723169,0.5409641688957961,1.754347551475801,0.20418115313414736,1.0069917003015476,0.2506210787822635,0.25176849551559344,47_t2,Siemens,1.5,47
0.0,2.0,2.0,2.466273046666156,0.9333333333333331,15,19,0.6386846602518694,0.49053790039303347,1.3406676078314481,0.09870513759599008,1.0157404233259062,0.17698387636066362,0.1916261098933711,48_t1,Philips,3.0,48
0.0,2.0,2.0,2.466273046666156,0.9333333333333331,15,19,0.6386846602518694,0.49053790039303347,1.3406676078314481,0.09870513759599008,1.0157404233259062,0.17698387636066362,0.1916261098933711,48_t2,Philips,3.0,48
0.0,2.0000000000000004,2.0000000000000004,2.299148434477972,0.9230769230769232,13,16,0.643513752864613,0.4234032539084813,1.2307093215563252,0.08223429403797713,1.0103972557803567,0.1717205961178118,0.22255920175554567,4_t1,Philips,3.0,4
0.0,2.0000000000000004,2.0000000000000004,2.299148434477972,0.9230769230769232,13,16,0.643513752864613,0.4234032539084813,1.2307093215563252,0.08223429403797713,1.0103972557803567,0.1717205961178118,0.22255920175554567,4_t2,Philips,3.0,4
2.5815102983603775e-16,1.9999999999999991,1.999999999999999,2.61897809683944,0.9411764705882353,17,22,0.6466962597132663,0.44896319471485124,1.2609484731318272,0.12257927909951036,1.0326423852384539,0.15761855914148146,0.21661099274923465,50_t1,Siemens,1.5,50
1.726049858596923e-15,1.9999999999999982,1.9999999999999964,2.618786653346814,0.9411764705882353,17,22,0.6493471253491954,0.4553804397478349,1.3292062866010739,0.12271049763243654,1.0324386096711207,0.16615078582513737,0.2137118555419275,50_t2,Siemens,1.5,50
2.220446049250321e-16,2.0000000000000013,2.000000000000001,2.6186851328236918,0.9411764705882353,17,22,0.6605998252458916,0.4182928211139216,1.206567074874448,0.11338409539786332,1.036392206902403,0.14579086852585102,0.25798376012169444,50_t2_SPACE,Siemens,1.5,50
3.0444397003392965e-16,2.0000000000000004,2.0,2.6143713457973163,0.9411764705882348,17,22,0.6671215582010743,0.5572768541232495,1.8139897224782526,0.13750692865530487,1.0216198136783121,0.22674871530978968,0.19088459586754225,51_t1,Philips,3.0,51
3.0444397003392965e-16,2.0000000000000004,2.0,2.6143713457973163,0.9411764705882348,17,22,0.6671215582010743,0.5572768541232495,1.8139897224782526,0.13750692865530487,1.0216198136783121,0.22674871530978968,0.19088459586754225,51_t2,Philips,3.0,51
0.0,2.0000000000000018,2.0000000000000018,2.466193702097662,0.9333333333333336,15,19,0.6240954392449216,0.41193822012692044,1.237532176093962,0.09249714030138156,1.008895747480096,0.10834268365124383,0.22900468615932476,52_t1,Siemens,1.5,52
1.0200174038743626e-15,2.000000000000001,1.9999999999999998,2.466398031036128,0.9333333333333336,15,19,0.6129961286412737,0.42255434738382724,1.2206118422961019,0.10070084577819005,1.0095177295979607,0.10678470926128257,0.20677842354146728,52_t2,Siemens,1.5,52
0.0,2.0000000000000004,2.0000000000000004,2.4661228744783408,0.9333333333333332,15,19,0.6211117120930513,0.41608620754493286,1.2316119119848623,0.09258942014686629,1.0094148648207732,0.10780328404908014,0.2231503847217652,52_t2_SPACE,Siemens,1.5,52
5.084908188957016e-16,2.0,1.9999999999999996,2.615535949324292,0.9411764705882353,17,22,0.6322037851561931,0.5758777109076189,1.734355561275412,0.06735398164986915,1.08824988312977,0.21679444515943133,0.12663859829750923,53_t1,Siemens,1.5,53
5.084908188957016e-16,2.0,1.9999999999999996,2.615535949324292,0.9411764705882353,17,22,0.6322037851561931,0.5758777109076189,1.734355561275412,0.06735398164986915,1.08824988312977,0.21679444515943133,0.12663859829750923,53_t2,Siemens,1.5,53
0.0,2.000000000000001,2.000000000000001,2.4682884418913034,0.875,16,19,0.6314069853149481,0.44088668589810087,1.2802177241027086,0.11284004669230972,1.010503769024166,0.1812590954621906,0.22921226210050302,55_t1,Siemens,1.5,55
5.429684479807406e-16,1.9999999999999991,1.9999999999999987,2.4673495205079115,0.9333333333333333,15,19,0.6453065797433563,0.41394255879891767,1.249856719839501,0.10751431586187335,1.010590214973382,0.14837257617728494,0.23442723755850137,55_t2,Siemens,1.5,55
0.0,1.9999999999999998,1.9999999999999998,2.468207177600856,0.8749999999999998,16,19,0.6258179421261362,0.4430354651150646,1.2662949577236435,0.11227763568442924,1.0109952252279288,0.17572236372473363,0.22287881599315318,55_t2_SPACE,Siemens,1.5,55
0.0,1.9999999999999991,1.9999999999999991,2.466881427782398,0.9333333333333331,15,19,0.6633405240541583,0.5152343811684547,1.6873547526495767,0.08795955331009121,1.0012172080601318,0.24105067894994536,0.18039330116614227,56_t1,Philips,3.0,56
0.0,1.9999999999999991,1.9999999999999991,2.466881427782398,0.9333333333333331,15,19,0.6633405240541583,0.5152343811684547,1.6873547526495767,0.08795955331009121,1.0012172080601318,0.24105067894994536,0.18039330116614227,56_t2,Philips,3.0,56
1.9081958235744878e-16,2.0,1.9999999999999998,2.6128022687644297,0.9411764705882353,17,22,0.6486957129623337,0.45028260181728613,1.3112041022287186,0.14542323013302885,1.0027211038543298,0.1418519764455102,0.23662641359947412,57_t1,Siemens,1.5,57
2.705229553573288e-16,1.9999999999999998,1.9999999999999996,2.4660566117534963,0.9333333333333332,15,19,0.6445825986195644,0.4133197426378062,1.2266545753774076,0.0820181900749277,1.002923349803112,0.14308361462374217,0.23816481098963346,57_t2,Siemens,1.5,57
3.382710778154774e-16,1.9999999999999991,1.9999999999999987,2.6131716175136193,0.9411764705882353,17,22,0.6475594820879631,0.45287322834341637,1.3074494874344602,0.14601876693234508,1.0033727463767985,0.1423983066346199,0.23366559280232632,57_t2_SPACE,Siemens,1.5,57
0.0,1.9999999999999996,1.9999999999999996,2.467322752956639,0.9333333333333332,15,19,0.6266904178727687,0.43322449011179576,1.212781117791111,0.08209997460657568,1.005454536973763,0.15744504882781388,0.18546298947100143,58_t1,Siemens,1.5,58
1.6237011735142914e-15,1.9999999999999991,1.9999999999999976,2.4679513079331055,0.9333333333333336,15,19,0.630760366874976,0.43843275346986077,1.2394933992516628,0.08216725100539127,1.005126085510304,0.1653093718033415,0.18631998578591866,58_t2,Siemens,1.5,58
1.4521705692145888e-27,1.9999999999999998,1.9999999999999998,2.3002632789412427,0.9230769230769227,13,16,0.6184812024183473,0.42333726545643263,1.2186660024313773,0.02251504656963439,1.0079990171697848,0.1503749335454916,0.18966767169427998,59_t1,Philips,3.0,59
1.4521705692145888e-27,1.9999999999999998,1.9999999999999998,2.3002632789412427,0.9230769230769227,13,16,0.6184812024183473,0.42333726545643263,1.2186660024313773,0.02251504656963439,1.0079990171697848,0.1503749335454916,0.18966767169427998,59_t2,Philips,3.0,59
8.326672684688674e-17,1.9999999999999996,1.9999999999999996,2.4675225573037594,0.9333333333333332,15,19,0.6774819325220419,0.45171565057434415,1.2672560552697834,0.14374699769113128,1.0025773888257097,0.17795602554517626,0.27379097271637426,5_t1,Siemens,1.5,5
8.326672684688674e-17,1.9999999999999996,1.9999999999999996,2.4675225573037594,0.9333333333333332,15,19,0.6774819325220421,0.45171565057434426,1.2672560552697838,0.14374699769113128,1.0025773888257097,0.17795602554517626,0.2737909727163743,5_t2,Siemens,1.5,5
2.8622937353617317e-16,2.000000000000001,2.0000000000000004,2.46853156005074,0.9333333333333331,15,19,0.6984706602249955,0.4522768610675151,1.2893192527154627,0.15233310225369476,1.0034932673051389,0.18418846467364214,0.31253437866566786,5_t2_SPACE,Siemens,1.5,5
0.0,1.9999999999999996,1.9999999999999996,2.4693713889386277,0.9333333333333336,15,19,0.6164088550757658,0.4712772221890658,1.2714996809957486,0.1153664392163844,1.0121901646797675,0.1590807863153202,0.16179533170420152,60_t1,Philips,3.0,60
0.0,1.9999999999999996,1.9999999999999996,2.4693713889386277,0.9333333333333336,15,19,0.6164088550757658,0.4712772221890658,1.2714996809957486,0.1153664392163844,1.0121901646797675,0.1590807863153202,0.16179533170420152,60_t2,Philips,3.0,60
2.654126918244515e-16,2.0000000000000004,2.0,2.6157080815123805,0.9411764705882355,17,22,0.6371701127165211,0.4670161994357606,1.2789359375701805,0.1632420621844284,1.0079540988090017,0.14922936356964145,0.20475712595299306,61_t1,Siemens,1.5,61
0.0,2.0,2.0,2.616071174634503,0.9411764705882353,17,22,0.6355808667592927,0.46743651107586875,1.2787495347971416,0.16059739178056062,1.0074208977691945,0.15043625687466358,0.20017308498885994,61_t2,Siemens,1.5,61
2.723515857283587e-16,1.9999999999999996,1.9999999999999993,2.615845570309519,0.9411764705882353,17,22,0.639578284631943,0.4563683282579117,1.2562941019336107,0.16283697389360896,1.0088546372617009,0.1397704705749162,0.21933338426798857,61_t2_SPACE,Siemens,1.5,61
0.0,2.000000000000001,2.000000000000001,2.6184126618697894,0.9411764705882353,17,22,0.7137897883416131,0.5427447726737391,2.0098796573650173,0.1637889723060099,1.0159093991973982,0.25123495717063343,0.26556834305532906,62_t1,Siemens,1.5,62
3.5388358909926865e-16,2.0000000000000004,2.0,2.6185098510411455,0.9411764705882355,17,22,0.7220609923575196,0.5710413717693249,2.202669486415979,0.16225666829009053,1.0166410538999242,0.27533368580200435,0.25904592295776113,62_t2,Siemens,1.5,62
6.106226635438361e-16,1.9999999999999996,1.999999999999999,2.7374525861215733,0.9473684210526314,19,25,0.6193991937949707,0.4702863509492562,1.3475118255761498,0.06470094150360457,1.021492492998354,0.13773479601452884,0.1698857242193249,63_t1,Philips,1.5,63
6.106226635438361e-16,1.9999999999999996,1.999999999999999,2.7374525861215733,0.9473684210526314,19,25,0.6193991937949707,0.4702863509492562,1.3475118255761498,0.06470094150360457,1.021492492998354,0.13773479601452884,0.1698857242193249,63_t2,Philips,1.5,63
0.0,2.0,2.0,2.465014919892205,0.9333333333333335,15,19,0.6807577007700502,0.5010532107136855,1.4326320132012638,0.1562523762951037,1.0229617493605347,0.190325907590758,0.2684405940593954,64_t1,Siemens,1.5,64
2.2964378748110287e-16,2.0000000000000004,2.0,2.295128604999088,0.9230769230769228,13,16,0.6822405448648694,0.4218965842714442,1.2495585892080003,0.06044419065391009,1.0058325876368173,0.20825976486800618,0.26992808233925236,64_t2,Siemens,1.5,64
0.0,1.9999999999999996,1.9999999999999996,2.743768788379161,0.9473684210526317,19,25,0.6242535755101329,0.5465407094567444,1.6679561537699106,0.11577345183307033,1.0419552474386375,0.1853284615299951,0.1325401978803213,65_t1,Siemens,1.5,65
5.551115123125783e-16,2.0000000000000004,2.0,2.7441010555590313,0.9473684210526314,19,25,0.6202934999458619,0.5364820125860318,1.572593116128746,0.11663663638958995,1.0432166399197185,0.17473256845875412,0.1347759314269884,65_t2,Siemens,1.5,65
9.693851624192895e-16,1.9999999999999996,1.9999999999999987,2.744720362181482,0.9473684210526315,19,25,0.632447487465942,0.5450142041583982,1.7278499694529132,0.1115255013966047,1.0506723910298057,0.19198332993921796,0.1431835880444744,65_t2_SPACE,Siemens,1.5,65
2.220446049250313e-16,1.9999999999999996,1.9999999999999993,2.7413668269694793,0.9473684210526317,19,25,0.6333559606819272,0.5726744427970948,1.8406254482856885,0.1575314398738092,1.0027103690556527,0.20451393869841644,0.13257086718569525,66_t1,Philips,1.5,66
0.0,1.999999999999998,1.999999999999998,2.7408710085530266,0.9473684210526314,19,25,0.6455750008855388,0.5910413559666966,2.0350766063580554,0.1550046740206888,1.0038808791925644,0.22611962292868018,0.13676093449639015,66_t2,Philips,1.5,66
3.469446951953614e-17,2.000000000000001,2.000000000000001,2.29795455973506,0.9230769230769234,13,16,0.6714664783219622,0.4513167644653125,1.4088805821190296,0.042475346854682315,1.0216909674329635,0.23481343035317767,0.22003060601111055,67_t1,Siemens,3.0,67
4.0939474033052647e-16,2.0000000000000004,2.0,2.2979527552645616,0.9230769230769231,13,16,0.669977957821974,0.45140386773971913,1.4044292863099772,0.04087631922154101,1.0217215441999041,0.23407154771833555,0.21754736089597804,67_t2,Siemens,3.0,67
0.0,2.000000000000001,2.000000000000001,2.612962129813847,0.9411764705882353,17,22,0.602128270333845,0.45229740691436376,1.2644155716445276,0.06272628297169042,1.013048397588028,0.13201725812201104,0.14750531633743905,68_t1,Siemens,1.5,68
2.0757824212902873e-16,1.9999999999999987,1.9999999999999984,2.6132219547734676,0.941176470588235,17,22,0.5994028964009189,0.45109605092967586,1.2264860920962788,0.059224699502065534,1.0136511668049788,0.12762643362490841,0.1461047212270726,68_t2,Siemens,1.5,68
0.0,2.0,2.0,2.4693689067729294,0.9333333333333332,15,19,0.6946148918781411,0.49224911581918107,1.6620502286130323,0.12485778316996678,1.0035644187541257,0.23743574694472483,0.25102473565132705,69_t1,Siemens,1.5,69
0.0,2.0,2.0,2.4693689067729294,0.9333333333333332,15,19,0.6946148918781411,0.49224911581918107,1.6620502286130323,0.12485778316996678,1.0035644187541257,0.23743574694472483,0.25102473565132705,69_t2,Siemens,1.5,69
3.6097241440265286e-16,1.9999999999999996,1.9999999999999991,2.4690592567281398,0.9333333333333331,15,19,0.6905516954399672,0.49146103400343083,1.6229327319167501,0.12294145362389779,1.0038708381337853,0.23184753313096998,0.24790609995470844,69_t2_SPACE,Siemens,1.5,69
8.382263292958164e-27,2.0000000000000004,2.0000000000000004,2.2958176685057072,0.9230769230769228,13,16,0.7230288909705082,0.5005022341056142,1.8641966174925004,0.06257126317416986,1.0034366282746343,0.310699436248759,0.25586316085405214,6_t2,Siemens,1.5,6
1.0847271343894551e-16,1.9999999999999996,1.9999999999999996,2.6146206753816292,0.9411764705882352,17,22,0.6184537183689821,0.5207575190994843,1.5470117581576102,0.10019568224548055,1.0080753336756585,0.19337646976970638,0.12083768176441577,71_t1,Siemens,1.5,71
0.0,2.000000000000001,2.000000000000001,2.6145150747832155,0.9411764705882353,17,22,0.623034103560293,0.5366869332882881,1.663576670529112,0.10263833351924244,1.0078353531627422,0.2079470838161445,0.11600038624951371,71_t2,Siemens,1.5,71
3.9811903773667723e-16,1.9999999999999987,1.9999999999999982,2.613744857971259,0.9411764705882352,17,22,0.6659250378024515,0.4553580757654989,1.3666736709392322,0.11651232687045268,1.0068677641678692,0.1644077887511376,0.2506829165791058,72_t1,Siemens,1.5,72
6.106226635438361e-16,1.9999999999999996,1.999999999999999,2.4692787951603736,0.9333333333333335,15,19,0.6310066209061339,0.42241877109118103,1.1999756828154635,0.06717606327834963,1.0172707800110452,0.1409070309823033,0.21125001381657782,73_t1,Siemens,1.5,73
0.0,2.000000000000001,2.000000000000001,2.4692297462064574,0.9333333333333336,15,19,0.6313087238785985,0.42227714756167367,1.201613590743142,0.06758931390227897,1.0170931668213143,0.14151857334397652,0.21128583496732867,73_t2,Siemens,1.5,73
4.56774375268143e-16,1.9999999999999991,1.9999999999999987,2.2982902690665266,0.9230769230769231,13,16,0.6321768790982122,0.40651267697622884,1.181513098108767,0.045618860874034155,1.0178039290913088,0.1605046045523164,0.20921196682718096,74_t1,Philips,3.0,74
4.56774375268143e-16,1.9999999999999991,1.9999999999999987,2.2982902690665266,0.9230769230769231,13,16,0.6321768790982122,0.40651267697622884,1.181513098108767,0.045618860874034155,1.0178039290913088,0.1605046045523164,0.20921196682718096,74_t2,Philips,3.0,74
2.3245294578089215e-16,2.0000000000000004,2.0,2.299604579517371,0.9230769230769232,13,16,0.6994979918512011,0.5690067495213545,1.912114301248968,0.09743425085625615,1.0101544994492315,0.31868571687483765,0.19689326546947683,75_t1,Philips,3.0,75
7.788908407135864e-16,2.0,1.9999999999999991,2.298373416113414,0.9230769230769231,13,16,0.7006337632806977,0.550541761205441,1.8198613613460108,0.0986146641175165,1.0113574196558464,0.30331022689101106,0.21472959355054638,75_t2,Philips,3.0,75
2.914335439641036e-16,1.9999999999999998,1.9999999999999996,2.296949290221503,0.9230769230769232,13,16,0.6693782938262717,0.46860201191940254,1.4399419607183024,0.0934626550044169,1.0069356006885262,0.2399903267863891,0.21032930983723194,77_t1,Siemens,1.5,77
0.0,2.0000000000000004,2.0000000000000004,2.467031157767314,0.9333333333333332,15,19,0.6445589960018895,0.4487257388736964,1.2865465776381362,0.061798086388008974,1.0133648076404074,0.18379236823402373,0.19740548034148506,78_t1,Siemens,1.5,78
0.0,2.0000000000000004,2.0000000000000004,2.467031157767314,0.9333333333333332,15,19,0.6445589960018895,0.4487257388736964,1.2865465776381362,0.061798086388008974,1.0133648076404074,0.18379236823402373,0.19740548034148506,78_t2,Siemens,1.5,78
5.759281940243e-16,1.9999999999999996,1.999999999999999,2.467299205016706,0.9333333333333335,15,19,0.6428402981252493,0.4519620605273325,1.2750041718093588,0.06154200122490179,1.0139364647540559,0.18214345311562682,0.19537147143850983,78_t2_SPACE,Siemens,1.5,78
5.681219383824043e-17,1.9999999999999996,1.9999999999999996,2.4687418337737865,0.9333333333333331,15,19,0.6622090196048637,0.4608596187541008,1.3545809806722438,0.11627421883447056,1.0030805941150038,0.18601328828318042,0.2330060394415541,7_t1,Siemens,1.5,7
0.0,1.9999999999999998,1.9999999999999998,2.469151428575431,0.9333333333333333,15,19,0.6564756591958735,0.4576138777526367,1.3676568567542196,0.11599158784259023,1.004509234861647,0.1829532238670629,0.22378033155269406,7_t2,Siemens,1.5,7
0.0,1.9999999999999996,1.9999999999999996,2.469092399571765,0.9333333333333335,15,19,0.6540858283702538,0.46160212079676066,1.441373046848589,0.11690421059897609,1.0051886982456193,0.17992761354274928,0.22168487582210775,7_t2_SPACE,Siemens,1.5,7
3.3124119452164147e-16,1.9999999999999998,1.9999999999999996,2.463600755013401,0.9333333333333332,15,19,0.6515029994783288,0.5322503510008559,1.5353579812206035,0.12202384995340244,1.0020248580622753,0.2193368544600928,0.17674100156493902,80_t1,Philips,3.0,80
0.0,2.0,2.0,2.464010299775564,0.9333333333333331,15,19,0.655777085399965,0.5391551319317971,1.597257345647046,0.12189008432390155,1.0020235583818402,0.22817962080672768,0.1770569907646677,80_t2,Philips,3.0,80
6.661338147750939e-16,2.0,1.9999999999999993,2.4669899820527417,0.9333333333333331,15,19,0.6533141282252546,0.48802007726284385,1.3808036215346229,0.13708823978874912,1.0062265976500422,0.19725766021923674,0.2027011859777711,81_t1,Siemens,1.5,81
9.020562075079397e-17,1.9999999999999996,1.9999999999999996,2.4674513507246694,0.9333333333333331,15,19,0.6458282437126756,0.48841713543546167,1.3618785248329779,0.13614578064950028,1.0069828236349125,0.1945540749761445,0.18936359012247955,81_t2,Siemens,1.5,81
4.475586568020162e-16,1.9999999999999987,1.9999999999999982,2.467544171747838,0.9333333333333335,15,19,0.6496856678785149,0.5000939420774949,1.4135506509126128,0.1440599090861822,1.0083945985666523,0.20193580727323546,0.19024776675218782,81_t2_SPACE,Siemens,1.5,81
0.0,2.0000000000000004,2.0000000000000004,2.4656248422692832,0.9333333333333332,15,19,0.6029852986649494,0.5285530124808986,1.3522376230489768,0.1237973931112933,1.1307042902503033,0.16749975232588465,0.12461160195617274,82_t1,Siemens,1.5,82
2.220446049250699e-16,2.0,1.9999999999999998,2.46573765839926,0.9333333333333331,15,19,0.6056990813377467,0.5230127546003578,1.330655898586663,0.121998383993268,1.124256973715547,0.16460910494502357,0.13331749792159958,82_t2,Siemens,1.5,82
4.336808689942018e-18,2.000000000000001,2.000000000000001,2.296009430034788,0.9230769230769231,13,16,0.5815059451030282,0.4450970283711085,1.2234508177838908,0.05889623851535066,1.0127395275723756,0.1135107118175531,0.14641883590570168,83_t1,Philips,3.0,83
4.336808689942018e-18,2.000000000000001,2.000000000000001,2.296009430034788,0.9230769230769231,13,16,0.5815059451030282,0.4450970283711085,1.2234508177838908,0.05889623851535066,1.0127395275723756,0.1135107118175531,0.14641883590570168,83_t2,Philips,3.0,83
0.0,2.0,2.0,2.6188955951626394,0.9411764705882353,17,22,0.624796390932915,0.49315958447441355,1.3679780749703836,0.1095032875561538,1.0448979993958802,0.1480239018765065,0.17966842885596968,85_t1,Siemens,1.5,85
1.955725535971242e-16,2.0000000000000004,2.0000000000000004,2.6188285455489564,0.9411764705882355,17,22,0.6263467934532905,0.5060314688002758,1.3621250077637759,0.11373790680839314,1.0446543034347535,0.16024512950042386,0.17074180658785051,85_t2,Siemens,1.5,85
1.9949319973733282e-16,1.9999999999999991,1.999999999999999,2.29750851039676,0.9230769230769231,13,16,0.6206907792273485,0.4477394444686302,1.317638195686942,0.06288147882194406,1.0065728543492172,0.15853658536585297,0.18629343629343148,86_t1,Philips,3.0,86
1.9949319973733282e-16,1.9999999999999991,1.999999999999999,2.29750851039676,0.9230769230769231,13,16,0.6206907792273485,0.4477394444686302,1.317638195686942,0.06288147882194406,1.0065728543492172,0.15853658536585297,0.18629343629343148,86_t2,Philips,3.0,86
2.2818780968087013e-16,1.9999999999999998,1.9999999999999996,2.299520038207542,0.9230769230769232,13,16,0.6549038636412041,0.4269484903259643,1.2088617893960776,0.06295234510121915,1.045491811917621,0.18586497688353648,0.23309339433909446,87_t1,Philips,3.0,87
2.2818780968087013e-16,1.9999999999999998,1.9999999999999996,2.299520038207542,0.9230769230769232,13,16,0.6549038636412041,0.4269484903259643,1.2088617893960776,0.06295234510121915,1.045491811917621,0.18586497688353648,0.23309339433909446,87_t2,Philips,3.0,87
1.2431786068599897e-16,2.0000000000000004,2.0000000000000004,2.2928661795325893,0.9230769230769232,13,16,0.6032442299075055,0.43693403090339356,1.1178476105125494,0.058750265426244334,1.006800780813088,0.16729334294453363,0.13973582185508837,88_t1,Siemens,1.5,88
9.020562075079397e-17,1.9999999999999987,1.9999999999999987,2.292912706525603,0.9230769230769227,13,16,0.6031837321556804,0.4369975788053379,1.1186725157352397,0.05919390937693794,1.0068285187015034,0.16722614279356535,0.13967194354376933,88_t2,Siemens,1.5,88
3.376267335752616e-16,1.9999999999999993,1.999999999999999,2.2951960535647737,0.9230769230769232,13,16,0.7049411864652492,0.47623482249197846,1.6979430306934133,0.034920523144780065,1.0057082636334087,0.2829905051155781,0.24438206555917627,89_t2,Siemens,1.5,89
1.1934897514720433e-15,1.999999999999999,1.9999999999999978,2.61347614025076,0.9411764705882352,17,22,0.6813772450269016,0.5671408252158652,2.1315633410883708,0.08847131947304646,1.0111753364407157,0.26644541763605545,0.18148122804615868,8_t1,Siemens,1.5,8
-4.9210404363114416e-32,2.0000000000000004,2.0000000000000004,2.6136463481983565,0.9411764705882352,17,22,0.6802770375975498,0.5595393752375731,2.088134665389271,0.08847131947304646,1.0111753364407157,0.2610168331736678,0.1845718717211734,8_t2,Siemens,1.5,8
1.6323747908941755e-15,1.9999999999999996,1.999999999999998,2.2967409278419715,0.9230769230769231,13,16,0.6098642930806676,0.41891184680293014,1.1273023430647522,0.04416493332694911,1.0051344218326244,0.14680177922566037,0.17457085578247933,90_t1,Siemens,1.5,90
3.516204900870027e-16,2.0000000000000004,2.0,2.2967544970110927,0.9230769230769231,13,16,0.6248897467027633,0.421230661009676,1.121408336705761,0.047535581157421056,1.0050717533594127,0.16948828634380977,0.18443949817887065,90_t2,Siemens,1.5,90
0.0,2.0,2.0,2.4663946208860783,0.9333333333333332,15,19,0.6664420209501639,0.5145098837471824,1.4065262092649726,0.03218329774175034,1.0618459216794465,0.2009323156092877,0.22715772928396089,91_t2,Siemens,1.5,91
0.0,2.0000000000000004,2.0000000000000004,2.3002269948591794,0.9230769230769229,13,16,0.6006398720565125,0.43900998167538025,1.1807333085344685,0.09518483258580808,1.0120427760506148,0.15713754310474784,0.14424884635104862,93_t1,Siemens,1.5,93
0.0,2.000000000000001,2.000000000000001,2.3003199619241066,0.9230769230769234,13,16,0.6003226737247046,0.4392213304636261,1.1793925949926893,0.09525012135624099,1.011967651037779,0.15663671597522483,0.1440624104283215,93_t2,Siemens,1.5,93
0.0,2.0000000000000013,2.0000000000000013,2.469993356554995,0.9333333333333332,15,19,0.6773877303899102,0.49076261587158754,1.3885570575290362,0.13109332443150717,1.0304080185423734,0.1983652939327247,0.25317984261711873,94_t1,Philips,3.0,94
0.0,2.0000000000000013,2.0000000000000013,2.469993356554995,0.9333333333333332,15,19,0.6773877303899102,0.49076261587158754,1.3885570575290362,0.13109332443150717,1.0304080185423734,0.1983652939327247,0.25317984261711873,94_t2,Philips,3.0,94
0.0,2.0,2.0,2.30077556812748,0.9230769230769232,13,16,0.6494741604572186,0.47826521929246385,1.373938988631066,0.101017110861595,1.0090817598375232,0.22898983143851606,0.17820418288548895,95_t1,Philips,3.0,95
0.0,1.9999999999999993,1.9999999999999993,2.2982148079690523,0.9230769230769231,13,16,0.6524211705804054,0.4730292194359877,1.353719414059269,0.09231541585511692,1.0082266228830326,0.22561990234321627,0.18795930058102583,95_t2,Philips,3.0,95
0.0,2.0000000000000013,2.0000000000000013,2.6171520137142834,0.9411764705882353,17,22,0.6488194592986204,0.515860538540163,1.4756336048127652,0.12651642338238944,1.0321966129567406,0.18445420060159998,0.19428715040799935,96_t1,Siemens,1.5,96
5.790647263073472e-16,2.0000000000000013,2.000000000000001,2.617373930498827,0.9411764705882353,17,22,0.6616021025529824,0.5429064589291698,1.732399382642717,0.13177812078409182,1.0286676475221388,0.21654992283034477,0.18935454509477506,96_t2,Siemens,1.5,96
0.0,1.9999999999999993,1.9999999999999993,2.4699163685631724,0.9333333333333332,15,19,0.6183809267006908,0.4980329831879232,1.304078561674189,0.05813936633214191,1.1392798695592434,0.14318021693181474,0.18192176885540642,97_t2,Siemens,1.5,97
3.0401028916493544e-16,1.9999999999999987,1.9999999999999984,2.616166966929561,0.9411764705882352,17,22,0.6802031890240845,0.5468257673988074,1.8442786329245342,0.1558529173490565,1.0096203373943045,0.2305348291155742,0.21489694756064953,98_t1,Siemens,1.5,98
8.153200337090993e-16,1.9999999999999991,1.9999999999999982,2.467683681643804,0.9333333333333331,15,19,0.6588573416840426,0.4678058605706607,1.4963778705636261,0.07665376155186905,1.008880049299995,0.2137682672233811,0.19806889352817736,98_t2,Siemens,1.5,98
0.0,2.0000000000000004,2.0000000000000004,2.4689176944947766,0.875,16,19,0.6345047924588685,0.4881979636137692,1.6305742918320967,0.08177479150399862,1.009603887539468,0.23293918454744988,0.19018779843875783,98_t2_SPACE,Siemens,1.5,98
3.131175874138137e-16,1.9999999999999996,1.9999999999999993,2.6109268635386487,0.9411764705882355,17,22,0.6837582525408399,0.60197643332132,2.298860680660812,0.08628759943252448,1.006653451992877,0.2873575850826088,0.16562870156671194,99_t2,Philips,3.0,99
2.572262530098571e-27,2.0000000000000004,2.0000000000000004,2.467423067444904,0.9333333333333331,15,19,0.6203086633444007,0.5059869221412211,1.3017397534879271,0.13099739041522585,1.0235074501058077,0.1618993181067998,0.16733353191694486,9_t1,Siemens,1.5,9
0.0,2.0000000000000004,2.0000000000000004,2.4675135097225107,0.9333333333333332,15,19,0.6302424286022429,0.5141600554908572,1.3277102366735871,0.12379184024214157,1.0252138474612051,0.17877953281880996,0.17173995704316833,9_t2,Siemens,1.5,9
