series,patient,vendor,field,modality,n_vertebrae,n_discs,voxel_volume_mm3,canal_volume_mm3,vert_vol_mean,vert_vol_std,vert_vol_cv,vert_vol_min,vert_vol_max,disc_vol_mean,disc_vol_std,disc_vol_cv,spine_length_mm,intervert_spacing_mean,intervert_spacing_std,intervert_spacing_cv,spine_tortuosity,spine_pca_ev1,spine_pca_ev2,canal_offset_from_axis_mm
100_t1,100,Philips,1.5,T1,8,8,1.0736860568178728,46986.64921846375,35145.90517311914,8770.831887094346,0.24955487257737058,20143.42411196011,44322.8341114986,6281.197643141658,2632.2744225874962,0.41907205793169344,225.08345420205148,32.15477917172164,2.0519437151854993,0.06381457960458507,1.0332518090165321,0.9871114946410177,0.012867982542223712,10.706280415530204
100_t2,100,Philips,1.5,T2,8,8,1.0736860568178728,46986.64921846375,35145.90517311914,8770.831887094346,0.24955487257737058,20143.42411196011,44322.8341114986,6281.197643141658,2632.2744225874962,0.41907205793169344,225.08345420205148,32.15477917172164,2.0519437151854993,0.06381457960458507,1.0332518090165321,0.9871114946410177,0.012867982542223712,10.706280415530204
101_t1,101,Siemens,1.5,T1,6,6,3.409525491468033,48527.77632006451,56857.81534996949,8132.477939370518,0.1430318398502228,41439.372823302474,66458.4708796949,11862.875693314441,3490.7550911813705,0.2942587599689981,169.1280622473096,33.82561244946192,1.7333086600168877,0.051242491545580804,1.0168925673420302,0.9913988033390304,0.008583166111511558,17.68909934969793
101_t2,101,Siemens,1.5,T2,6,6,2.403139625249732,48714.04334343732,56899.53743030878,8169.340334473128,0.14357481103390143,41285.93876179039,66444.40749852984,11800.216606517932,3452.137930208429,0.2925486917164999,169.0391633406535,33.8078326681307,1.7455323723418563,0.051631004845089326,1.016940928927279,0.9914089613472536,0.008572134149550081,17.669967681450967
104_t1,104,Siemens,1.5,T1,7,7,3.6750000417232265,49175.17555829849,42703.50048482389,8625.058111857843,0.20197543559509468,26709.90030324441,51674.17558667029,8907.15010112518,2848.253206872183,0.3197715514541584,208.25067208763204,34.70844534793867,2.2940713366406555,0.06609547945975071,1.0063315753883064,0.998310863353884,0.0016078643325458696,14.61601105192855
104_t2,104,Siemens,1.5,T2,7,7,2.552083501385293,53606.513946598076,43184.53409365523,8641.445365758816,0.20010509658429398,26735.62676051233,51820.055495628374,8945.781839070132,2845.1614757774555,0.31804503250359584,208.82954136737624,34.80492356122937,2.495679394178244,0.07170478020778011,1.0068980297407957,0.9979709522655164,0.0019703640689622674,14.750616558648101
105_t1,105,Philips,3.0,T1,7,7,1.353492197449313,34574.958183842704,25731.626877765306,4687.587692616829,0.18217222388947318,17286.802345822627,30457.63491920189,5679.446616525524,1557.1273204081772,0.2741688452317025,182.76308783598057,30.460514639330096,1.6824367482539797,0.05523336582194224,1.0103608371881814,0.9963371447128769,0.0033139649070514643,14.356180032482705
105_t2,105,Philips,3.0,T2,7,7,1.353492197449313,34574.958183842704,25731.626877765306,4687.587692616829,0.18217222388947318,17286.802345822627,30457.63491920189,5679.446616525524,1557.1273204081772,0.2741688452317025,182.76308783598057,30.460514639330096,1.6824367482539797,0.05523336582194224,1.0103608371881814,0.9963371447128769,0.0033139649070514643,14.356180032482705
106_t1,106,Siemens,1.5,T1,7,7,2.3394097917609598,40455.413528922276,44165.71745865516,7691.393300820069,0.17414849669361845,29378.308164934133,52559.51979149348,7974.379577315466,2616.78935534658,0.32814958580479064,200.23843807658685,33.37307301276447,1.3450953893737327,0.040304810672333304,1.0085998316573925,0.9965087279219799,0.002908317741291373,14.754716914775495
106_t2,106,Siemens,1.5,T2,7,7,2.3394097917609598,39100.89525949268,44207.49263350804,7719.383316790822,0.17461708088233832,29378.308164934133,52508.05277607474,7943.967250022573,2589.5875253271533,0.32598164667905305,200.2486514911794,33.3747752485299,1.346838686452497,0.04035498895146771,1.0086512765664601,0.9964986352759211,0.002906775242928804,14.858091891953068
107_t1,107,Siemens,1.5,T1,7,7,1.132965091983354,31224.517935061238,37279.892647400266,12546.170448000361,0.33653987597721635,8937.961610656681,46921.74928449061,8653.587372568858,4692.3948345149,0.5422485071785204,189.994287562424,31.665714593737334,4.463513094784412,0.14095728303968935,1.0194850766871801,0.9929931297757154,0.0069597641331265074,12.640117072618859
107_t2,107,Siemens,1.5,T2,7,7,1.132965091983354,31224.517935061238,37279.892647400266,12546.170448000361,0.33653987597721635,8937.961610656681,46921.74928449061,8653.587372568858,4692.3948345149,0.5422485071785204,189.994287562424,31.665714593737334,4.463513094784412,0.14095728303968935,1.0194850766871801,0.9929931297757154,0.0069597641331265074,12.640117072618859
107_t2_SPACE,107,Siemens,1.5,T2,7,7,0.19775390101131052,31470.555806939956,39173.663513033534,14063.390121469893,0.3590011466961848,8994.836187499459,54849.61524620012,8673.542599470655,4706.25488102611,0.5425989239175223,188.71007704743974,31.451679507906622,4.553578170241031,0.14478012752710168,1.0216279291143469,0.9925249738814732,0.007428612047751151,12.37244631050695
108_t1,108,Siemens,1.5,T1,7,7,2.33940980538789,58408.04461111945,41101.09087085984,14866.24947219827,0.36169963271553685,6489.522800146007,54803.01410101671,11652.266039236312,2856.970554048107,0.24518583290388957,185.8413302314484,30.973555038574734,4.159864671796176,0.1343037525554022,1.0041220869934786,0.9989977258191016,0.000848722372423475,16.663684626183603
108_t2,108,Siemens,1.5,T2,7,7,2.33940980538789,67613.6221953208,41202.68809669383,14847.688168994371,0.3603572692672305,6611.1721100261775,53153.73018821825,11743.168820245668,3071.9968730263627,0.2615986298119007,185.82972032331676,30.971620053886127,4.020777070173188,0.1298213352432904,1.0091774443155117,0.9979981387251395,0.0018406555648278551,16.697523410268044
109_t1,109,Philips,3.0,T1,7,7,0.5900167726712479,35482.4286749035,39944.72552661615,11496.22743721685,0.28780339045154646,13742.670669058705,49481.7566400742,6085.6858576623945,2259.8033648979394,0.37133092600438516,209.9207091338412,34.9867848556402,4.285849819783839,0.12249910465752387,1.0180434503945013,0.9930751359336626,0.006712179699005193,14.186794680763366
109_t2,109,Philips,3.0,T2,7,7,0.5900167726712479,35482.4286749035,39944.72552661615,11496.22743721685,0.28780339045154646,13742.670669058705,49481.7566400742,6085.6858576623945,2259.8033648979394,0.37133092600438516,209.9207091338412,34.9867848556402,4.285849819783839,0.12249910465752387,1.0180434503945013,0.9930751359336626,0.006712179699005193,14.186794680763366
10_t1,10,Siemens,3.0,T1,7,7,0.4296875026609167,45307.969030577704,44110.49134459068,8183.516429975061,0.1855231302241758,28615.46892720641,53738.867520287546,7055.0391061895925,2236.622400526397,0.3170248055129596,196.29841280508603,32.716402134181,1.5991890397538904,0.04888034549600523,1.0188423362777392,0.9942976769782002,0.0051813338030946045,20.669247414304415
10_t2,10,Siemens,3.0,T2,7,7,0.5848524660492873,45297.40834798335,44089.01960277324,8169.140913527588,0.1852874250125888,28606.30381940274,53640.32877617644,7048.307719416839,2238.098003332367,0.3175369311936376,196.23378755662287,32.70563125943715,1.5900226751780637,0.04861617445988448,1.0188836218110475,0.9942804513090767,0.005197036336165007,20.68058786845035
110_t1,110,Siemens,1.5,T1,7,7,1.1329650492000187,74340.63466830843,41549.38910146216,12824.017706573784,0.3086451566172892,13912.81080417623,51770.83792319486,10450.955170270629,4053.50466122299,0.38785973101802484,198.1401863334076,33.023364388901264,4.990764257671858,0.15112827992771272,1.0064006959608573,0.9974055574863184,0.0025878918394853672,18.98807135885994
110_t2,110,Siemens,1.5,T2,7,7,1.1329650492000187,74340.63466830843,41549.38910146216,12824.017706573784,0.3086451566172892,13912.81080417623,51770.83792319486,10450.955170270629,4053.50466122299,0.38785973101802484,198.1401863334076,33.023364388901264,4.990764257671858,0.15112827992771272,1.0064006959608573,0.9974055574863184,0.0025878918394853672,18.98807135885994
110_t2_SPACE,110,Siemens,1.5,T2,7,7,0.19775390101131052,74237.60545525001,42790.808366988706,13577.741482775524,0.31730509426996145,14090.163200956886,55294.56152347557,10480.843751370308,4092.9753851830023,0.39051964539090467,197.17208398946383,32.862013998243974,4.89655677123417,0.14900355076675523,1.0076493446286228,0.9969853944776966,0.003011720807481358,18.598230060791405
112_t1,112,Philips,3.0,T1,6,6,1.2895373965367238,45659.94013657232,25898.639226244715,6630.939585644076,0.25603428534284817,13181.65126739839,33391.281345921925,5406.385534980214,1636.9251703852121,0.30277625592805596,163.17614742728813,32.63522948545763,2.371794448895718,0.07267589308296184,1.0041282699062268,0.9983904173278083,0.0015660145756296157,15.100958521714213
112_t2,112,Philips,3.0,T2,6,6,1.2895373965367238,45659.94013657232,25898.639226244715,6630.939585644076,0.25603428534284817,13181.65126739839,33391.281345921925,5406.385534980214,1636.9251703852121,0.30277625592805596,163.17614742728813,32.63522948545763,2.371794448895718,0.07267589308296184,1.0041282699062268,0.9983904173278083,0.0015660145756296157,15.100958521714213
113_t1,113,Philips,3.0,T1,6,6,1.1282928416800835,34915.02198579018,37942.0436312109,11982.183641991212,0.3158022735531943,13928.775130540631,47476.30619221455,10175.697041498779,3525.6069373815544,0.34647326104570436,167.69997398217765,33.53999479643553,3.4776322609954673,0.10368613000683494,1.001316728773878,0.9995653175100907,0.00038165840541188933,13.91753460184983
113_t2,113,Philips,3.0,T2,6,6,1.1282928416800835,34915.02198579018,37942.0436312109,11982.183641991212,0.3158022735531943,13928.775130540631,47476.30619221455,10175.697041498779,3525.6069373815544,0.34647326104570436,167.69997398217765,33.53999479643553,3.4776322609954673,0.10368613000683494,1.001316728773878,0.9995653175100907,0.00038165840541188933,13.91753460184983
115_t1,115,Philips,3.0,T1,7,7,1.2895374289553145,35276.58590650158,23942.104564882495,8025.147044236605,0.3351897082601208,8605.083263418814,31957.316564370605,4842.949924258038,1957.833787441389,0.4042647184176561,175.8740238780116,29.312337313001933,2.7664151273240813,0.09437715927220237,1.0092208112291365,0.9967500474134877,0.003235874616660164,10.348266343316592
115_t2,115,Philips,3.0,T2,7,7,1.2895374289553145,35276.58590650158,23942.104564882495,8025.147044236605,0.3351897082601208,8605.083263418814,31957.316564370605,4842.949924258038,1957.833787441389,0.4042647184176561,175.8740238780116,29.312337313001933,2.7664151273240813,0.09437715927220237,1.0092208112291365,0.9967500474134877,0.003235874616660164,10.348266343316592
116_t1,116,Siemens,3.0,T1,7,7,5.418749907719253,54940.70531436551,33917.50388667415,5805.5156007815485,0.17116576798159686,23197.66835494612,40077.07431749159,4271.523141542119,1021.6349047041296,0.23917344489325562,191.30615202750366,31.88435867125061,0.8762075782886672,0.027480796690800075,1.0105441827411266,0.9958248498239936,0.0032364583846902152,15.53916243435244
116_t2,116,Siemens,3.0,T2,7,7,2.116699182702833,72016.45629309848,31657.655362101097,4787.607175926063,0.1512306303535475,22627.514263093286,36210.37291849736,5210.708616619317,702.6363857702211,0.1348446895550942,192.10715058396826,32.01785843066138,1.1371623227163978,0.03551650167807278,1.0120222809419162,0.9952972988676814,0.004087147437259529,21.479048075009512
117_t1,117,Philips,3.0,T1,6,6,1.2895374289553172,29204.15415355107,30119.94065101417,6076.688117968395,0.20174967103607439,19625.470131270973,35890.40572268439,4721.4263732150675,1134.9994563438165,0.2403933401953476,138.3638777908546,27.67277555817092,0.5381918943435019,0.019448424795435525,1.0188216893263184,0.9935033174108266,0.006414862659665304,15.320517916539323
117_t2,117,Philips,3.0,T2,6,6,1.2895374289553172,29204.15415355107,30135.844945971287,6091.260494991924,0.202126753237295,19625.470131270973,35894.274334971255,4721.211450310241,1135.1339338908772,0.240432767275451,138.4687177874909,27.69374355749818,0.5769175717643511,0.020832054378842422,1.019147157578883,0.9933838129857315,0.006534713551715798,15.291673482229605
118_t1,118,Siemens,1.5,T1,8,8,1.356217393479598,49188.64864411154,39747.68031375168,14461.802123829231,0.3638401539328436,5433.00687827927,52805.68043252163,7623.128441574635,3060.4328978253534,0.4014667890329798,223.11562846936448,31.873661209909212,5.039933818651296,0.1581222121080432,1.0157217601744644,0.9959045971238558,0.0038420202313676974,12.531548348820378
118_t2,118,Siemens,1.5,T2,8,8,1.356217393479598,51117.18977763953,40273.04502655085,14963.13994792785,0.37154230424003737,5022.073008054951,54015.42634750543,7948.112034487183,3065.189778332359,0.3856500468327559,223.84137361857066,31.977339088367238,4.932023416757269,0.1542349537894231,1.0177033389432648,0.9956421083208296,0.0041446743996308676,12.894281736953305
118_t2_SPACE,118,Siemens,1.5,T2,7,7,0.2029189057569561,47161.803319314466,44699.78823576531,9014.305473583712,0.20166327021591934,27698.83647363602,56109.7153875732,8498.852529818592,2722.0534897648718,0.32028482435883066,201.46688215338608,33.57781369223101,1.8703162851459632,0.055700954869584096,1.0132692249523676,0.9953446978411782,0.004470272632412214,13.482343223737363
11_t1,11,Siemens,1.5,T1,8,8,0.9916339040949238,62364.84786243385,39724.606289566625,12315.991806752012,0.3100343328005848,8790.8345598015,49022.41368283665,6913.547625111796,2747.109850523518,0.39735169257313074,223.30024301604553,31.90003471657793,3.7165583998126435,0.11650640611261473,1.0352785723291227,0.9870037394788064,0.012818461171131463,17.65783505863896
11_t2,11,Siemens,1.5,T2,8,8,0.9916339649525724,61800.611963774216,41720.64394471272,13264.247548278325,0.31793007715450167,8313.859162162367,50775.62554143152,8208.498053386156,3168.514876927092,0.3860042185938797,223.62654979458512,31.946649970655017,3.702699913128879,0.11590260376014813,1.0357007486485075,0.9870233156318844,0.012818872867518923,17.2027264069739
11_t2_SPACE,11,Siemens,1.5,T2,8,8,0.19127456682711255,58906.25452204537,40398.049249436895,12947.28238211614,0.32049276196910154,7730.935442018235,51264.644302735396,7970.8654767819935,3426.885222834955,0.4299263653133475,221.9117436694662,31.7016776670666,3.882264937114036,0.12246244434642896,1.036852607892076,0.9864142935807405,0.01348924212492973,17.35911389187724
120_t2,120,Siemens,1.5,T2,7,7,2.2005206979441594,46508.00495104981,27194.349145293632,9381.239383672522,0.34497017500033583,6295.68971681824,34689.008282391726,5195.1150077464545,1924.222179848097,0.3703906798941914,188.70617937116813,31.45102989519469,4.487546207869352,0.14268360122643575,1.0075500889947302,0.9979556202994149,0.0019808742119985148,12.652962285722865
121_t1,121,Philips,3.0,T1,6,6,1.4745908766733455,56855.80043189418,41537.50463986536,9732.28267245857,0.23430109143142508,24804.093136522344,51736.02090808433,7066.976776457009,1199.2953605188097,0.16970416041467457,174.4542920392082,34.89085840784164,1.6594730713063335,0.04756182985987553,1.002586401671378,0.9992257893478622,0.0007508266231743959,14.673674666769953
121_t2,121,Philips,3.0,T2,6,6,1.4745908766733455,56855.80043189418,41537.50463986536,9732.28267245857,0.23430109143142508,24804.093136522344,51736.02090808433,7066.976776457009,1199.2953605188097,0.16970416041467457,174.4542920392082,34.89085840784164,1.6594730713063335,0.04756182985987553,1.002586401671378,0.9992257893478622,0.0007508266231743959,14.673674666769953
122_t1,122,Siemens,1.5,T1,6,6,3.6750000417232283,32832.450372755324,30428.387845461377,5310.532916221311,0.17452560888838686,20396.250231563918,35518.875403255,5826.100066145224,2163.555337584082,0.3713556775579385,162.59772928906335,32.51954585781267,1.787202459199564,0.05495779267517782,1.0026595216344496,0.9989328842815651,0.0007237983305639373,12.088540337650407
122_t2,122,Siemens,1.5,T2,6,6,2.5520835013852943,34458.23143570424,30710.496813919937,5188.47169532375,0.16894782675648015,20799.48053629015,35443.335667238964,6333.845903188069,2231.564353723623,0.35232375208244926,162.8392158870981,32.56784317741962,1.7212945544589582,0.052852580535622855,1.002408336048832,0.9990720108615087,0.0005820087962639345,12.003556682158534
123_t2,123,Philips,1.5,T2,8,8,1.8230690423364941,48987.68823662394,22980.92469680297,8328.688971417972,0.36241748673308477,4430.057772877681,30658.552084972824,3956.0598218701925,1678.7840435439625,0.42435759799757217,202.26274727010565,28.894678181443663,4.265009088284234,0.1476053500701608,1.0052967946152003,0.9986241156616682,0.0008860553454265033,12.720390962928375
124_t2,124,Siemens,1.5,T2,6,6,2.3472219737109272,73888.20051044627,57731.88046173167,19229.93058761544,0.33309032087326373,15998.66497281368,70933.04804554422,12327.60980592979,3618.3675940962376,0.2935173688216063,179.21300635356636,35.842601270713274,5.449128365796928,0.15202937768072491,1.0020377097697908,0.9992461250686883,0.0006600202670937138,19.10563158227204
125_t1,125,Philips,3.0,T1,7,7,1.2895373965367318,45694.75764627909,26891.091769236624,7389.453966369226,0.27479189129920256,11456.250230832326,34674.371055476186,5582.591609235589,1754.3484049609651,0.31425340196089846,188.25029283939298,31.3750488065655,2.710960508986913,0.08640498141099995,1.0027995858734595,0.9993233347942333,0.0005601471064434813,13.150113022973784
125_t2,125,Philips,3.0,T2,7,7,1.2895373965367318,45694.75764627909,26891.091769236624,7389.453966369226,0.27479189129920256,11456.250230832326,34674.371055476186,5582.591609235589,1754.3484049609651,0.31425340196089846,188.25029283939298,31.3750488065655,2.710960508986913,0.08640498141099995,1.0027995858734595,0.9993233347942333,0.0005601471064434813,13.150113022973784
126_t1,126,Siemens,1.5,T1,7,7,2.339409791760997,41976.02989356757,45049.34595714387,12543.703618787293,0.27844363446963316,19737.600413087534,56517.801159153925,9696.185184051688,3049.715966715412,0.31452740524503164,200.9413543829158,33.49022573048597,3.775607464757098,0.1127375937991199,1.00225573880876,0.9994886784770509,0.0004801546417034133,18.899270542873918
127_t1,127,Siemens,1.5,T1,8,8,1.1329650715197173,62265.494400580625,30095.65929794795,11063.225448589215,0.36760202988286705,5340.797347143947,41130.03099138029,7203.816786624182,2002.60245209112,0.27799186339791576,216.6202235411317,30.945746220161674,3.1597766194786323,0.10210697770531957,1.0314258168074906,0.9926894858545914,0.0072754979786742785,13.067217250917855
127_t2,127,Siemens,1.5,T2,8,8,1.1329650624247742,62265.493900740745,30278.208052036483,11190.204925964033,0.3695794977936622,5340.797304270386,41230.86455176238,7203.816728795124,2002.6024360151123,0.2779918633979157,216.45119624989755,30.92159946427108,3.153302034169457,0.10197732616357764,1.0319886412153565,0.9925514884236915,0.007412271962237282,12.995222031223781
127_t2_SPACE,127,Siemens,1.5,T2,8,8,0.19775390101131052,63104.25858221424,30457.48729129664,11308.540995970347,0.37128936106300015,5630.449069594033,41182.249885605415,7223.134269101502,2023.801346953838,0.28018326554039014,215.8674708329549,30.838210118993555,3.2273996877241076,0.10465586929870696,1.0312965405968044,0.9924272530798657,0.007548850664573075,13.16015416949557
129_t1,129,Siemens,1.5,T1,7,8,1.132965116994461,59180.43288620567,45530.95471313511,11346.780272590195,0.2492102426597381,24525.295887579097,56192.80387269128,7463.974190759509,4008.290762128192,0.5370183041482067,204.8286978287478,34.1381163047913,2.004784755691959,0.05872569938347363,1.0061833824572612,0.9980673211873062,0.0015861248766210635,13.918241681883726
129_t2,129,Siemens,1.5,T2,7,8,1.132965116994461,59180.43288620567,45530.95471313511,11346.780272590195,0.2492102426597381,24525.295887579097,56192.80387269128,7463.974190759509,4008.290762128192,0.5370183041482067,204.8286978287478,34.1381163047913,2.004784755691959,0.05872569938347363,1.0061833824572612,0.9980673211873062,0.0015861248766210635,13.918241681883726
129_t2_SPACE,129,Siemens,1.5,T2,7,8,0.19775390101131052,59304.812882083934,46747.440167865716,12174.782216989644,0.2604374094767729,24853.512525200495,60453.96080086066,7535.511274986493,4033.297224252103,0.5352386954339469,204.20704992117885,34.03450832019647,2.0133122903350786,0.05915502793031979,1.0066175640318922,0.9979352077758413,0.0017024402895806018,13.74672389477197
12_t1,12,Siemens,1.5,T1,6,6,3.6750000942429315,38569.12598907956,38373.738484068985,5363.149223673639,0.13976092597545672,27669.075709555033,44313.15113638127,9281.825238026231,2309.4548433672176,0.2488147303081599,173.3101665927975,34.662033318559494,1.8415386530031985,0.053128408135365617,1.004100871006991,0.9984282715740416,0.0013810688718632707,15.463139868841072
12_t2,12,Siemens,1.5,T2,6,6,2.5520835378573126,41402.45123465918,37641.95614162643,4944.66844061619,0.13136056006260494,27309.845938611103,41507.086659711335,9247.04935216966,1934.0750686298206,0.2091559150352987,173.86190842833622,34.77238168566724,2.079526422180769,0.05980396858976505,1.0058672827959574,0.9973868756472998,0.002432470176293162,16.460592406509974
130_t1,130,Philips,3.0,T1,7,7,1.5535268876031467,38299.098360080374,38562.31020132284,11967.384298905345,0.3103388836515948,12493.463230104506,50171.15083514362,5918.0497121179305,2100.549215416526,0.35493943403602024,176.48820760830506,29.414701268050845,2.1292442884572624,0.07238707845377922,1.0361198732014603,0.9873265646421042,0.01087920012031072,18.107506924450743
130_t2,130,Philips,3.0,T2,7,7,1.5535268876031467,38299.098360080374,38562.31020132284,11967.384298905345,0.3103388836515948,12493.463230104506,50171.15083514362,5918.0497121179305,2100.549215416526,0.35493943403602024,176.48820760830506,29.414701268050845,2.1292442884572624,0.07238707845377922,1.0361198732014603,0.9873265646421042,0.01087920012031072,18.107506924450743
131_t1,131,Philips,3.0,T1,7,7,1.2513012444464116,48397.829532698306,27983.207244196365,9429.631112815592,0.33697463734329214,8130.955486412782,36236.432737923635,6200.91269551451,2040.9561013847435,0.3291380159022009,188.30405881093105,31.384009801821843,3.603519238717516,0.11482023047270114,1.0237064689881756,0.9913692289626219,0.008569029813949292,15.67928503692445
131_t2,131,Philips,3.0,T2,7,7,1.2513012444464116,48397.829532698306,27983.207244196365,9429.631112815592,0.33697463734329214,8130.955486412782,36236.432737923635,6200.91269551451,2040.9561013847435,0.3291380159022009,188.30405881093105,31.384009801821843,3.603519238717516,0.11482023047270114,1.0237064689881756,0.9913692289626219,0.008569029813949292,15.67928503692445
132_t1,132,Siemens,1.5,T1,8,8,5.41874988596834,43187.436591167665,44812.38421322242,16697.379993281313,0.37260637402894936,7412.849844004689,59757.97374245885,8420.7373227948,2946.6106111533363,0.3499231122168553,244.38272959389343,34.911818513413344,4.782877074457939,0.13699879519261735,1.0402606738615514,0.9834253916933106,0.016127340219780274,12.968452023396985
133_t1,133,Philips,3.0,T1,6,6,0.3490884527856125,31570.861493025226,35368.18750101832,9904.161839915107,0.2800302345046567,15209.783887869136,43303.37530269688,6011.535882603438,1298.8382880738943,0.2160576454067817,148.78056814214295,29.75611362842859,3.0636514128698153,0.10295872139162304,1.0449093929677904,0.9792034435800968,0.02058936989387981,11.877426999679363
133_t2,133,Philips,3.0,T2,6,6,0.3490884527856125,31570.861493025226,35368.18750101832,9904.161839915107,0.2800302345046567,15209.783887869136,43303.37530269688,6011.535882603438,1298.8382880738943,0.2160576454067817,148.78056814214295,29.75611362842859,3.0636514128698153,0.10295872139162304,1.0449093929677904,0.9792034435800968,0.02058936989387981,11.877426999679363
134_t2,134,Philips,1.5,T2,8,8,1.511055143929569,43689.137376435625,31165.701225440353,9550.680351592231,0.3064484345308351,16861.86435111006,43970.19363320653,5381.811776998151,2097.382225659901,0.3897167557259652,217.38366740913904,31.054809629877006,2.938690378357162,0.09462915449448761,1.005601720360448,0.9986486335342993,0.001224421188991623,14.251758429178919
136_t1,136,Siemens,1.5,T1,6,7,1.1329651124469997,57522.90468915907,52656.63070368047,5586.092937971066,0.10608527099665943,43070.80171478514,59690.26694927018,12573.6468179368,3373.1081782223455,0.26826808698095495,177.5666403156291,35.51332806312582,1.3494430209786068,0.03799821347472533,1.0089095376370585,0.9961913623460026,0.003788679398201486,14.118389499681776
136_t2,136,Siemens,1.5,T2,6,7,1.1329651124469997,57522.90468915907,52656.63070368047,5586.092937971066,0.10608527099665943,43070.80171478514,59690.26694927018,12573.6468179368,3373.1081782223455,0.26826808698095495,177.5666403156291,35.51332806312582,1.3494430209786068,0.03799821347472533,1.0089095376370585,0.9961913623460026,0.003788679398201486,14.118389499681776
136_t2_SPACE,136,Siemens,1.5,T2,6,7,0.19775390101131052,57504.06585947494,53698.16019857826,5900.5352348699735,0.10988337799748471,43392.34748330782,60833.25278300035,12628.366364681278,3441.3445092486745,0.27250908073692526,177.1358287887183,35.42716575774366,1.3478228483292511,0.03804489632356773,1.009635620397427,0.9960587012376535,0.00392587175134152,13.728117825551152
137_t1,137,Philips,3.0,T1,6,6,2.176116524108865,37527.12945825738,31589.232836138992,6204.957642367302,0.1964263480076811,21173.613779579257,37594.58907050476,5617.644806987035,1665.1035188956898,0.29640598081679964,163.34316078243694,32.66863215648739,1.6633530606592275,0.0509159077319373,1.0142221298845333,0.9936899210923156,0.00629107513457543,10.964743900556897
137_t2,137,Philips,3.0,T2,6,6,2.176116524108865,37527.12945825738,31589.232836138992,6204.957642367302,0.1964263480076811,21173.613779579257,37594.58907050476,5617.644806987035,1665.1035188956898,0.29640598081679964,163.34316078243694,32.66863215648739,1.6633530606592275,0.0509159077319373,1.0142221298845333,0.9936899210923156,0.00629107513457543,10.964743900556897
138_t1,138,Philips,1.5,T1,7,7,1.3349060693464059,44106.6314372746,41198.25251390288,11087.574047693663,0.26912728990026336,19265.36439280733,51192.31285336532,8305.594862606287,3235.3878039901956,0.38954317631796265,211.72999593184485,35.28833265530748,3.796483486648437,0.10758466611682911,1.001647219875976,0.9994955950943882,0.000325009053441298,13.901284893445379
138_t2,138,Philips,1.5,T2,7,7,1.3349060502513146,49264.70778452476,41261.18320981085,10961.765796892818,0.2656677522104147,19560.37835433251,51221.680054193195,8028.315687075729,3031.4560861743835,0.3775955261766989,211.87851434836722,35.31308572472787,3.825697410879211,0.10833653678958854,1.0015053843258377,0.9995253646458168,0.00027459390457638185,13.45599267625338
13_t1,13,Philips,1.5,T1,8,8,1.0940802020591716,37675.74583810963,37353.128938527436,10088.225016157632,0.2700771074026943,17297.407994555502,47137.35142551735,7211.219371797258,3956.6892596152575,0.5486851884008875,234.78624551992667,33.54089221713238,3.9627974210642614,0.118148241116912,1.029596137307335,0.9897306506126744,0.009939491509886577,15.76275450908312
13_t2,13,Philips,1.5,T2,8,8,1.0940802198434103,37675.74645052768,37353.129545701355,10088.22518014141,0.27007710740269436,17297.408275724316,47137.35219173349,7211.219489015398,3956.689323931115,0.5486851884008875,234.7862450984445,33.54089215692064,3.9627974123367427,0.11814824106880333,1.0295961376450042,0.9897306505043698,0.009939491606808865,15.762754553609595
140_t1,140,Philips,3.0,T1,9,9,1.428168090490882,65988.50662113121,29931.705525851292,11719.824948868478,0.3915521933337863,5302.788119992645,42179.51638455771,6600.199487531918,2608.993627287967,0.3952901169451137,232.86124943427546,29.107656179284433,4.2168996992710515,0.14487252677277723,1.04489085464628,0.9880679346778688,0.009837397106251143,16.433312919753693
140_t2,140,Philips,3.0,T2,9,9,1.428168090490882,65988.50662113121,29931.705525851292,11719.824948868478,0.3915521933337863,5302.788119992645,42179.51638455771,6600.199487531918,2608.993627287967,0.3952901169451137,232.86124943427546,29.107656179284433,4.2168996992710515,0.14487252677277723,1.04489085464628,0.9880679346778688,0.009837397106251143,16.433312919753693
141_t2_SPACE,141,Siemens,3.0,T2,7,7,0.1717331179412506,68557.57801332665,39975.667194825866,6136.177234234966,0.15349780666147408,30153.416047478604,46360.213853830304,8516.711451455314,2577.428288173036,0.3026318671078505,199.37159628468166,33.228599380780274,1.23902348483953,0.037287863704508255,1.0015644136504658,0.9993177185227954,0.0005830084731222502,17.856597239295862
142_t1,142,Siemens,1.5,T1,7,7,1.0462494622808267,48666.29373799265,52658.78168605629,8515.930110917721,0.16171908726806955,38296.91531732738,62350.19045516359,12388.63988286727,4551.888722188556,0.36742441181805374,200.35181549689102,33.39196924948184,1.3183489725296613,0.03948101900311369,1.0514704550724832,0.9809220074874669,0.01903842915628592,21.063806778181803
142_t2,142,Siemens,1.5,T2,7,7,1.0462494622808267,48666.29373799265,52658.78168605629,8515.930110917721,0.16171908726806955,38296.91531732738,62350.19045516359,12388.63988286727,4551.888722188556,0.36742441181805374,200.35181549689102,33.39196924948184,1.3183489725296613,0.03948101900311369,1.0514704550724832,0.9809220074874669,0.01903842915628592,21.063806778181803
142_t2_SPACE,142,Siemens,1.5,T2,7,7,0.19381396450213115,48763.399654771696,52384.95202004009,8406.818227999667,0.1604815486856501,37970.481413541514,61802.62174458157,12277.94852495472,4528.283492282528,0.36881434085494824,200.92633998685088,33.487723331141815,1.3604234615613016,0.04062454315177512,1.0517292401716807,0.98096834733171,0.018991256866985173,21.07976545312175
143_t1,143,Philips,1.5,T1,9,9,0.8009689627299033,57674.571130329416,39573.117555390665,14825.605762611354,0.3746383069734022,8458.232246427779,56735.835506009964,5769.557431646322,2852.347800454069,0.49437895960759465,233.81419193749002,29.226773992186253,4.096739060540911,0.14017075786386823,1.0208217907658084,0.9937528205744657,0.00602749505199139,16.738179691826808
143_t2,143,Philips,1.5,T2,9,9,0.8009689594842605,65671.44498811451,40492.807753624686,15914.819979087175,0.3930283144581936,8419.785702098547,57946.09937388883,5433.328438385954,2685.193378661954,0.4942078155428303,232.71763759163576,29.08970469895447,4.2248212816706365,0.14523424439153035,1.0173876791793561,0.9945334281509397,0.005318595761535505,16.02699573130519
144_t1,144,Philips,3.0,T1,6,6,1.2895373965367318,48738.06590210578,38083.69300901988,4813.108715751799,0.12638240505225473,29112.596264213258,42625.658642521674,6310.351249952498,2121.666797216382,0.3362200792280805,171.62606910557622,34.32521382111524,1.5341081985070522,0.044693332617163434,1.0045429472602745,0.9980026430690149,0.0019109025461092096,14.724913242151382
144_t2,144,Philips,3.0,T2,6,6,1.2895373965367318,48738.06590210578,38083.69300901988,4813.108715751799,0.12638240505225473,29112.596264213258,42625.658642521674,6310.351249952498,2121.666797216382,0.3362200792280805,171.62606910557622,34.32521382111524,1.5341081985070522,0.044693332617163434,1.0045429472602745,0.9980026430690149,0.0019109025461092096,14.724913242151382
145_t1,145,Philips,3.0,T1,8,8,1.438939528264804,56518.66679118497,31647.676249774035,10721.647724611863,0.33878151558404157,9771.838336446284,42070.274987878074,5126.941539207497,2677.6776961180567,0.5222758394337844,213.6434759297568,30.520496561393827,3.094276974870845,0.10138357246400419,1.0216986036093592,0.994371441807541,0.00365602528711089,15.3554988699581
145_t2,145,Philips,3.0,T2,8,8,1.438939528264804,56518.66679118497,31647.676249774035,10721.647724611863,0.33878151558404157,9771.838336446284,42070.274987878074,5126.941539207497,2677.6776961180567,0.5222758394337844,213.6434759297568,30.520496561393827,3.094276974870845,0.10138357246400419,1.0216986036093592,0.994371441807541,0.00365602528711089,15.3554988699581
146_t1,146,Siemens,1.5,T1,7,7,0.6806807162563102,66225.4689267252,47116.71917926178,9463.19834395646,0.20084586764100174,30682.363965969438,56967.53050492312,8626.850157730152,2390.803298923086,0.27713513683560526,198.00174090824868,33.00029015137478,0.6965871929015615,0.02110851721864129,1.0135210898075058,0.9930696054398104,0.006881180589690075,16.89509987484183
146_t2,146,Siemens,1.5,T2,7,7,0.6806807162563102,67613.37690717181,47707.550040972266,10183.2958487331,0.21345250049493747,30326.36795136739,58469.11216498454,8486.04648956742,2449.068650100603,0.2885994854153995,197.46776128149196,32.911293546915324,0.7542811461030271,0.02291861135767497,1.013093918783356,0.9932991739288332,0.006643579056277498,17.271964847686274
146_t2_SPACE,146,Siemens,1.5,T2,7,7,0.1760000911605898,65369.073858410455,46916.6460151204,9621.806109582718,0.2050829913647616,31555.408344364463,57246.845651440395,8741.52224202384,2444.6672139489874,0.27966149902316295,197.99613151780747,32.99935525296791,0.8154707277135147,0.02471171698469657,1.0163853052399638,0.9919538626566144,0.007983075459761483,17.35050084710485
147_t2,147,Philips,1.5,T2,8,8,1.049494962097591,55879.30976192414,30796.904915272764,7708.384338890767,0.250297371118868,15169.40018215858,39340.3186542282,4247.174924738689,1610.702750099573,0.379240972797534,203.04662345726797,29.006660493895424,2.7446334506045127,0.09462080100835847,1.0023124242553973,0.9989902487153446,0.0009767499320145563,13.160451816329543
149_t1,149,Philips,3.0,T1,6,6,1.138267154014804,33173.657936607444,32969.14927126945,4874.567329943656,0.14785238435592235,24948.539481696473,38396.027639227366,7813.065745157615,2228.273982495539,0.2851984170075996,167.35843246079517,33.47168649215904,0.4793362496919805,0.014320648282540158,1.0255669697977925,0.9892211160702444,0.010588171257523956,13.240286077315758
149_t2,149,Philips,3.0,T2,6,6,1.138267154014804,33173.657936607444,32969.14927126945,4874.567329943656,0.14785238435592235,24948.539481696473,38396.027639227366,7813.065745157615,2228.273982495539,0.2851984170075996,167.35843246079517,33.47168649215904,0.4793362496919805,0.014320648282540158,1.0255669697977925,0.9892211160702444,0.010588171257523956,13.240286077315758
151_t2,151,Philips,1.5,T2,6,6,1.7455927394233404,36996.09251933828,36058.418286144704,6352.507894103064,0.17617267190402006,24686.17252092488,42072.27620558135,8603.44474837117,2185.6360907715193,0.25404197442949306,181.1509095678618,36.23018191357236,1.9734207984867487,0.0544689729447096,1.0015032552098997,0.9993187511526226,0.0005430249007564007,14.867760804540037
152_t1,152,Siemens,1.5,T1,8,9,1.132965130258118,51196.42830610384,40125.09305322151,4695.717018903269,0.1170269440291341,32374.478597125722,47474.637853205924,8198.009797533268,3554.007514957449,0.43352076939776224,214.48481559288757,30.640687941841083,1.499890488505598,0.04895094037391003,1.0595491001633222,0.9859633977773427,0.009320143201245832,17.84111152155085
152_t2,152,Siemens,1.5,T2,8,9,1.132965130258118,51196.42830610384,40125.09305322151,4695.717018903269,0.1170269440291341,32374.478597125722,47474.637853205924,8198.009797533268,3554.007514957449,0.43352076939776224,214.48481559288757,30.640687941841083,1.499890488505598,0.04895094037391003,1.0595491001633222,0.9859633977773427,0.009320143201245832,17.84111152155085
152_t2_SPACE,152,Siemens,1.5,T2,8,9,0.19775390101131052,51177.91856612312,41326.6349525813,6813.360479592808,0.16486608424350008,32414.03966866492,56065.406229617656,8340.402611086029,3474.8692012887122,0.416630870633213,214.48402746090983,30.640575351558546,1.555632330171862,0.05077033679271182,1.06148309193441,0.9842052476285864,0.009237354864124754,17.81203830901719
154_t1,154,Siemens,1.5,T1,7,7,2.3394097976097106,45342.44069727141,47289.498051682014,15598.038225371618,0.3298414842196975,10454.822385517797,59912.28491678469,8640.777188171294,1660.083951542886,0.19212206441513724,194.03406216976302,32.33901036162717,3.7378448477560102,0.11558315501440578,1.0349458293618303,0.988274716409416,0.010672456616034281,12.084016403026432
154_t2,154,Siemens,1.5,T2,7,7,2.339409797609712,45248.864305367046,47289.498051682036,15598.03822537163,0.3298414842196976,10454.822385517802,59912.28491678472,8640.7771881713,1660.0839515428868,0.1921220644151372,194.03406216976305,32.339010361627174,3.7378448477560196,0.11558315501440604,1.03494582936183,0.988274716409416,0.010672456616034281,12.10451156529113
155_t1,155,Siemens,1.5,T1,7,7,2.3394098442972284,53551.430745807855,36130.17983673273,8152.321987202957,0.22563745943258362,20694.419482653284,45988.118719194914,5677.413490703045,2094.418802488435,0.3689036928379001,202.07889082288767,33.67981513714795,2.4450038662327787,0.0725955251299289,1.0238053661760687,0.9896116036823412,0.010363091963792422,15.13906960878643
155_t2,155,Siemens,1.5,T2,7,7,2.3394098442972284,53551.430745807855,36424.61127570785,7852.696415527863,0.2155876518787926,21227.80492715305,45988.118719194914,5677.413490703045,2094.418802488435,0.3689036928379001,202.10546937046104,33.68424489507684,2.4823858154552503,0.07369575370069735,1.0235598749485129,0.9897414485194256,0.010244491184654595,15.194550153028857
156_t1,156,Philips,3.0,T1,6,6,1.6471142906498857,40914.31897974316,47072.87931248309,6277.907497677884,0.13336569993951772,36137.687536858495,55046.55959351918,7530.057498754394,4414.593626869992,0.5862629372484417,162.59050386211894,32.518100772423786,1.7256355676943216,0.053066923548765174,1.0169715854617243,0.9905691999592873,0.009167307622572255,18.338770353821385
156_t2,156,Philips,3.0,T2,6,6,1.6471142906498857,40474.53946413964,48864.11610356483,7123.627809334392,0.1457844401449134,36348.51816606168,58169.48828859136,7887.755818873861,3857.949723631555,0.48910613008579,162.15639758400664,32.431279516801325,1.8246338701539708,0.0562615443264408,1.0161468833337128,0.9911633034261917,0.008610077207739103,16.334569041610116
159_t2,159,Siemens,1.5,T2,6,6,3.267244051557668,58901.87576148164,43343.80412863928,10525.148592347057,0.24282936867076593,23350.993236482653,54014.07866035137,10160.58445966909,2478.218014203114,0.24390506511114426,172.1534976869492,34.43069953738984,3.5451830078050968,0.10296575600656205,1.009032436531664,0.9959585582352404,0.0038222073284998413,17.230641193799148
15_t1,15,Philips,3.0,T1,6,6,0.6640256308438142,53804.66881601257,38855.68113070273,6977.200191152357,0.1795670539832328,26402.323107980894,46181.65457392559,6234.8686608079925,1606.874193528718,0.2577238240204119,160.3443889172013,32.06887778344026,1.8983170888136678,0.05919499589520176,1.0085080313738513,0.9958590154423479,0.003643497349171464,15.47492223959739
15_t2,15,Philips,3.0,T2,6,6,0.6640256308438142,53804.66881601257,38855.68113070273,6977.200191152357,0.1795670539832328,26402.323107980894,46181.65457392559,6234.8686608079925,1606.874193528718,0.2577238240204119,160.3443889172013,32.06887778344026,1.8983170888136678,0.05919499589520176,1.0085080313738513,0.9958590154423479,0.003643497349171464,15.47492223959739
160_t1,160,Philips,3.0,T1,6,6,2.6819958788214238,30872.45456111341,41006.375989240165,11187.39758735617,0.2728209288792408,17867.456544708326,49565.96583649873,7589.154338438356,1447.817181660114,0.19077450755308334,169.59307947468727,33.91861589493745,2.597476810326175,0.07657968173864323,1.0481783428642202,0.984268935584169,0.012990460184407956,14.748931367683952
160_t2,160,Philips,3.0,T2,6,6,2.6819958788214238,30872.45456111341,41006.375989240165,11187.39758735617,0.2728209288792408,17867.456544708326,49565.96583649873,7589.154338438356,1447.817181660114,0.19077450755308334,169.59307947468727,33.91861589493745,2.597476810326175,0.07657968173864323,1.0481783428642202,0.984268935584169,0.012990460184407956,14.748931367683952
161_t1,161,Siemens,1.5,T1,8,8,1.2507423098036239,54945.1096696732,46109.08427927677,16233.177345009486,0.35206028483859875,10408.677502185757,63761.59221147894,11374.719593720332,4299.9977153850705,0.37803109605959884,223.54327531460447,31.934753616372067,5.678098280515906,0.17780310280606326,1.0104565965494214,0.998231867263695,0.0014134990847846714,17.116285920118134
161_t2,161,Siemens,1.5,T2,7,8,1.1329650523594121,52569.57842947672,53229.28779425058,9684.777331874506,0.18194452214557716,36600.43601647081,66005.410985407,16566.49823686241,5497.805950545905,0.33186288809739567,203.93768620277754,33.98961436712959,2.4954954108482506,0.07341935050572847,1.0027486262003145,0.9987272714538856,0.0011914298782669244,18.926928781988956
161_t2_SPACE,161,Siemens,1.5,T2,7,8,0.19775390101131052,51940.65536232374,54206.91506791336,10592.082255846912,0.19540094179084683,36302.87013205234,67305.14470139751,16783.47245578043,5588.228219838285,0.3329601925085115,203.49185370582308,33.91530895097051,2.623720154107386,0.0773609392095762,1.002640040568416,0.998805287313436,0.0011228251509782222,18.578975950602203
162_t1,162,Siemens,1.5,T1,8,9,1.13296510729597,33629.80327986628,28947.400112050447,3670.1505576114478,0.1267868804592051,23700.497079524397,34427.41071540264,9213.901677590438,2435.139004924445,0.26428966686792377,165.12578188254366,23.589397411791953,2.605431197885563,0.11044924769772632,1.0112955171053704,0.9967423059141047,0.0021714377318935176,15.000519057647256
162_t2,162,Siemens,1.5,T2,8,9,1.13296510729597,33629.80327986628,28947.400112050447,3670.1505576114478,0.1267868804592051,23700.497079524397,34427.41071540264,9213.901677590438,2435.139004924445,0.26428966686792377,165.12578188254366,23.589397411791953,2.605431197885563,0.11044924769772632,1.0112955171053704,0.9967423059141047,0.0021714377318935176,15.000519057647256
162_t2_SPACE,162,Siemens,1.5,T2,8,9,0.19775390101131052,33904.510820587166,29257.29414682137,3740.8397414003575,0.12786007217986867,23955.907568510156,35050.69243084872,9313.088132193661,2476.2561062842888,0.26588990366407605,164.98444958944896,23.569207084206994,2.627741374893439,0.111490444519142,1.011475345744994,0.99678805419462,0.0021150777228657425,14.743624158603353
163_t1,163,Philips,1.5,T1,7,7,1.2136763632720695,54256.18814371459,35979.4357892005,7911.265963970708,0.21988299122648042,20400.685990240218,44842.91427017642,6599.105151785462,2338.014567641131,0.3542926675457203,190.73352133397324,31.788920222328873,2.3699314155819637,0.07455212064242267,1.0335505315972517,0.988955291965847,0.010638856598497792,15.779931734043284
163_t2,163,Philips,1.5,T2,7,7,1.1108444504611121,50151.294404967826,35819.814073375965,8513.181864795642,0.2376668356613011,19625.288906296468,45700.140691970155,6821.378386152987,2340.4297427742063,0.3431021723592996,189.91082787205534,31.651804645342555,2.507912442755907,0.07923442188455762,1.0313825013263371,0.9896769759655101,0.009863238141557025,15.347648161536396
165_t1,165,Siemens,1.5,T1,6,6,2.3394099821510244,40612.15729014178,52476.4750146207,6410.151369471834,0.12215285740297442,41229.761525429654,60735.761956604896,7925.531117863979,1898.214335858396,0.2395062624357908,177.7155286181697,35.54310572363394,0.6637908985665671,0.01867565833186356,1.0044858852502832,0.9983418677888677,0.0013100913130891637,16.257410999717216
165_t2,165,Siemens,1.5,T2,6,6,2.3394099821510244,48023.408113596226,51995.72626328867,6566.644783424196,0.1262920100427642,40188.72408337245,60052.654241816796,8325.180323148112,1840.8008672584556,0.2211124319001114,176.68329934063755,35.33665986812751,0.7006345892709502,0.019827414132116996,1.0033076230016387,0.9988329613796784,0.0009752482877113442,16.845814746560134
166_t1,166,Siemens,1.5,T1,8,8,1.1329650817104695,62776.462212495404,35617.872997543316,8178.323485275308,0.2296129105137515,21613.574863790625,47010.12013541251,7692.266422273232,3334.534313533878,0.43349178648807346,213.07196103711908,30.4388515767313,3.7428449923718214,0.12296275313849364,1.0230436013868252,0.9926904637687114,0.007249338682595663,12.895393287228785
166_t2,166,Siemens,1.5,T2,8,8,1.1329650817104695,62776.462212495404,35617.872997543316,8178.323485275308,0.2296129105137515,21613.574863790625,47010.12013541251,7692.266422273232,3334.534313533878,0.43349178648807346,213.07196103711908,30.4388515767313,3.7428449923718214,0.12296275313849364,1.0230436013868252,0.9926904637687114,0.007249338682595663,12.895393287228785
166_t2_SPACE,166,Siemens,1.5,T2,8,8,0.19775390101131052,62645.27177796699,36107.26680471453,8476.418010462503,0.23475656732221845,22086.539942250238,47182.30099618959,7729.408974928083,3336.855923886026,0.4317090652997361,212.53544490555225,30.362206415078894,3.695939575589008,0.12172829355483704,1.0235795430118861,0.9923740045934439,0.007564235815106676,12.745630054277246
167_t1,167,Philips,3.0,T1,7,7,1.2132139472734613,41518.607703592395,33898.23758448961,8684.100457098935,0.2561814736077062,16714.448551586476,43350.56076397532,5733.649114814378,3007.4261092910824,0.5245221758548301,190.02227566995734,31.670379278326223,1.931050443286306,0.060973391769477685,1.0160029620118842,0.9922742598483988,0.007585942525059898,14.991569713517706
167_t2,167,Philips,3.0,T2,7,7,1.2132139472734613,41518.607703592395,33898.23758448961,8684.100457098935,0.2561814736077062,16714.448551586476,43350.56076397532,5733.649114814378,3007.4261092910824,0.5245221758548301,190.02227566995734,31.670379278326223,1.931050443286306,0.060973391769477685,1.0160029620118842,0.9922742598483988,0.007585942525059898,14.991569713517706
168_t1,168,Philips,3.0,T1,6,6,1.3633417945308912,33617.28196954272,36068.343292476835,9275.522773349465,0.25716520157674955,17922.491230903095,44398.588880693,7517.921102308177,2223.649707075113,0.2957798674412937,172.20313226942136,34.44062645388427,2.3285704545277115,0.06761115270589048,1.0042443711671947,0.9985708418320937,0.0014052067679772291,12.165476798336119
168_t2,168,Philips,3.0,T2,6,6,1.3633417945308912,33617.28196954272,36068.343292476835,9275.522773349465,0.25716520157674955,17922.491230903095,44398.588880693,7517.921102308177,2223.649707075113,0.2957798674412937,172.20313226942136,34.44062645388427,2.3285704545277115,0.06761115270589048,1.0042443711671947,0.9985708418320937,0.0014052067679772291,12.165476798336119
169_t1,169,Philips,3.0,T1,7,7,1.7280770724707262,64802.89021765223,47160.70451664537,7989.376028563565,0.1694074783328045,35057.49956921362,54885.45589874274,10659.273119305859,3255.948218662819,0.30545687142263067,194.16760572007576,32.361267620012626,1.6783850618479235,0.05186400858902464,1.0242734134255698,0.9890253204897582,0.010943970952932737,18.420015826372335
169_t2,169,Philips,3.0,T2,7,7,1.7280770724707262,64802.89021765223,47160.70451664537,7989.376028563565,0.1694074783328045,35057.49956921362,54885.45589874274,10659.273119305859,3255.948218662819,0.30545687142263067,194.16760572007576,32.361267620012626,1.6783850618479235,0.05186400858902464,1.0242734134255698,0.9890253204897582,0.010943970952932737,18.420015826372335
16_t1,16,Philips,3.0,T1,7,7,1.2895373965369374,55225.72854409088,29789.971836655946,6418.391062545896,0.21545475429580574,19228.292119762275,37562.93482372445,6020.113225918654,2338.23228679675,0.38840337366570926,200.640838881687,33.4401398136145,1.4659439612874603,0.043837853831185006,1.0215700521236057,0.9907312926295369,0.009211933860462379,15.533914588320728
16_t2,16,Philips,3.0,T2,7,7,1.2895373965369374,55225.72854409088,29789.971836655946,6418.391062545896,0.21545475429580574,19228.292119762275,37562.93482372445,6020.113225918654,2338.23228679675,0.38840337366570926,200.640838881687,33.4401398136145,1.4659439612874603,0.043837853831185006,1.0215700521236057,0.9907312926295369,0.009211933860462379,15.533914588320728
170_t1,170,Philips,3.0,T1,7,7,1.2895373965367263,52273.977443409276,32652.37641770644,11950.37411620134,0.36598788288256506,7147.905789003074,42865.51259827732,6407.89554301907,2200.3881339463505,0.343387016716146,180.66476684002862,30.110794473338103,3.66748587710667,0.12179970476143635,1.008299097642811,0.997930960775435,0.001604050496562061,14.234835599030589
170_t2,170,Philips,3.0,T2,7,7,1.2895373965367263,52273.977443409276,32652.37641770644,11950.37411620134,0.36598788288256506,7147.905789003074,42865.51259827732,6407.89554301907,2200.3881339463505,0.343387016716146,180.66476684002862,30.110794473338103,3.66748587710667,0.12179970476143635,1.008299097642811,0.997930960775435,0.001604050496562061,14.234835599030589
171_t1,171,Siemens,1.5,T1,8,8,2.339409772785188,56845.31806890728,38636.22967621218,11008.781855325193,0.28493416535679394,14057.513324666195,50985.09658808039,9708.842983280128,3992.8150753518466,0.4112554999836308,210.02202296213426,30.00314613744775,3.7243685373033846,0.12413259996526715,1.0064488940019598,0.9984425350911991,0.0013728072374310657,15.113463334688818
171_t2,171,Siemens,1.5,T2,8,8,2.339409772785188,58506.29900758477,38404.62810870644,10304.482578959369,0.2683135623600283,15491.571515383515,49777.961145323236,9056.147656673062,3593.5333894627793,0.39680596272240237,209.56474704543302,29.93782100649043,3.514678293114846,0.11739926871215761,1.0063712584402655,0.9982935705389164,0.0015812712287833753,14.669459022585706
172_t1,172,Philips,3.0,T1,6,6,1.0375921987414587,40268.95323315601,29873.31699396534,6517.729969419513,0.21817898463488103,17922.330048861215,35776.1790126055,4778.803803336911,1317.3863309017388,0.27567282213627753,158.19247833993546,31.638495667987094,2.2821170260477444,0.072131021965268,1.0121665997170761,0.996398770736033,0.003065483651061688,12.791578901768084
172_t2,172,Philips,3.0,T2,6,6,1.0375921987414587,40268.95323315601,29873.31699396534,6517.729969419513,0.21817898463488103,17922.330048861215,35776.1790126055,4778.803803336911,1317.3863309017388,0.27567282213627753,158.19247833993546,31.638495667987094,2.2821170260477444,0.072131021965268,1.0121665997170761,0.996398770736033,0.003065483651061688,12.791578901768084
173_t1,173,Siemens,1.5,T1,6,6,3.675000093877328,48267.45123298482,43344.78860723614,11071.949861051764,0.255439009320791,21087.15053866811,52343.02633709478,9867.375252060625,3140.248335530757,0.31824555723414427,177.85289332312075,35.57057866462415,3.5325968998300765,0.09931232587014455,1.0033176962515813,0.9983863881515866,0.0016062881863511207,17.356520182047127
173_t2,173,Siemens,1.5,T2,6,6,2.5520835376034214,49768.18106680432,43256.96526786546,11141.312813086275,0.2575611290365445,20687.189155813336,51707.76455538292,9850.191760636671,2654.219910655545,0.2694587044753856,178.0150299141318,35.60300598282636,3.708600585977893,0.10416537827347012,1.003371224438647,0.9985223044832008,0.001472861469301774,17.15741437094037
174_t1,174,Philips,3.0,T1,6,6,0.3769159680437831,32767.18968188628,38775.85840578426,9698.598075667542,0.25011949378844794,20595.442325848395,48097.86976609912,10356.331595955007,2668.145735064157,0.25763425111899935,184.93905488293512,36.98781097658703,2.0979920312413642,0.056721173159251154,1.0071853475525652,0.996756066605787,0.003240752735637464,14.482240528501872
174_t2,174,Philips,3.0,T2,6,6,0.3769159680437831,32767.18968188628,38775.85840578426,9698.598075667542,0.25011949378844794,20595.442325848395,48097.86976609912,10356.331595955007,2668.145735064157,0.25763425111899935,184.93905488293512,36.98781097658703,2.0979920312413642,0.056721173159251154,1.0071853475525652,0.996756066605787,0.003240752735637464,14.482240528501872
175_t1,175,Philips,3.0,T1,6,6,1.4005310648966127,42842.245275187386,32101.339116651114,5844.827945059999,0.18207427184955277,23149.377971676113,38762.49828314355,4940.606753266951,1374.0860177094069,0.27812090423924574,165.79533731157898,33.1590674623158,1.592125998812854,0.04801480019226231,1.016140549406301,0.9927847249489953,0.007019249488798141,11.92471813497894
175_t2,175,Philips,3.0,T2,6,6,1.4005310648966127,42842.245275187386,32101.339116651114,5844.827945059999,0.18207427184955277,23149.377971676113,38762.49828314355,4940.606753266951,1374.0860177094069,0.27812090423924574,165.79533731157898,33.1590674623158,1.592125998812854,0.04801480019226231,1.016140549406301,0.9927847249489953,0.007019249488798141,11.92471813497894
177_t1,177,Siemens,1.5,T1,9,9,1.1329650588384454,51734.58348173994,28986.029835335863,8906.022558523011,0.3072522387203811,11756.778415566549,40023.123668526925,4224.44904938895,1433.7840806214047,0.33940143764509517,215.61542054933852,26.951927568667315,2.6107749104024687,0.09686783639700525,1.0227563196638627,0.9938672299343655,0.005136746301367673,16.594381531365077
177_t2,177,Siemens,1.5,T2,9,9,1.1329650588384454,51734.58348173994,28986.029835335863,8906.022558523011,0.3072522387203811,11756.778415566549,40023.123668526925,4224.44904938895,1433.7840806214047,0.33940143764509517,215.61542054933852,26.951927568667315,2.6107749104024687,0.09686783639700525,1.0227563196638627,0.9938672299343655,0.005136746301367673,16.594381531365077
177_t2_SPACE,177,Siemens,1.5,T2,9,9,0.19775390101131052,51815.67489688459,29172.809285778203,9230.8597828414,0.3164199817856124,11526.679382147267,41340.84851421649,4282.338753744261,1448.2488588334552,0.3381911011983442,215.2361166412903,26.904514580161287,2.627274869252957,0.09765182201401217,1.0231152335538696,0.9937809306326847,0.00518059466391816,16.567734388116765
179_t1,179,Siemens,1.5,T1,7,7,2.3394097899994093,51017.84870030712,55293.287192230324,22643.554698843807,0.40951724610117257,3670.533960509073,75497.43274286094,12013.871875842682,4209.322907465481,0.35037188268414743,195.11889914415895,32.51981652402649,6.028147912239492,0.1853684478078273,1.014332242970426,0.9949959728979272,0.004180323952203335,15.889065303246884
179_t2,179,Siemens,1.5,T2,7,7,2.3394097899994093,50905.55703038714,55293.287192230324,22643.554698843807,0.40951724610117257,3670.533960509073,75497.43274286094,12013.871875842682,4209.322907465481,0.35037188268414743,195.11889914415895,32.51981652402649,6.028147912239492,0.1853684478078273,1.014332242970426,0.9949959728979272,0.004180323952203335,15.881222369452725
17_t1,17,Philips,3.0,T1,6,6,1.1756713700196564,44186.43277081876,53254.77793823706,12458.992665153972,0.23395070165541246,27256.765042535713,63278.160148567964,10946.676126253022,3254.9064359875147,0.2973419875080703,178.5122336119196,35.702446722383925,2.6620600752062233,0.07456239892552412,1.0101949315385599,0.9957221108340408,0.004265699166173136,11.445834699824504
17_t2,17,Philips,3.0,T2,6,6,1.1756713700196564,44186.43277081876,53254.77793823706,12458.992665153972,0.23395070165541246,27256.765042535713,63278.160148567964,10946.676126253022,3254.9064359875147,0.2973419875080703,178.5122336119196,35.702446722383925,2.6620600752062233,0.07456239892552412,1.0101949315385599,0.9957221108340408,0.004265699166173136,11.445834699824504
180_t1,180,Siemens,1.5,T1,8,8,2.339409858394169,54798.33652302501,32033.53919099136,8361.039788134829,0.26100892999315867,15877.574708921224,41634.477249841024,3924.944889920817,1442.6643601073445,0.36756295962567814,209.43207185917794,29.91886740845399,2.553191754301018,0.08533717935774003,1.0334303245422665,0.9854525906496304,0.013413633409257797,11.535647339582225
181_t1,181,Siemens,1.5,T1,7,7,1.8667979179820589,32571.890072950962,33830.37855508773,8851.088257957294,0.261631369082801,15615.764583919923,45232.513552705284,6578.062492135067,3468.8050090344705,0.5273292877927737,168.62245633867127,28.10374272311188,2.6561877197654935,0.09451366481114956,1.0259865274115834,0.9886623369898164,0.009046857143660719,12.882911315694333
181_t2,181,Siemens,1.5,T2,7,7,1.1103359664494994,32704.945891770003,33818.930104966406,8843.986486887437,0.26150994308327963,15590.22730491742,45154.03274760179,6579.850937179733,3462.492382065889,0.526226568827023,168.59979637595887,28.099966062659814,2.658038868339307,0.09459224478483648,1.0260417771859465,0.9886551244054138,0.009038521636482933,12.931761741942884
182_t1,182,Siemens,1.5,T1,9,9,3.6749998331069857,52655.397608756895,30778.531935585794,12201.47436330172,0.39642808139247593,3072.2998604774402,43376.023030161756,5388.366421964421,3358.6285165602526,0.6233110842033612,221.081481938827,27.635185242353376,4.468496754421637,0.1616959218862616,1.014901166001832,0.9968283812819886,0.002914636724055662,13.419641375178324
182_t2,182,Siemens,1.5,T2,9,9,2.5520833565128944,49923.85462010524,30916.2213456146,12568.31319792715,0.40652811536780936,2245.833353731347,43426.25039442341,5078.078749825879,2713.3434722149673,0.5343248117819106,226.8280379281038,28.353504741012976,2.9230489604813914,0.1030930386588204,1.0498381185409442,0.9928634042443443,0.00669137093949171,13.009712129860269
183_t2,183,Siemens,1.5,T2,7,7,2.6916607202747453,63501.65971272179,34622.447321934014,11803.29002406829,0.3409143759918534,8325.306607809787,44498.53502758209,6507.282052744216,1462.8001401247152,0.22479433475725952,191.07853465566998,31.846422442611665,4.036048536248283,0.1267347546932358,1.006555850982181,0.998164644996725,0.0017412320351891503,16.077414865342362
184_t1,184,Philips,1.5,T1,7,7,0.952979455234156,37825.660537154115,31610.736949883485,7622.259946307815,0.24112882779013062,17479.54916790489,39540.070577120365,7753.713127629445,3339.557256260976,0.43070425759761805,193.1537412633966,32.1922902105661,3.099209882780129,0.09627180490770551,1.0023820789473248,0.9989497085162603,0.0010357963988422353,15.047444383947582
184_t2,184,Philips,1.5,T2,7,7,0.9529794618245379,43305.29270423065,31500.327690840746,8629.829725874519,0.2739599984664132,16207.321707249916,40621.70253973275,7824.91436104128,3342.2802740913926,0.42713314419535703,192.58574297140848,32.09762382856808,3.2056887553831146,0.09987308631955676,1.0021091148919965,0.9991158479629773,0.0008345847926010183,15.109181592420919
185_t1,185,Siemens,1.5,T1,8,8,1.1329650973310994,44577.644719589436,37055.181335222434,13931.383512699264,0.3759631719695985,6033.039143288104,52659.08475885217,8644.382071999122,3482.298506786979,0.40283949480512155,219.23781917269162,31.31968845324166,4.33349847468286,0.1383633965904271,1.0176702432805693,0.9962734066918132,0.003379159313606974,11.219641495714058
185_t2,185,Siemens,1.5,T2,8,8,1.1329650973310994,44577.644719589436,37055.181335222434,13931.383512699264,0.3759631719695985,6033.039143288104,52659.08475885217,8644.382071999122,3482.298506786979,0.40283949480512155,219.23781917269162,31.31968845324166,4.33349847468286,0.1383633965904271,1.0176702432805693,0.9962734066918132,0.003379159313606974,11.219641495714058
185_t2_SPACE,185,Siemens,1.5,T2,8,8,0.19775390101131052,44435.30155724147,37957.77365266549,14375.695144001866,0.3787286176356655,6239.135576906847,52544.00251430925,8682.78053170361,3498.614253131941,0.40293708223500263,218.7582581751729,31.251179739310412,4.415409604547186,0.1412877734932937,1.0179271081024435,0.9961665022216494,0.003536783047791635,11.00221874886028
186_t1,186,Philips,3.0,T1,7,7,0.1747232513554512,40445.98656326797,36641.78713243469,6917.108048184989,0.18877649234695468,21351.00659238478,43684.30730388991,5252.655184569971,1155.8826006730646,0.22005682079956962,174.70274116927743,29.117123528212904,1.8609707497330152,0.06391327590673312,1.0868511472011868,0.9600183733200575,0.03727495373129174,18.133742725133736
186_t2,186,Philips,3.0,T2,7,7,0.1747232513554512,40445.98656326797,36641.78713243469,6917.108048184989,0.18877649234695468,21351.00659238478,43684.30730388991,5252.655184569971,1155.8826006730646,0.22005682079956962,174.70274116927743,29.117123528212904,1.8609707497330152,0.06391327590673312,1.0868511472011868,0.9600183733200575,0.03727495373129174,18.133742725133736
187_t1,187,Philips,1.5,T1,8,8,1.2088957514743033,43130.98262110019,30801.454851813774,12236.512261152762,0.3972705938736464,2960.585695360569,42846.89211950373,4629.164056332976,1792.9464343019633,0.3873153797279483,222.59063535325413,31.79866219332202,5.446972346108431,0.17129564485518026,1.0064943231625914,0.9982598534817019,0.0016789564619241885,13.05685660676041
187_t2,187,Philips,1.5,T2,8,8,1.2088957189054526,48335.27752899671,31170.469440187913,12607.696464886585,0.4044756685194849,3031.910463014875,43161.20385208137,4803.698251035679,1752.6430232659152,0.36485285537818274,223.21043017770347,31.887204311100497,5.166551278892669,0.1620258467416686,1.008227968045554,0.9978113681200813,0.0021646144409771277,12.1429155033257
188_t1,188,Philips,3.0,T1,7,7,1.2142261962818641,53747.72257841672,66996.66498870369,25923.049598238922,0.3869304479948281,12547.813512376784,92051.7021663244,20313.13695936967,6331.104124897482,0.31167535263315765,219.70674387225517,36.61779064537586,4.933579012795823,0.13473174994199466,1.0075586481942207,0.9976264182792224,0.0023406657597220483,20.951848638569643
188_t2,188,Philips,3.0,T2,7,7,1.2142261962818641,53747.72257841672,66996.66498870369,25923.049598238922,0.3869304479948281,12547.813512376784,92051.7021663244,20313.13695936967,6331.104124897482,0.31167535263315765,219.70674387225517,36.61779064537586,4.933579012795823,0.13473174994199466,1.0075586481942207,0.9976264182792224,0.0023406657597220483,20.951848638569643
189_t1,189,Philips,1.5,T1,8,8,1.2741222096671234,51477.08551497112,30994.933933467277,6601.654474780443,0.2129914033354976,20039.394113644517,38804.66601762191,5124.838057833587,2046.082460105477,0.39924821760514595,211.66022090168804,30.237174414526862,1.6931034357676826,0.055994102243173555,1.010496582217191,0.9969796098086323,0.002935824013269867,12.064040570486585
189_t2,189,Philips,1.5,T2,8,8,1.2741222342906744,50595.39392368268,31527.35836112631,6772.919152499007,0.2148267252498357,19998.622589426424,39375.473528519,4985.640302779409,1949.0876289822543,0.3909402826143074,211.7667373819018,30.2523910545574,1.703396852086401,0.056306189119338546,1.0101725519046232,0.9971266862789648,0.0027435535595259236,11.874511083927176
18_t1,18,Siemens,1.5,T1,8,8,1.1329651192681947,64159.81470415786,33522.59681082707,8960.46636199897,0.2672963079967799,14633.377480468002,43354.04325391674,7144.1948008254185,2276.6343302639157,0.3186691283950658,228.86089519082938,32.69441359868991,3.265829913968343,0.099889539355412,1.0550027287237047,0.9731212094340702,0.025518168029092392,16.234332956766487
18_t2,18,Siemens,1.5,T2,8,8,1.1329651192681947,64159.81470415786,33522.59681082707,8960.46636199897,0.2672963079967799,14633.377480468002,43354.04325391674,7144.1948008254185,2276.6343302639157,0.3186691283950658,228.86089519082938,32.69441359868991,3.265829913968343,0.099889539355412,1.0550027287237047,0.9731212094340702,0.025518168029092392,16.234332956766487
18_t2_SPACE,18,Siemens,1.5,T2,8,8,0.19775390101131052,64411.01636009698,34263.434150922694,7980.359285405842,0.2329118339467646,18972.31150912412,43531.763983520796,7225.260123537373,2197.8128369400533,0.3041845967289181,230.17541495446318,32.882202136351886,2.904109159786748,0.08831857269339886,1.0598418733790214,0.9706116860401145,0.028207515746693976,16.05385320279932
190_t1,190,Siemens,1.5,T1,8,8,2.3394099366333587,47808.18146503932,23169.223586174703,7687.984337485511,0.33181881597761753,6419.340866121936,29778.349083406025,4276.148937923701,1839.121596953304,0.4300882929128904,201.62241253616628,28.803201790880898,4.375803302918766,0.1519207251518901,1.0052843308455863,0.9986542243669095,0.0013085310105649425,12.35481536772956
190_t2,190,Siemens,1.5,T2,8,8,2.3394099366333583,47808.181465039306,23169.223586174703,7687.984337485509,0.3318188159776174,6419.3408661219355,29778.349083406018,4276.148937923699,1839.1215969533039,0.4300882929128905,201.62241253616622,28.803201790880888,4.375803302918755,0.15192072515188978,1.005284330845586,0.9986542243669095,0.0013085310105649388,12.354815367729556
191_t1,191,Siemens,1.5,T1,8,8,1.0788674107449492,48614.844395578155,33809.68177635156,7988.339865678462,0.23627373716559888,17134.57221745128,44110.572955717995,6406.314685003508,1705.7020859580764,0.26625324696438574,219.3260655048614,31.332295072123056,3.56425001935422,0.1137564296211306,1.0058052931860886,0.9985066130083464,0.001320711156676241,14.891904667150841
191_t2,191,Siemens,1.5,T2,8,8,1.0788674107449492,48004.205441096514,34879.1090972525,8610.96234452384,0.24688022622693356,17461.469042907003,45129.02379146122,6444.614478084954,1841.174558456325,0.2856919626017959,218.7407654975381,31.248680785362584,3.572763421340964,0.11433325604260947,1.0064482206745258,0.99852747826606,0.0013426975420879747,14.442272756957513
191_t2_SPACE,191,Siemens,1.5,T2,8,8,0.1953093272857132,46548.85320931317,34726.657560379404,8826.016536276746,0.2541568108284149,16757.930899768766,44187.17282377433,6693.348300745035,2108.068043844313,0.31494970067661787,219.5735509279145,31.367650132559216,3.6074003135314525,0.11500384307309057,1.0072259429961787,0.9982520490880761,0.0016568383404877733,14.886379939104728
192_t1,192,Philips,3.0,T1,6,6,1.2895374613738781,40093.00921157525,39136.38733814606,6888.7617595509355,0.17601935763846846,27549.678324791534,45711.52393078123,4359.926156905082,542.9162015696628,0.12452417358254762,157.15914502107924,31.43182900421585,1.6355912309887584,0.05203614561269552,1.0157139356949343,0.9924309047305666,0.007161175446976696,12.41381385500836
192_t2,192,Philips,3.0,T2,6,6,1.2895374613738781,40093.00921157525,39136.38733814606,6888.7617595509355,0.17601935763846846,27549.678324791534,45711.52393078123,4359.926156905082,542.9162015696628,0.12452417358254762,157.15914502107924,31.43182900421585,1.6355912309887584,0.05203614561269552,1.0157139356949343,0.9924309047305666,0.007161175446976696,12.41381385500836
193_t1,193,Philips,3.0,T1,6,6,0.6305500300333472,48368.86225382803,28958.43049596816,5163.366981483526,0.1783027219725266,18697.700040578846,33893.32521435248,4417.948785428648,1095.0770891714444,0.24787002800553004,167.06044528672504,33.41208905734501,2.3836204830644117,0.07134006134432587,1.0203162111005994,0.9914784874313332,0.008295735958666381,13.446448762797646
193_t2,193,Philips,3.0,T2,6,6,0.6305500300333472,48368.86225382803,28958.43049596816,5163.366981483526,0.1783027219725266,18697.700040578846,33893.32521435248,4417.948785428648,1095.0770891714444,0.24787002800553004,167.06044528672504,33.41208905734501,2.3836204830644117,0.07134006134432587,1.0203162111005994,0.9914784874313332,0.008295735958666381,13.446448762797646
195_t1,195,Philips,3.0,T1,7,7,1.3649317947384578,49747.66912283257,34684.86680686813,12516.987759809484,0.3608774924668464,8567.6768755733,46785.76712825012,6524.76395936261,2535.4362674458243,0.3885866650865201,197.16217815115735,32.86036302519289,4.072909442623465,0.12394596612876621,1.0136870767476096,0.9942480349333946,0.005712794543549531,13.587112941290348
195_t2,195,Philips,3.0,T2,7,7,1.3649317947384578,49747.66912283257,34684.86680686813,12516.987759809484,0.3608774924668464,8567.6768755733,46785.76712825012,6524.76395936261,2535.4362674458243,0.3885866650865201,197.16217815115735,32.86036302519289,4.072909442623465,0.12394596612876621,1.0136870767476096,0.9942480349333946,0.005712794543549531,13.587112941290348
196_t1,196,Philips,3.0,T1,6,6,1.400993542711335,44220.960182140574,43911.57410812515,11867.026397043755,0.27024825773320843,22408.891715667804,54826.48130046538,10257.37422296104,2707.4521611836103,0.2639517777486112,165.66567190363108,33.13313438072622,4.132468380851506,0.12472313464948459,1.009758471834744,0.995492889848888,0.0044662434881992934,16.978580889345604
196_t2,196,Philips,3.0,T2,6,6,1.400993542711335,44220.960182140574,43911.57410812515,11867.026397043755,0.27024825773320843,22408.891715667804,54826.48130046538,10257.37422296104,2707.4521611836103,0.2639517777486112,165.66567190363108,33.13313438072622,4.132468380851506,0.12472313464948459,1.009758471834744,0.995492889848888,0.0044662434881992934,16.978580889345604
197_t2,197,Siemens,1.5,T2,6,6,1.137469078575821,59213.22782342151,40712.86199492507,8507.569691864857,0.2089651592886084,23079.247604303408,48110.39214744292,6123.185628153408,2934.731828864081,0.47928186520594496,173.386202150212,34.6772404300424,3.413866583928351,0.09844689316374562,1.0106809434050752,0.9955216613519297,0.004476595107988873,16.75446310625538
198_t1,198,Philips,3.0,T1,6,6,0.9430930375917698,53666.70930415966,59256.73610231194,14037.064946284127,0.23688555714657775,30520.376882544853,71542.09473867406,8142.508104394408,2039.7415271330888,0.2505053112605458,166.26988374074995,33.25397674814999,2.439606060113255,0.07336283652678066,1.0138488549764353,0.9927937702562074,0.006956513424239604,16.478140993214137
198_t2,198,Philips,3.0,T2,6,6,0.9430930375917698,53666.70930415966,59256.73610231194,14037.064946284127,0.23688555714657775,30520.376882544853,71542.09473867406,8142.508104394408,2039.7415271330888,0.2505053112605458,166.26988374074995,33.25397674814999,2.439606060113255,0.07336283652678066,1.0138488549764353,0.9927937702562074,0.006956513424239604,16.478140993214137
19_t1,19,Philips,3.0,T1,6,6,2.015358930958344,36375.21334486715,47564.82202270304,7057.2826788578195,0.14837189289784747,33330.006000189096,53304.228364917246,10407.985305779208,1966.280430678136,0.18892036959219544,178.56796873926848,35.71359374785369,2.0352114644615225,0.056987025130363626,1.016737779698379,0.993097406978192,0.006880910071372596,13.08909246537349
19_t2,19,Philips,3.0,T2,6,6,2.0153589309583437,37906.886132395484,47564.82202270303,7057.282678857818,0.14837189289784744,33330.00600018909,53304.22836491723,10407.985305779208,1966.2804306781354,0.18892036959219535,178.56796873926854,35.71359374785371,2.0352114644615336,0.05698702513036391,1.0167377796983794,0.993097406978192,0.006880910071372627,12.95805908877356
1_t1,1,Philips,3.0,T1,7,7,1.0391178892973447,35640.70448500963,32752.9958706523,13033.147478128012,0.39792230089723546,3662.89055977314,43159.76153196521,4810.522045795679,2005.092056869611,0.4168138172491306,182.06424993488002,30.34404165581334,2.954160152108926,0.09735552651555267,1.0454282887314263,0.9776189844184635,0.0212020848144268,13.007515324594777
1_t2,1,Philips,3.0,T2,7,7,1.0391178892973447,35640.70448500963,32752.9958706523,13033.147478128012,0.39792230089723546,3662.89055977314,43159.76153196521,4810.522045795679,2005.092056869611,0.4168138172491306,182.06424993488002,30.34404165581334,2.954160152108926,0.09735552651555267,1.0454282887314263,0.9776189844184635,0.0212020848144268,13.007515324594777
200_t1,200,Siemens,1.5,T1,7,7,1.1329650715197201,48428.59198211044,27747.771270895613,9440.186610090166,0.3402142290250011,9070.51836258688,38940.00950813278,7945.807750873946,3412.0503332297526,0.4294151633424603,193.89918507210953,32.316530845351586,4.256779388517094,0.1317214217316791,1.0117170035741063,0.9957894257354453,0.004185615215165327,14.7749510245165
200_t2,200,Siemens,1.5,T2,7,7,1.1329650715197201,48428.59198211044,27747.771270895613,9440.186610090166,0.3402142290250011,9070.51836258688,38940.00950813278,7945.807750873946,3412.0503332297526,0.4294151633424603,193.89918507210953,32.316530845351586,4.256779388517094,0.1317214217316791,1.0117170035741063,0.9957894257354453,0.004185615215165327,14.7749510245165
200_t2_SPACE,200,Siemens,1.5,T2,7,7,0.1977539010113105,49643.15054037433,28209.70698149259,10125.52184205882,0.35893750504751665,8342.446068063144,41228.12879064003,7413.708997242168,3273.9956236659978,0.4416137219418043,193.3823730189027,32.230395503150454,4.350146124718969,0.1349702992058779,1.0119648667671113,0.9958406867417517,0.004084021011107309,15.61391215700888
201_t2,201,Siemens,1.5,T2,6,6,2.5895421028902588,69798.51784130404,41925.118236143775,6671.285767417517,0.15912383907521152,29251.467594248363,48875.01764995074,7940.399268162496,2915.6280263541403,0.3671890956471367,188.3455320697912,37.66910641395824,1.9276203068494007,0.05117244581315449,1.005806176209395,0.9976626442379041,0.0022870548840208597,16.249918322621703
202_t1,202,Philips,3.0,T1,7,7,1.2134630135310596,73796.75316789138,39915.825718949745,15350.550338457564,0.3845730374348643,6278.457632009702,52763.79875435753,7451.876366094236,1518.8754343265327,0.20382456172208605,197.70566567990932,32.95094427998489,4.326752729780975,0.13130891463641087,1.0259296362340564,0.9914149858134867,0.008550951179355904,15.63705625562296
202_t2,202,Philips,3.0,T2,7,7,1.2134630135310596,73796.75316789138,39915.825718949745,15350.550338457564,0.3845730374348643,6278.457632009702,52763.79875435753,7451.876366094236,1518.8754343265327,0.20382456172208605,197.70566567990932,32.95094427998489,4.326752729780975,0.13130891463641087,1.0259296362340564,0.9914149858134867,0.008550951179355904,15.63705625562296
203_t1,203,Philips,3.0,T1,6,6,1.0614836138123054,50495.83699266518,43360.544140618855,11617.563354674608,0.26792937185009535,22801.72950830213,55404.13722293328,6842.500288569757,2491.5916613636687,0.3641346812254363,176.02128405448138,35.204256810896275,3.1749367720603723,0.09018616098117695,1.0083102797931391,0.9969475338967553,0.0029717032194532264,11.381915938500631
203_t2,203,Philips,3.0,T2,6,6,1.0614836138123054,50495.83699266518,43360.544140618855,11617.563354674608,0.26792937185009535,22801.72950830213,55404.13722293328,6842.500288569757,2491.5916613636687,0.3641346812254363,176.02128405448138,35.204256810896275,3.1749367720603723,0.09018616098117695,1.0083102797931391,0.9969475338967553,0.0029717032194532264,11.381915938500631
204_t1,204,Philips,3.0,T1,6,6,1.289537396537022,37798.92016729319,35766.60923035084,7906.033012380943,0.22104508038385193,22777.09903503342,44115.07433553152,6660.245730214295,997.4731992177074,0.14976522483134622,149.16464629537197,29.832929259074394,1.4138389314158084,0.04739189099033458,1.0205695331416411,0.9925039110316356,0.00705687571081669,16.233473359705336
204_t2,204,Philips,3.0,T2,6,6,1.289537396537022,37798.92016729319,35766.60923035084,7906.033012380943,0.22104508038385193,22777.09903503342,44115.07433553152,6660.245730214295,997.4731992177074,0.14976522483134622,149.16464629537197,29.832929259074394,1.4138389314158084,0.04739189099033458,1.0205695331416411,0.9925039110316356,0.00705687571081669,16.233473359705336
205_t1,205,Philips,3.0,T1,6,6,1.1406198238076974,55131.85918374506,34975.01576071939,8210.143814798186,0.23474310550615404,19205.75659327401,43013.91417561208,9378.556397954826,2689.545399406809,0.2867760543608853,175.67671518453238,35.13534303690648,1.3112606568976843,0.037320274786644445,1.0027261927317606,0.9991614609236559,0.0008160420012102694,14.688066833324687
205_t2,205,Philips,3.0,T2,6,6,1.1406198238076974,55131.85918374506,34975.01576071939,8210.143814798186,0.23474310550615404,19205.75659327401,43013.91417561208,9378.556397954826,2689.545399406809,0.2867760543608853,175.67671518453238,35.13534303690648,1.3112606568976843,0.037320274786644445,1.0027261927317606,0.9991614609236559,0.0008160420012102694,14.688066833324687
207_t1,207,Philips,3.0,T1,6,6,0.22784172281073356,64429.99374331048,30949.79178488723,7425.795993922117,0.23993040229588522,17397.538270381992,37820.81461969053,5736.029292621623,1821.5784189813405,0.31756783761968543,167.6032416381334,33.52064832762668,1.9019125804213355,0.05673853804304554,1.01762814162425,0.9916442983047277,0.00745441020058646,17.07342031619335
207_t2,207,Philips,3.0,T2,6,6,0.22784172281073356,64429.99374331048,30949.79178488723,7425.795993922117,0.23993040229588522,17397.538270381992,37820.81461969053,5736.029292621623,1821.5784189813405,0.31756783761968543,167.6032416381334,33.52064832762668,1.9019125804213355,0.05673853804304554,1.01762814162425,0.9916442983047277,0.00745441020058646,17.07342031619335
208_t2,208,Siemens,1.5,T2,7,7,1.8068669116536678,48178.299332333394,29974.373321267216,9598.979280356529,0.3202395318652285,8647.665039174453,38706.70298144487,5877.479939764859,2368.711344917201,0.40301479021493064,193.165931160402,32.194321860067,4.355329582014873,0.1352825383559897,1.0400199430416568,0.9853977782000888,0.014005910002023784,16.19821154189716
209_t1,209,Siemens,3.0,T1,8,8,1.4805949878674656,51059.79875159742,32867.728135669866,7651.788131680367,0.23280550758164492,16322.07914625094,40082.667511548025,8205.087274014528,3475.990928721732,0.423638507749912,218.23327475679702,31.17618210811386,3.5718423413528244,0.11456958805448642,1.0316728255899827,0.9924643569358826,0.007446745827131349,14.293727676878508
209_t2,209,Siemens,3.0,T2,8,8,1.4805949878674656,51059.79875159742,32867.728135669866,7651.788131680367,0.23280550758164492,16322.07914625094,40082.667511548025,8205.087274014528,3475.990928721732,0.423638507749912,218.23327475679702,31.17618210811386,3.5718423413528244,0.11456958805448642,1.0316728255899827,0.9924643569358826,0.007446745827131349,14.293727676878508
209_t2_SPACE,209,Siemens,1.5,T2,8,8,0.21234435854621303,50929.30798679937,31740.96928503974,7135.8466420186705,0.22481501991754665,16581.333925798135,40990.10559632678,8349.698694574916,3097.2573195659734,0.3709424055718317,217.39757246987875,31.056796067125536,3.523582884149706,0.1134560975452989,1.0296271430999946,0.99209151127973,0.00772599579646387,14.583633683222692
20_t2,20,Philips,1.5,T2,7,7,1.688025347112041,59958.6603294197,53110.10034970799,10743.058746068882,0.20227901426150757,30151.508750115278,63837.74257708317,9291.132656982832,2482.3389355063705,0.26717290853020803,211.11396722602325,35.18566120433721,2.6458692538985775,0.07519737197654917,1.0072683314276982,0.9962666767786428,0.003639327357836677,18.824703336506403
210_t1,210,Philips,3.0,T1,7,7,1.2895373965367292,36971.03715870802,29496.325749496908,7990.547601366019,0.27089976118473114,11965.61750246431,37038.093103327934,6202.490657713591,1513.8669136882656,0.24407403367957262,179.51386180797493,29.91897696799582,2.992845110894353,0.10003166598897256,1.0213707022399434,0.9917074867293082,0.008244209233909514,13.299899488317402
210_t2,210,Philips,3.0,T2,7,7,1.2895373965367292,36971.03715870802,29496.325749496908,7990.547601366019,0.27089976118473114,11965.61750246431,37038.093103327934,6202.490657713591,1513.8669136882656,0.24407403367957262,179.51386180797493,29.91897696799582,2.992845110894353,0.10003166598897256,1.0213707022399434,0.9917074867293082,0.008244209233909514,13.299899488317402
212_t1,212,Siemens,1.5,T1,7,7,4.229936008071115,56440.036155692884,34938.06287352224,5973.597261842773,0.17097677348247273,23877.988765561444,41677.5594875247,6975.164477309268,2079.357920208432,0.298108801157656,182.30893169339143,30.384821948898573,2.975730927915235,0.09793478246546605,1.0134806425811638,0.9960228295899669,0.0035896992849155053,15.21636661788036
212_t2,212,Siemens,1.5,T2,7,7,3.0961206680684983,56705.45003567455,35075.066442642856,6047.935904966661,0.17242835205619603,23886.570954148465,41775.95617424825,6848.618917767519,2153.7939437464306,0.3144858795046228,182.0983593833189,30.34972656388648,3.1226570401436007,0.10288913257480217,1.0136146429508606,0.9959731528254625,0.0036304297288039336,15.359267725856231
213_t1,213,Philips,3.0,T1,6,6,1.289537461374092,44282.71642358632,45466.51181312773,7257.987295377143,0.15963369534940564,32137.85261236512,53272.08206682511,8821.725773260163,2277.127332420203,0.2581271953977785,174.86943160474863,34.973886320949724,1.590473248778402,0.045476022714130454,1.0017335276648718,0.9995475394979892,0.0004382351403717682,13.12709880840749
213_t2,213,Philips,3.0,T2,6,6,1.289537461374092,44282.71642358632,45466.51181312773,7257.987295377143,0.15963369534940564,32137.85261236512,53272.08206682511,8821.725773260163,2277.127332420203,0.2581271953977785,174.86943160474863,34.973886320949724,1.590473248778402,0.045476022714130454,1.0017335276648718,0.9995475394979892,0.0004382351403717682,13.12709880840749
214_t1,214,Siemens,1.5,T1,7,7,3.5813477708506114,40988.52523738525,36168.542758930445,9067.668129772675,0.25070592946500475,16749.96352426831,43753.32571648192,6925.303346604841,2329.1238472491714,0.33632084122216793,207.96479685359725,34.66079947559954,3.52468525898284,0.10169082399159467,1.0116863566305638,0.9951504626895223,0.004779120365077301,16.543374055658177
214_t2,214,Siemens,1.5,T2,7,7,3.581347762216499,40988.52513856783,35894.82537847819,8903.217512601912,0.24803623972885666,16749.963483886564,43559.93283183927,6925.303329908934,2329.1238416339893,0.3363208412221678,208.14717119809166,34.69119519968194,3.5189992683089257,0.10143782155535971,1.0114950146709147,0.9952503116750069,0.004672768997722988,16.646067908311377
215_t1,215,Philips,3.0,T1,6,6,1.1397733606931175,36356.49065938906,36325.71677865035,7183.7039062437925,0.1977580772877044,21526.89946341091,42323.20420261753,7860.257019793305,2284.469658937697,0.29063549107678915,160.83288865016002,32.166577730032,2.0393651091934863,0.06340012687224894,1.0085522605411046,0.9966482029016144,0.00321767516157355,14.335469788142412
215_t2,215,Philips,3.0,T2,6,6,1.1397733606931175,36356.49065938906,36325.71677865035,7183.7039062437925,0.1977580772877044,21526.89946341091,42323.20420261753,7860.257019793305,2284.469658937697,0.29063549107678915,160.83288865016002,32.166577730032,2.0393651091934863,0.06340012687224894,1.0085522605411046,0.9966482029016144,0.00321767516157355,14.335469788142412
217_t1,217,Philips,1.5,T1,8,8,1.4246810744322072,41602.11205449488,35248.39063279585,12268.078250360291,0.34804647900563906,12327.765337061888,46622.68816079398,6363.516104085757,2649.7588627753717,0.4163985475064095,224.6348891233845,32.090698446197784,3.6398026645784243,0.1134223572779937,1.005255561081672,0.9984389309424292,0.0014924550822455233,12.35669130089588
217_t2,217,Philips,1.5,T2,8,8,1.4246809894006602,44014.094486543996,34968.61679971553,12620.972063876876,0.3609228279220695,10535.515916617882,45742.232526686996,6206.444645200301,2373.290613068677,0.3823913284884701,223.97007843580977,31.995725490829965,3.818723681611571,0.1193510577713474,1.005537884461591,0.9984830203411035,0.0013874738187058052,12.083550849526038
218_t1,218,Philips,3.0,T1,7,7,0.9414081268777047,45942.59940788575,45870.78341649251,17308.533873137665,0.37733242347271817,6904.287202521086,59540.29839250731,13931.495409037347,4415.963652734915,0.3169770023302715,211.38220026193022,35.230366710321704,4.008090827903532,0.11376807005007654,1.0418735103154115,0.9877285350702499,0.012169157337654186,14.086319355189206
218_t2,218,Philips,3.0,T2,7,7,0.9414081268777047,45942.59940788575,45870.78341649251,17308.533873137665,0.37733242347271817,6904.287202521086,59540.29839250731,13931.495409037347,4415.963652734915,0.3169770023302715,211.38220026193022,35.230366710321704,4.008090827903532,0.11376807005007654,1.0418735103154115,0.9877285350702499,0.012169157337654186,14.086319355189206
219_t1,219,Siemens,1.5,T1,7,7,2.3394098279790883,44944.74161513424,43628.32228479001,5560.46927312959,0.12745090761988778,33795.11437498591,50807.302644049836,12304.961493766008,3587.2606130708427,0.291529609002673,201.69834041604915,33.61639006934153,1.9832227455607845,0.05899570838543153,1.0077818362575066,0.9971553326282289,0.0027985331408077047,14.569681572756641
21_t2,21,Siemens,1.5,T2,6,6,1.7000412432398804,58454.218107560046,52588.22579776083,11106.184237186693,0.21119146099162325,29786.422622805945,61617.99486122946,10115.528737484494,2243.53329574113,0.22179100608228067,179.39699749941443,35.87939949988289,2.4302614038715054,0.06773417163271375,1.0155091522757034,0.9927160162357681,0.006803714727416662,18.07604123377229
220_t1,220,Siemens,1.5,T1,8,8,1.1329650740225001,49109.50409857929,36795.16508839448,7423.4406261011545,0.20175043672904655,24108.36381012478,46649.83692287644,6984.163198811702,3379.0678584334,0.4838185709932775,218.2166747763339,31.173810682333414,1.9752934517380154,0.06336387526707073,1.0156989439081328,0.9955102986539326,0.003204126393128218,19.88906057226536
220_t2,220,Siemens,1.5,T2,8,8,1.1329650740225001,49109.50409857929,36795.16508839448,7423.4406261011545,0.20175043672904655,24108.36381012478,46649.83692287644,6984.163198811702,3379.0678584334,0.4838185709932775,218.2166747763339,31.173810682333414,1.9752934517380154,0.06336387526707073,1.0156989439081328,0.9955102986539326,0.003204126393128218,19.88906057226536
220_t2_SPACE,220,Siemens,1.5,T2,8,8,0.19775390101131052,49083.111492710304,36986.53008708607,7483.003701544485,0.20231699713180154,24330.057949223556,47141.76144648227,6950.827147408927,3397.194909671619,0.4887468552483727,218.4113709373727,31.20162441962467,1.9282656577461899,0.06180016885504146,1.0168507997062692,0.9952972787298755,0.003418622597236712,19.790912532255703
221_t1,221,Philips,3.0,T1,7,7,0.24625761100407492,36831.027074602454,31101.245700394502,7362.643147005133,0.2367314550012222,19989.961573255783,41349.11546369422,7574.497138239481,2347.579866489551,0.3099321081841325,159.72895467026893,26.621492445044822,1.543761998195155,0.057989310754232824,1.0317295281621848,0.9856860836120915,0.011965672210603535,11.302806689474906
221_t2,221,Philips,3.0,T2,7,7,0.24625761100407492,36831.027074602454,31101.245700394502,7362.643147005133,0.2367314550012222,19989.961573255783,41349.11546369422,7574.497138239481,2347.579866489551,0.3099321081841325,159.72895467026893,26.621492445044822,1.543761998195155,0.057989310754232824,1.0317295281621848,0.9856860836120915,0.011965672210603535,11.302806689474906
222_t1,222,Siemens,1.5,T1,7,7,2.339409870021109,36499.47279206934,33094.96302836862,5488.633721604923,0.16584498725379945,21726.09946288604,37970.961600312614,7171.962258664714,1952.3251755455365,0.2722163203224595,200.33693732640435,33.389489554400726,2.1753131036560007,0.06514963638622459,1.005576233093133,0.997558081858436,0.0024078540348495816,13.409236715747696
222_t2,222,Siemens,1.5,T2,7,7,2.339409870021109,38686.82102053908,33471.273816032015,6041.9345206799735,0.18051104221154074,21361.151523162745,38873.973810140764,7338.728762256219,1816.075739067833,0.24746462199391206,199.55434982053174,33.25905830342196,2.3705493403556295,0.07127529945850732,1.0042364363240288,0.9982421413899327,0.001725048550538969,12.963210202655205
223_t1,223,Philips,3.0,T1,7,7,1.3195625597122946,42046.541402672556,38239.03789109128,14673.248606448105,0.38372431461896733,5589.66700294128,50326.796464867206,8450.290123460432,1971.4689134134032,0.23330192036126735,203.4125725627412,33.902095427123534,4.774891342857512,0.14084354617492154,1.0030635787355615,0.998875975990744,0.001114050464571236,15.15487852974895
223_t2,223,Philips,3.0,T2,7,7,1.3195625597122946,42046.541402672556,38239.03789109128,14673.248606448105,0.38372431461896733,5589.66700294128,50326.796464867206,8450.290123460432,1971.4689134134032,0.23330192036126735,203.4125725627412,33.902095427123534,4.774891342857512,0.14084354617492154,1.0030635787355615,0.998875975990744,0.001114050464571236,15.15487852974895
224_t1,224,Siemens,1.5,T1,7,7,2.0764565527738803,50661.38697457713,45889.98645295315,19262.500376930762,0.41975389111693123,4337.717738744636,63940.326629566094,9610.137562887914,3240.299720640666,0.33717516522901836,209.6914538894959,34.94857564824932,3.5237148810217396,0.10082570793117367,1.0422976128480836,0.9905519879747873,0.009429326408052064,16.15964876131955
224_t2,224,Siemens,1.5,T2,7,7,2.0764565527738803,50661.38697457713,45889.98645295315,19262.500376930762,0.41975389111693123,4337.717738744636,63940.326629566094,9610.137562887914,3240.299720640666,0.33717516522901836,209.6914538894959,34.94857564824932,3.5237148810217396,0.10082570793117367,1.0422976128480836,0.9905519879747873,0.009429326408052064,16.15964876131955
225_t1,225,Siemens,1.5,T1,6,6,3.6749999740670347,65716.34953626672,51671.112135378185,8539.5577292001,0.16526754266148394,34335.52475770831,58818.37458494289,10053.57492905605,3515.5510671264365,0.34968168954166917,191.64141859232623,38.328283718465244,1.1872743300075774,0.030976454325415393,1.0199713791278138,0.9912167863785002,0.008750061834968148,19.53532712373666
225_t2,225,Siemens,1.5,T2,6,6,2.5520834544017865,65759.53436957083,51608.65696215533,8504.933068581326,0.1647966362468575,34330.62662861283,58583.075695793006,10021.606378193415,3495.5903057418996,0.3488053884602577,191.65927929445522,38.331855858891046,1.1704627954230682,0.030534988958042984,1.0199637345003127,0.9912308407572139,0.008735748678130503,19.52163900737361
226_t1,226,Siemens,1.5,T1,7,7,3.6750000417232807,48679.05055266657,29663.02533677244,4489.687277690116,0.15135635110435694,21263.550241410903,35599.72540417342,6495.825073748879,1974.6052155517873,0.3039806634466369,183.30913764933413,30.55152294155569,2.034484494605246,0.06659191747758607,1.0044271498841586,0.9989310576856479,0.0009911977992804679,16.54737143902209
226_t2,226,Siemens,1.5,T2,7,7,2.5520835013853316,48589.11778287533,30718.33535610321,4610.833066275456,0.1501003557915521,22027.032700456795,35657.71068135585,7008.021294804121,1984.3293842944186,0.2831511636195162,183.52324015097128,30.587206691828545,1.8825921310575096,0.06154835091557742,1.0037791100699243,0.9990787998931862,0.0008126227321283274,16.56909428616978
227_t1,227,Philips,3.0,T1,6,6,0.359184847080478,28867.326975010936,39190.419208386236,7459.745352477838,0.1903461484505213,25358.091019034666,47618.571916847286,7544.67771292544,1614.2516044833035,0.21395898750155695,147.8122830465128,29.562456609302558,1.9708284495158117,0.06666659931194538,1.0147707551614702,0.9954403353615668,0.004119004918421178,10.567756130989313
227_t2,227,Philips,3.0,T2,6,6,0.359184847080478,28867.326975010936,39190.419208386236,7459.745352477838,0.1903461484505213,25358.091019034666,47618.571916847286,7544.67771292544,1614.2516044833035,0.21395898750155695,147.8122830465128,29.562456609302558,1.9708284495158117,0.06666659931194538,1.0147707551614702,0.9954403353615668,0.004119004918421178,10.567756130989313
228_t1,228,Philips,3.0,T1,6,6,1.4753964702055413,45046.80502831559,44503.12142904485,11115.801430552874,0.24977577018446903,21753.245556710503,54608.8495517177,11342.110364705099,3190.639472728088,0.28130915412854607,175.40243554665716,35.08048710933143,3.3085851676966453,0.09431411705575336,1.0077609729579444,0.9961618369586388,0.0038378223527305933,14.954303283584691
228_t2,228,Philips,3.0,T2,6,6,1.4753964702055413,45046.80502831559,44503.12142904485,11115.801430552874,0.24977577018446903,21753.245556710503,54608.8495517177,11342.110364705099,3190.639472728088,0.28130915412854607,175.40243554665716,35.08048710933143,3.3085851676966453,0.09431411705575336,1.0077609729579444,0.9961618369586388,0.0038378223527305933,14.954303283584691
229_t1,229,Philips,3.0,T1,6,6,1.511519683490213,38389.57692128443,44606.709299426926,8870.386431137245,0.19885767344086525,26699.48368917112,51891.9822539025,6149.8697522271805,1770.6528214578302,0.28791712553201615,162.32509105517843,32.465018211035684,1.7314295827848794,0.05333216114269699,1.0100801989993362,0.9951527688107822,0.004703061462356706,12.701778618029318
229_t2,229,Philips,3.0,T2,6,6,1.511519683490213,38389.57692128443,44606.709299426926,8870.386431137245,0.19885767344086525,26699.48368917112,51891.9822539025,6149.8697522271805,1770.6528214578302,0.28791712553201615,162.32509105517843,32.465018211035684,1.7314295827848794,0.05333216114269699,1.0100801989993362,0.9951527688107822,0.004703061462356706,12.701778618029318
22_t1,22,Siemens,1.5,T1,8,8,1.1329651163522285,34419.480234780705,23920.57574282369,5971.36878935051,0.24963315488514967,11072.46808211033,29519.406106557315,8431.101533974652,3280.195030428263,0.38905889310070974,224.0523351699889,32.007476452855556,4.1308707215295515,0.1290595566784196,1.0108477408772774,0.9958823748532867,0.003914305963831478,13.070132188170021
22_t2,22,Siemens,1.5,T2,8,8,1.1329651163522285,34419.480234780705,23920.57574282369,5971.36878935051,0.24963315488514967,11072.46808211033,29519.406106557315,8431.101533974652,3280.195030428263,0.38905889310070974,224.0523351699889,32.007476452855556,4.1308707215295515,0.1290595566784196,1.0108477408772774,0.9958823748532867,0.003914305963831478,13.070132188170021
22_t2_SPACE,22,Siemens,1.5,T2,8,8,0.19775390101131052,34267.78473674494,24317.772488123228,6256.209454986975,0.2572690182886711,10885.956742870621,29886.74481374037,8516.247027814461,3379.4980313426713,0.3968294978180736,223.3982406532644,31.91403437903777,4.179154550490764,0.13095036812722197,1.0109419161512976,0.9957396387937715,0.004084721310013914,12.839279737901427
231_t1,231,Philips,3.0,T1,7,7,0.7381483063447439,63518.39990927156,33985.507971450555,6097.705404327994,0.17942075220562181,22683.29745397398,40213.581581355305,4305.091822118645,1536.946867537265,0.35700675642744767,191.09281817910014,31.84880302985002,1.7814246700792042,0.055933802860774554,1.0209411244129816,0.9902369677942641,0.00972905345701322,11.230844203135025
231_t2,231,Philips,3.0,T2,7,7,0.7381483063447439,63518.39990927156,33985.507971450555,6097.705404327994,0.17942075220562181,22683.29745397398,40213.581581355305,4305.091822118645,1536.946867537265,0.35700675642744767,191.09281817910014,31.84880302985002,1.7814246700792042,0.055933802860774554,1.0209411244129816,0.9902369677942641,0.00972905345701322,11.230844203135025
232_t1,232,Philips,3.0,T1,7,7,1.2895374613738828,42392.25450520503,31312.73285671797,11269.47325570078,0.35990066109105573,7733.3561558591755,42816.51232999703,6810.047333515475,2038.0879797113316,0.29927662465437416,190.86607937660145,31.811013229433573,3.8939890278066303,0.12241009110898907,1.0035108387571827,0.9988436798259142,0.0010974500366580538,13.854116658733412
232_t2,232,Philips,3.0,T2,7,7,1.2895374613738828,42392.25450520503,31312.73285671797,11269.47325570078,0.35990066109105573,7733.3561558591755,42816.51232999703,6810.047333515475,2038.0879797113316,0.29927662465437416,190.86607937660145,31.811013229433573,3.8939890278066303,0.12241009110898907,1.0035108387571827,0.9988436798259142,0.0010974500366580538,13.854116658733412
233_t1,233,Siemens,1.5,T1,7,7,3.674999883940911,53820.37330031464,25262.999202176663,3953.8381381396994,0.1565070760798219,17981.77443212288,29741.77406073379,4481.924858457651,1505.367488976678,0.33587521801835357,189.39981599581262,31.566635999302104,1.9357928656461452,0.06132401519210406,1.0025822787919838,0.9993223329266692,0.0006668119972038886,13.036387918496258
233_t2,233,Siemens,1.5,T2,7,7,2.5520833918141963,53777.50123230874,25182.50057705574,4025.8676344390715,0.15986766771314825,17629.792070652467,29775.156932296228,4463.59385228303,1461.1232242949336,0.3273423328037056,189.23035725111214,31.538392875185355,1.9759766861510397,0.06265305571873639,1.002561922769239,0.9993271341149654,0.0006598592893542127,13.002300336710107
234_t1,234,Siemens,1.5,T1,8,9,1.1329650768670467,73255.2559400695,35406.99972034512,6488.516958639535,0.1832552040525197,23569.072494065174,42726.37897881007,9633.350278583419,4221.25420753143,0.4381917075013415,212.10115054761445,30.300164363944923,2.7737142604015306,0.09154122819249506,1.0243827610645482,0.9928200594618817,0.00673361335649066,17.86459469795853
234_t2,234,Siemens,1.5,T2,8,9,1.1329651168571153,73255.25852574737,36648.730738175145,7028.007066330051,0.19176672492532293,24408.600477569693,45955.33106995831,10010.25034748455,4243.825135749302,0.42394795219235426,212.67180455977564,30.381686365682235,2.727239269314159,0.08976589503290239,1.0279455679862448,0.9918467654420653,0.007794228556444529,17.790872792309177
234_t2_SPACE,234,Siemens,1.5,T2,8,9,0.19775390101131052,73063.14503714384,37556.654583701675,7729.114139263991,0.20579879185027203,25235.375308053335,47657.108112517744,10424.772673056577,4247.779579235796,0.40746975617166387,213.55716358737033,30.50816622676719,2.740901507976812,0.08984156856606361,1.0314213151591276,0.9909606310124123,0.00880668296522555,17.667102807195505
236_t1,236,Philips,3.0,T1,7,7,1.4731379861593308,40757.3086630702,38295.905536481696,10660.048968100828,0.2783600183561531,18284.588684209615,49859.82827954871,5062.123017010934,1109.901894151237,0.21925620740967078,181.5816357415745,30.263605956929084,2.3060323977537744,0.07619820324648367,1.0361978588408507,0.9855854020299206,0.012549144476046312,11.221115913223356
236_t2,236,Philips,3.0,T2,7,7,1.4731379861593308,40757.3086630702,38295.905536481696,10660.048968100828,0.2783600183561531,18284.588684209615,49859.82827954871,5062.123017010934,1109.901894151237,0.21925620740967078,181.5816357415745,30.263605956929084,2.3060323977537744,0.07619820324648367,1.0361978588408507,0.9855854020299206,0.012549144476046312,11.221115913223356
237_t1,237,Philips,1.5,T1,6,6,1.0590232298953155,73298.17481074447,26887.89379155546,4283.402342970454,0.15930598269156956,18503.25387273095,31111.98444786458,5252.225708665817,1400.8243200538054,0.2667106095121299,168.37691880796893,33.675383761593785,1.1737543117476754,0.03485496468347505,1.0119826129943459,0.9954564344654362,0.004478323852867267,15.955379627840392
237_t2,237,Philips,1.5,T2,6,6,1.637937328598439,73271.48845752257,26861.080230795338,4256.547716752543,0.15846524712257826,18484.122753233387,31147.01624062792,5276.615104079871,1441.4775230390815,0.27318223796999325,168.28133703358773,33.65626740671755,1.1731971455611725,0.03485820727975773,1.0118546622756586,0.9955047117756782,0.004431612567428128,15.930720414495742
239_t1,239,Siemens,1.5,T1,7,7,1.1329650866578018,47465.57230552861,34798.860784539145,6903.845403347611,0.19839285676888413,22071.292853180636,41278.449967290355,6938.278190692378,3060.7176507569648,0.44113504339771814,205.85380643264628,34.30896773877438,2.384249251249791,0.06949347090048796,1.0048707055653496,0.9983396667139182,0.001600769404041804,15.813115113469658
239_t2,239,Siemens,1.5,T2,7,7,1.1329650866578018,47465.57230552861,34798.860784539145,6903.845403347611,0.19839285676888413,22071.292853180636,41278.449967290355,6938.278190692378,3060.7176507569648,0.44113504339771814,205.85380643264628,34.30896773877438,2.384249251249791,0.06949347090048796,1.0048707055653496,0.9983396667139182,0.001600769404041804,15.813115113469658
239_t2_SPACE,239,Siemens,1.5,T2,7,7,0.19775390101131052,48020.38202867552,34915.73951868714,6961.771285380083,0.19938776555638743,22338.280658237636,42447.67709817679,6916.442687870585,3064.4392794544924,0.4430658096579298,205.86599877754858,34.310999796258095,2.363150122098763,0.06887441741897625,1.0056946261121715,0.9980432071009592,0.001906873692684981,15.954748309191219
23_t1,23,Siemens,1.5,T1,9,9,2.733400552509008,42282.97314676184,36349.06425843728,13653.759242993445,0.37562890604051197,1981.7154005690309,47834.50966890764,5987.969477029733,2236.793259369277,0.373547872605129,222.27407279560055,27.784259099450068,4.338407301251391,0.15614622961751443,1.0278773469845692,0.990741413427755,0.008048470897553665,15.426764534814057
23_t2,23,Siemens,1.5,T2,9,9,2.733400552509008,42282.97314676184,36349.06425843728,13653.759242993445,0.37562890604051197,1981.7154005690309,47834.50966890764,5987.969477029733,2236.793259369277,0.373547872605129,222.27407279560055,27.784259099450068,4.338407301251391,0.15614622961751443,1.0278773469845692,0.990741413427755,0.008048470897553665,15.426764534814057
241_t1,241,Siemens,1.5,T1,9,9,1.1329651533742984,75944.92016098597,42925.280190977246,14704.114516816317,0.3425513928248448,7896.767119018859,57452.66292761067,9704.224193701992,3748.1428788121484,0.38623828180353603,243.4901103387572,30.43626379234465,4.962208941823462,0.16303607353109234,1.0435984557616949,0.9902625350584943,0.008776408913072515,16.840942315346947
241_t2,241,Siemens,1.5,T2,9,9,1.1329651533742984,70300.48776687522,44800.5892898458,15309.454672099666,0.3417244039593306,8266.113759018881,59871.543530064795,9964.680293961037,4194.259977279505,0.4209126488303854,242.6194095957016,30.3274261994627,4.91057179504807,0.16191851437010998,1.0399018707306211,0.9909784192320101,0.008115025180794024,16.97467936564112
241_t2_SPACE,241,Siemens,1.5,T2,9,9,0.19775390101132245,70237.43954559746,44890.59695533922,15442.212084664325,0.34399658574438513,7647.143352107839,57532.93792902606,9252.88305566411,3578.938115496045,0.3867916728186495,241.97722252388877,30.247152815486096,4.8277125885548875,0.15960882724550396,1.046765620862629,0.9891161267613044,0.01013717007877991,16.883991394256018
242_t1,242,Philips,3.0,T1,6,6,1.5029832208961948,33492.47809445081,53569.578456385665,16017.064049705808,0.2989955215485969,21697.065776857467,69153.76097665483,9906.16240892682,2503.457120752285,0.2527171489229847,167.14703661731232,33.42940732346246,2.3642278625741837,0.0707229966606116,1.008370589334111,0.9963080401153642,0.00337354198665178,15.406969426016413
242_t2,242,Philips,3.0,T2,6,6,1.5029832208961948,33492.47809445081,53569.578456385665,16017.064049705808,0.2989955215485969,21697.065776857467,69153.76097665483,9906.16240892682,2503.457120752285,0.2527171489229847,167.14703661731232,33.42940732346246,2.3642278625741837,0.0707229966606116,1.008370589334111,0.9963080401153642,0.00337354198665178,15.406969426016413
243_t1,243,Philips,3.0,T1,7,7,1.214011593580171,47027.167100515086,24342.66675355897,6041.23845839219,0.24817488238048918,11245.389391333123,29844.04700498134,4519.5917326713225,1271.31277329114,0.28128929524779095,182.70193221155344,30.450322035258907,2.562118124762189,0.08414092047076976,1.0051308289649157,0.9978787464428984,0.0020596667802994023,10.450542684493113
243_t2,243,Philips,3.0,T2,7,7,1.214011593580171,47027.167100515086,24342.66675355897,6041.23845839219,0.24817488238048918,11245.389391333123,29844.04700498134,4519.5917326713225,1271.31277329114,0.28128929524779095,182.70193221155344,30.450322035258907,2.562118124762189,0.08414092047076976,1.0051308289649157,0.9978787464428984,0.0020596667802994023,10.450542684493113
244_t1,244,Philips,3.0,T1,7,7,1.159774006719548,46225.11258582102,44228.81015625476,11187.262080149667,0.25294060682677744,23510.938664218676,54969.808596486415,5535.932698074322,1533.018659619013,0.27692147705336045,193.2213099115715,32.203551651928585,2.654390421055416,0.08242539362312935,1.0085288380144026,0.996096095591388,0.0038144914688195875,14.886592297151335
244_t2,244,Philips,3.0,T2,7,7,1.159774006719548,46225.11258582102,44228.81015625476,11187.262080149667,0.25294060682677744,23510.938664218676,54969.808596486415,5535.932698074322,1533.018659619013,0.27692147705336045,193.2213099115715,32.203551651928585,2.654390421055416,0.08242539362312935,1.0085288380144026,0.996096095591388,0.0038144914688195875,14.886592297151335
245_t1,245,Philips,3.0,T1,6,6,0.6607672895121067,41055.453999255726,33738.667674606586,11002.877496287552,0.3261206874677077,11099.56892922437,42263.997371773374,5346.268139442454,1543.4231146286327,0.2886916769553019,143.43867558274167,28.687735116548332,3.880473695150602,0.13526594829638225,1.0195262112318995,0.9923135371685475,0.007592583713169188,15.884896362892606
245_t2,245,Philips,3.0,T2,6,6,0.6607672895121067,39426.662630608385,34504.49696315112,11224.027018509065,0.3252917157579598,11564.08833375138,44669.19030559744,5058.393856978348,1380.5444290965008,0.2729214980347342,142.47338974088967,28.494677948177934,3.9792276416040275,0.13964810020668536,1.0138703138313967,0.9944564012305476,0.005448021124904511,15.873744412460661
246_t2,246,Siemens,1.5,T2,5,5,3.065758047944967,43343.687281845945,44465.14157578421,4653.240408134329,0.10464917558405767,37221.368460099846,49407.756700681086,9860.704185410194,1454.0740138369124,0.1474614780542955,143.73812457139047,35.93453114284762,1.7841459484890299,0.04964990196607853,1.0059354873923818,0.996814025149935,0.0031238133466087526,17.313308212857727
249_t1,249,Siemens,1.5,T1,8,8,2.3394099366333587,56386.797702673844,31701.9289038028,8315.957707586549,0.26231708905853823,15833.126451134573,40439.04016464424,6893.65623077435,2445.701696495644,0.354775697340012,213.56897323267557,30.509853318953652,3.6987139725430693,0.1212301460041463,1.0227253977759851,0.9933505616937617,0.006622963573974195,15.718607060468775
249_t2,249,Siemens,1.5,T2,8,8,2.3394099366333587,61802.53170598007,31579.109882129553,7880.103026959415,0.24953531167825832,16366.511916686977,40148.953332501704,6872.309115102571,2407.6645557153292,0.3503428782654582,212.62914669148506,30.375592384497867,3.587632244084677,0.1181090461892526,1.0213023099191427,0.9937239017825398,0.0062417054497908965,15.790840580888425
24_t1,24,Philips,3.0,T1,8,8,1.6808163899742123,43797.03267355805,35155.32530655438,9907.841315087488,0.28183045466628015,15339.130374904662,46240.93970458055,5377.561937673745,2418.015900768969,0.4496491028450186,204.6450747693865,29.235010681340928,1.6951331781193641,0.05798298473491887,1.0141630228084937,0.9965151438753019,0.0019215880612239958,15.228859911454173
24_t2,24,Philips,3.0,T2,8,8,1.6808163899742123,43797.03267355805,35155.32530655438,9907.841315087488,0.28183045466628015,15339.130374904662,46240.93970458055,5377.561937673745,2418.015900768969,0.4496491028450186,204.6450747693865,29.235010681340928,1.6951331781193641,0.05798298473491887,1.0141630228084937,0.9965151438753019,0.0019215880612239958,15.228859911454173
250_t1,250,Siemens,3.0,T1,7,7,0.429687487477792,43559.569043061165,29452.0694541903,6627.685400694598,0.22503292717691922,17123.90575096497,35474.56927867903,4974.798962164311,1358.5596957044456,0.27308836116527696,195.15113069301924,32.52518844883654,1.8856075075556413,0.057973761180932316,1.0043997034015286,0.9986490593602743,0.0013201051615755652,13.834472627407166
250_t2,250,Siemens,3.0,T2,7,7,0.5848524453833671,49228.78488525416,28558.59555911784,5932.609031824816,0.20773462124717534,17494.691198752662,34946.68816899233,5278.7110713315915,1012.3508739702556,0.19177993648261776,195.7630028885066,32.62716714808443,1.7776723487569979,0.05448442215759091,1.006410074987964,0.9980564509690382,0.001899407559174672,14.194368677304999
251_t1,251,Philips,3.0,T1,7,7,1.2895373757900648,34598.28779244744,52900.13910816049,17116.179281151235,0.3235564134558303,18967.80526049606,76741.65877064255,7820.491525291404,2508.536066766678,0.32076450164977127,181.94604455295968,30.32434075882661,2.3733767083321085,0.07826639092106281,1.0229013658010115,0.9915317241995726,0.0077219624287830834,20.022986090117932
251_t2,251,Philips,3.0,T2,7,7,1.2895373757900648,34598.28779244744,52900.13910816049,17116.179281151235,0.3235564134558303,18967.80526049606,76741.65877064255,7820.491525291404,2508.536066766678,0.32076450164977127,181.94604455295968,30.32434075882661,2.3733767083321085,0.07826639092106281,1.0229013658010115,0.9915317241995726,0.0077219624287830834,20.022986090117932
252_t1,252,Philips,3.0,T1,6,6,1.1000289028486026,46008.7088616428,35779.173417752696,7365.1411883968485,0.20584995361413944,22262.38493585002,42561.21828011528,6526.838156901708,2011.8820595235395,0.3082475788672339,175.36208664441745,35.07241732888349,2.0794709086640224,0.059290777966770125,1.011306577178402,0.9951734473734624,0.004720160336614808,13.624261825696077
252_t2,252,Philips,3.0,T2,6,6,1.1000289028486026,46008.7088616428,35779.173417752696,7365.1411883968485,0.20584995361413944,22262.38493585002,42561.21828011528,6526.838156901708,2011.8820595235395,0.3082475788672339,175.36208664441745,35.07241732888349,2.0794709086640224,0.059290777966770125,1.011306577178402,0.9951734473734624,0.004720160336614808,13.624261825696077
253_t1,253,Philips,3.0,T1,7,7,0.5195755579637322,38404.42736688927,33422.811142212704,10349.919279018355,0.30966633042862735,10820.160994594724,43800.21953634263,5664.041607522063,1724.8191361158279,0.30452091556405547,175.56013277753277,29.260022129588794,2.4748315495588287,0.0845806451722266,1.0746582380149168,0.968936540130515,0.0257223782585375,14.347028816389763
253_t2,253,Philips,3.0,T2,7,7,0.5195755579637322,38404.42736688927,33422.811142212704,10349.919279018355,0.30966633042862735,10820.160994594724,43800.21953634263,5664.041607522063,1724.8191361158279,0.30452091556405547,175.56013277753277,29.260022129588794,2.4748315495588287,0.0845806451722266,1.0746582380149168,0.968936540130515,0.0257223782585375,14.347028816389763
254_t1,254,Philips,3.0,T1,6,6,1.3269471937812387,43673.81298892191,40679.33548828892,7268.074047283155,0.178667472318356,26383.69105395237,47374.66871237778,7367.653135604697,2340.2580915695917,0.3176395588250231,161.6048362839083,32.32096725678166,2.3285991891206748,0.07204608607621535,1.0142069410565817,0.9944779195718343,0.0054301477342920375,17.418269421186377
254_t2,254,Philips,3.0,T2,6,6,1.3269471937812387,43673.81298892191,40679.33548828892,7268.074047283155,0.178667472318356,26383.69105395237,47374.66871237778,7367.653135604697,2340.2580915695917,0.3176395588250231,161.6048362839083,32.32096725678166,2.3285991891206748,0.07204608607621535,1.0142069410565817,0.9944779195718343,0.0054301477342920375,17.418269421186377
255_t1,255,Philips,3.0,T1,6,6,1.0961690380759865,29330.19495179917,38444.65780856132,3674.039181001907,0.09556696275714105,31047.891834464244,41891.1959591119,11709.825749246726,2706.414550014305,0.23112338372654034,171.95211440706748,34.3904228814135,1.5571065738633725,0.04527733140087796,1.0084349076989618,0.9971914239364245,0.0028061223902972683,18.046139414728497
255_t2,255,Philips,3.0,T2,6,6,1.0961690380759865,29330.19495179917,38444.65780856132,3674.039181001907,0.09556696275714105,31047.891834464244,41891.1959591119,11709.825749246726,2706.414550014305,0.23112338372654034,171.95211440706748,34.3904228814135,1.5571065738633725,0.04527733140087796,1.0084349076989618,0.9971914239364245,0.0028061223902972683,18.046139414728497
256_t1,256,Siemens,3.0,T1,8,8,0.42968751596553434,49571.7596543958,30540.040197250353,11364.501705623987,0.37211809913226007,6242.929919463249,41335.07966085247,6152.802962989477,2543.492448146072,0.4133875996753593,221.95255649994994,31.70750807142142,4.209550401331348,0.1327619436922176,1.019316289741668,0.9943874937466971,0.005538542062805926,12.661435573698252
256_t2,256,Siemens,3.0,T2,8,8,0.5848524841583489,55403.07582432039,29641.3473889924,11135.109862644547,0.3756613934081587,6201.775742015132,40838.49441132503,6169.024002902264,2183.1189359205,0.3538840074042638,222.24476862712882,31.749252661018403,4.32513707106205,0.13622799620213447,1.0203595604625348,0.993670445747559,0.0063001791153867006,14.061902332086545
257_t1,257,Philips,3.0,T1,6,6,1.554102489835059,33727.13223440045,35821.54435653484,9647.905835439411,0.26933249274271165,17710.55197416033,45805.61678539853,7121.41564258752,1940.301712904965,0.2724601133096757,156.98027658335536,31.396055316671074,2.0549735083557317,0.06545323887230835,1.002561561481827,0.9991256247037815,0.0005299081695558192,13.790544245474416
257_t2,257,Philips,3.0,T2,6,6,1.554102489835059,33727.13223440045,35821.54435653484,9647.905835439411,0.26933249274271165,17710.55197416033,45805.61678539853,7121.41564258752,1940.301712904965,0.2724601133096757,156.98027658335536,31.396055316671074,2.0549735083557317,0.06545323887230835,1.002561561481827,0.9991256247037815,0.0005299081695558192,13.790544245474416
25_t1,25,Philips,3.0,T1,7,7,1.254242392848984,40098.129299382024,43672.182586547555,10468.963642052684,0.2397169782230491,27415.230222893093,55371.0389171041,8101.868325350358,3356.946022967409,0.4143422094954656,185.62217049366234,30.93702841561039,1.1895478306722298,0.03845061699699478,1.004064583859311,0.9990148970637601,0.0007150231900571626,14.253405900831472
25_t2,25,Philips,3.0,T2,7,7,1.254242392848984,40098.129299382024,43672.182586547555,10468.963642052684,0.2397169782230491,27415.230222893093,55371.0389171041,8101.868325350358,3356.946022967409,0.4143422094954656,185.62217049366234,30.93702841561039,1.1895478306722298,0.03845061699699478,1.004064583859311,0.9990148970637601,0.0007150231900571626,14.253405900831472
28_t1,28,Philips,3.0,T1,7,7,0.9798101200688182,28250.865191944235,40648.2626683007,15024.181180718231,0.3696143499002328,9696.200948201025,55081.985519908754,7587.929515561519,2581.6374953711966,0.3402295039874011,199.52303694056818,33.2538394900947,4.220993604385574,0.1269325187401577,1.017933835718404,0.9923073477322598,0.007622588229776783,13.068977883533158
28_t2,28,Philips,3.0,T2,7,7,0.9798101200688182,28250.865191944235,40648.2626683007,15024.181180718231,0.3696143499002328,9696.200948201025,55081.985519908754,7587.929515561519,2581.6374953711966,0.3402295039874011,199.52303694056818,33.2538394900947,4.220993604385574,0.1269325187401577,1.017933835718404,0.9923073477322598,0.007622588229776783,13.068977883533158
29_t1,29,Philips,3.0,T1,6,6,1.4400034761355034,34084.88228012736,35233.285052345425,9236.314746191842,0.26214741919379253,16742.920417027497,43797.705726661334,6921.616708624653,1798.2571890240458,0.2598030582628296,140.32209096850585,28.06441819370117,2.7025929192018396,0.09629962397410807,1.0606692717619985,0.9717469388335139,0.027109392499414457,18.14443764343066
29_t2,29,Philips,3.0,T2,6,6,1.4400034761355034,34084.88228012736,35233.285052345425,9236.314746191842,0.26214741919379253,16742.920417027497,43797.705726661334,6921.616708624653,1798.2571890240458,0.2598030582628296,140.32209096850585,28.06441819370117,2.7025929192018396,0.09629962397410807,1.0606692717619985,0.9717469388335139,0.027109392499414457,18.14443764343066
2_t1,2,Siemens,1.5,T1,6,6,3.458437948162123,32730.656741406332,51192.374915020446,6941.5500395588115,0.13559734337548665,37053.70417660899,56642.29671499925,8726.791755862423,2863.9998680976664,0.32818473824282335,169.37638543132135,33.87527708626427,1.6979285639508623,0.05012294245082986,1.016953800706526,0.9919810117058839,0.007911605031910582,14.453490643598057
2_t2,2,Siemens,1.5,T2,6,6,2.4443413680963757,32974.165055620106,51372.72253328152,6707.593986410751,0.13056722820296598,37735.742040671845,56879.82363560266,8734.039098436368,2883.8385374750465,0.3301838364784745,169.4935788209323,33.89871576418646,1.6470532432598954,0.048587482035275145,1.0167956306430928,0.9920843962344671,0.007815353242336346,14.472945913827154
30_t1,30,Philips,3.0,T1,7,7,1.2895374289553025,43797.849237037895,38146.35934482493,9376.71319906686,0.24580886249997258,19358.535883477,49544.02802046273,6335.865827722817,1998.6654334539253,0.3154526133915865,191.8897295824932,31.9816215970822,1.8444717960928327,0.05767286660046775,1.025119765021154,0.9891512745293515,0.0106528041893543,12.92817096920816
30_t2,30,Philips,3.0,T2,7,7,1.2895374289553025,43797.849237037895,38146.35934482493,9376.71319906686,0.24580886249997258,19358.535883477,49544.02802046273,6335.865827722817,1998.6654334539253,0.3154526133915865,191.8897295824932,31.9816215970822,1.8444717960928327,0.05767286660046775,1.025119765021154,0.9891512745293515,0.0106528041893543,12.92817096920816
31_t1,31,Siemens,1.5,T1,8,8,2.3394098814449125,47125.07265182632,41712.84789110351,10591.338366008149,0.25391069901671254,18996.008237332688,52767.72928587144,7693.441821366776,3454.1911613975262,0.44897865501547707,221.70733384592364,31.672476263703377,3.205834988432261,0.10121832475741488,1.0171924468452602,0.9931551698949089,0.006768367002369352,16.186455973297075
31_t2,31,Siemens,1.5,T2,8,8,2.2311528557033666,49243.774678229005,42858.49409931293,10743.478407515871,0.25067325936885526,20365.96326686033,55401.756559970294,6514.9663386538305,3045.8589154635224,0.4675172145390412,221.5086567960656,31.64409382800937,3.1276354155998103,0.09883788843820787,1.01894066962046,0.9924342803669133,0.007481047518937288,16.269646473542533
32_t1,32,Philips,3.0,T1,6,6,1.065854701828296,45643.09589639312,37622.00633778428,7027.332194102738,0.18678781059703636,25795.81549364842,46624.74807677698,7769.547848977363,2474.07574223205,0.31843239662361716,181.1302317803222,36.22604635606444,2.2501609692012035,0.06211445066409794,1.0077574470869017,0.9971560597218563,0.002816323522373279,16.97064088840839
32_t2,32,Philips,3.0,T2,6,6,1.065854701828296,45643.09589639312,37622.00633778428,7027.332194102738,0.18678781059703636,25795.81549364842,46624.74807677698,7769.547848977363,2474.07574223205,0.31843239662361716,181.1302317803222,36.22604635606444,2.2501609692012035,0.06211445066409794,1.0077574470869017,0.9971560597218563,0.002816323522373279,16.97064088840839
33_t1,33,Siemens,1.5,T1,6,6,5.767287218938322,35111.24458889651,45303.00231929702,14525.959975141051,0.32064011724347313,13610.79783669444,54962.24719648221,8773.966289078167,2764.2350874102376,0.31504965899525306,172.81758392964932,34.56351678592986,5.069398982042496,0.1466690734421875,1.0087212913812775,0.9962073336543069,0.003755154667336047,14.389406783693444
33_t2,33,Siemens,1.5,T2,6,6,4.4609907549401315,35424.727584979584,45537.050127969705,14575.823474841247,0.32008712540402756,13672.936663891503,55316.28536125763,8637.221600023251,2815.585472083936,0.3259827757662291,172.56556387933531,34.513112775867064,5.163410337577189,0.14960720497625019,1.0084549097109115,0.9963302611389876,0.0036215670578465505,14.405045770759017
34_t1,34,Siemens,1.5,T1,7,7,1.1329650715197086,61081.54590084205,44655.656441796236,9906.144513126661,0.22183403632276721,24263.57997166608,53641.36427617212,9571.127072045423,3038.9108120449014,0.3175081460281088,208.59057053340587,34.76509508890098,3.1499292190755064,0.09060608667774188,1.0038657044251096,0.9986938536407621,0.0011237702890806855,18.714875789017036
34_t2,34,Siemens,1.5,T2,7,7,1.1329650715197204,67807.95953045526,47786.68634301798,11203.568887530419,0.23444958721577305,24929.763433719927,58136.96967996293,9340.649606067798,2877.440242571005,0.30805568819340756,208.9140242852492,34.81900404754153,2.918937853686001,0.08383174457306936,1.0033150189970839,0.9987557832068238,0.0010952906453688452,18.28137901898386
34_t2_SPACE,34,Siemens,1.5,T2,7,7,0.19775390101131052,61425.52571652923,45726.57802973076,10714.036084877478,0.23430653564128795,24251.351896621054,56788.196737813996,9594.65201982405,3073.102274275907,0.32029324960676814,208.0102531523092,34.66837552538487,3.0749321979633364,0.08869559508558787,1.004191715749566,0.9986411295151789,0.00116671136891634,18.36651022703883
35_t1,35,Siemens,1.5,T1,8,9,1.1329651329106236,52371.31326879358,44432.34334120561,9862.881417701146,0.22197527017564023,31770.608257079708,56056.848846151835,11443.073727412066,5334.946237532774,0.46621619021402955,219.87552520956265,31.410789315651808,3.2563213168014133,0.1036688789948726,1.0248927007682005,0.9924410677970654,0.007380960805984736,17.762552452745716
35_t2,35,Siemens,1.5,T2,3,3,1.1329650715197086,20898.673709252544,35611.73578303132,5674.385884931252,0.15934033430729003,27614.890653221377,40189.669982018626,9506.709915121874,2370.349944518716,0.24933441386994074,62.687043386037615,31.343521693018808,1.799319500819358,0.057406424153119875,1.0110187207354953,0.9927091367550213,0.007290863244462876,22.48229005179583
35_t2_SPACE,35,Siemens,1.5,T2,8,9,0.19775390101131052,52327.659746602876,45128.62673418713,10637.941905773414,0.23572491953792205,31902.054818946635,56819.639608074795,11588.598325819476,5493.331742000631,0.4740290057133981,219.44093167992887,31.348704525704125,3.2475640333877536,0.10359484011919357,1.0266630822864364,0.991928026499567,0.007918820200299477,17.618040703360574
36_t1,36,Philips,3.0,T1,7,7,1.2895374289553172,36205.05285534949,44242.555430395274,14484.747745276027,0.32739401249242644,11099.048651018415,54519.0634213729,7298.781847887095,2146.804357230568,0.2941318704917515,185.54332497742848,30.92388749623808,3.2939681018890177,0.1065185644005209,1.0273167579109395,0.9896038108206604,0.008721025658215588,13.909769010785412
36_t2,36,Philips,3.0,T2,7,7,1.2895374289553172,36205.05285534949,44242.555430395274,14484.747745276027,0.32739401249242644,11099.048651018415,54519.0634213729,7298.781847887095,2146.804357230568,0.2941318704917515,185.54332497742848,30.92388749623808,3.2939681018890177,0.1065185644005209,1.0273167579109395,0.9896038108206604,0.008721025658215588,13.909769010785412
37_t1,37,Philips,3.0,T1,6,6,0.9841469300786078,44607.443752742976,33397.35412119424,11712.21332288573,0.35069285070857487,10810.854026913506,44743.25602909382,5835.66324638945,1980.2654128985653,0.3393385343342806,161.4667847513227,32.29335695026454,3.14998544606525,0.09754283058336256,1.0142156146041559,0.99440582641896,0.00548382282084667,13.141300298624103
37_t2,37,Philips,3.0,T2,6,6,0.9841469300786078,44607.443752742976,33397.35412119424,11712.21332288573,0.35069285070857487,10810.854026913506,44743.25602909382,5835.66324638945,1980.2654128985653,0.3393385343342806,161.4667847513227,32.29335695026454,3.14998544606525,0.09754283058336256,1.0142156146041559,0.99440582641896,0.00548382282084667,13.141300298624103
38_t1,38,Philips,3.0,T1,7,7,0.7797323549144829,45572.237215331865,31863.651293243925,7287.173414207622,0.22869863052237513,20094.48251850114,43757.02029309095,4154.413986984366,1521.4442533754163,0.3662235535846167,166.46246245315342,27.743743742192237,2.284412537676618,0.08233973607967625,1.049858319765612,0.9763622996964754,0.021784090968868002,14.15556295719331
38_t2,38,Philips,3.0,T2,7,7,0.7797323549144829,45572.237215331865,31863.651293243925,7287.173414207622,0.22869863052237513,20094.48251850114,43757.02029309095,4154.413986984366,1521.4442533754163,0.3662235535846167,166.46246245315342,27.743743742192237,2.284412537676618,0.08233973607967625,1.049858319765612,0.9763622996964754,0.021784090968868002,14.15556295719331
39_t1,39,Philips,3.0,T1,6,6,1.440227040215455,32528.967930306266,23291.59173220437,5123.014072171029,0.21995122235838513,13569.819172910016,27597.630544608546,5359.804930161815,1780.0296827179227,0.3321071766438057,151.37451068323168,30.274902136646336,1.7136430437785226,0.05660276079464634,1.0084783629878322,0.9969221035807434,0.0028367571036714504,11.261854766185728
39_t2,39,Philips,3.0,T2,6,6,1.440227040215455,32528.967930306266,23291.59173220437,5123.014072171029,0.21995122235838513,13569.819172910016,27597.630544608546,5359.804930161815,1780.0296827179227,0.3321071766438057,151.37451068323168,30.274902136646336,1.7136430437785226,0.05660276079464634,1.0084783629878322,0.9969221035807434,0.0028367571036714504,11.261854766185728
3_t1,3,Siemens,1.5,T1,6,6,2.6410073799211484,51000.4935136573,43625.04023733084,5657.112744063985,0.1296758172207472,33039.00232281357,48705.45810050582,7685.771643467196,2118.114491425748,0.27558904813752066,166.26684880582212,33.25336976116442,0.7889975307917433,0.02372684442012437,1.0163794677696414,0.9917876885732627,0.008052319499204739,12.92147999111863
3_t2,3,Siemens,1.5,T2,6,6,1.7575380504335134,51030.11729433706,43673.35593823078,5581.217294055836,0.1277945597299525,33141.89501702476,48733.01506242046,7716.177887419934,2120.5045987147046,0.27481281920309186,166.29543183322488,33.25908636664498,0.7922360251011731,0.02382013794196927,1.0163216410316414,0.9917908366535299,0.008053798008697518,12.992064467547983
40_t1,40,Philips,3.0,T1,7,7,1.138311864905964,71177.50260070502,34135.20835685794,10038.996267269124,0.2940950634406174,12011.466798487732,42101.60263541198,6291.774909296665,1968.5574648972417,0.3128779228875794,202.7186758832419,33.786445980540314,4.296889769314243,0.12717791541797285,1.0038055240271766,0.998899950248261,0.0009569697640808853,17.608929843039515
40_t2,40,Philips,3.0,T2,7,7,1.138311864905964,71177.50260070502,34135.20835685794,10038.996267269124,0.2940950634406174,12011.466798487732,42101.60263541198,6291.774909296665,1968.5574648972417,0.3128779228875794,202.7186758832419,33.786445980540314,4.296889769314243,0.12717791541797285,1.0038055240271766,0.998899950248261,0.0009569697640808853,17.608929843039515
41_t2_SPACE,41,Siemens,1.5,T2,8,8,0.1977539010113105,44660.34549659234,22255.322896763388,4718.403558008938,0.21201236126279377,15159.41854372504,28445.909890971958,6732.4574022171855,3121.795189160087,0.46369327017673057,220.28608059822636,31.46944008546091,2.643291720422888,0.083995511618909,1.01473011973345,0.993914471039117,0.006068224900103409,15.064038774857531
42_t2,42,Philips,1.5,T2,6,6,1.3349060499221672,59686.31930411994,41821.93909103653,6802.77146126357,0.16266035504607695,28210.56955300516,48224.815959488216,11375.846873095055,3751.2258553428633,0.3297535468954434,191.73821826871037,38.347643653742075,1.6161152588214875,0.04214379567547793,1.0030912775113918,0.9990564830414876,0.0007423802070285864,18.619056432139153
44_t1,44,Philips,3.0,T1,7,7,1.2895374289553025,44713.42081159616,40833.939566400484,9510.27942214767,0.23290134439961827,23193.62019719007,51213.97899095984,6750.360001315594,3107.4414136787054,0.46033713951146726,202.39246490438964,33.73207748406494,2.3180157212789507,0.06871843936399308,1.0035765502207932,0.9989606262210976,0.0008018057557498553,14.720561420459502
44_t2,44,Philips,3.0,T2,7,7,1.2895374289553025,44713.42081159616,40833.939566400484,9510.27942214767,0.23290134439961827,23193.62019719007,51213.97899095984,6750.360001315594,3107.4414136787054,0.46033713951146726,202.39246490438964,33.73207748406494,2.3180157212789507,0.06871843936399308,1.0035765502207932,0.9989606262210976,0.0008018057557498553,14.720561420459502
45_t1,45,Siemens,1.5,T1,7,7,1.1329650637967992,45238.16203234239,32380.950784072375,6105.800803722431,0.18856150470805752,20565.5818380395,40369.81115320755,8442.531951109806,3230.8382524204208,0.3826859372436643,206.21871160094298,34.36978526682383,3.555908993881924,0.10346032034162521,1.0050210398328439,0.9986411767656118,0.0013079889223967995,14.488937913045655
45_t2,45,Siemens,1.5,T2,7,7,1.1329650637967992,45238.16203234239,32380.950784072375,6105.800803722431,0.18856150470805752,20565.5818380395,40369.81115320755,8442.531951109806,3230.8382524204208,0.3826859372436643,206.21871160094298,34.36978526682383,3.555908993881924,0.10346032034162521,1.0050210398328439,0.9986411767656118,0.0013079889223967995,14.488937913045655
45_t2_SPACE,45,Siemens,1.5,T2,7,7,0.19775390101131052,44884.40066643816,32582.412990097404,6212.172682106015,0.1906603014329803,20207.284620939754,40530.255273971125,8436.859430517403,3220.357812548415,0.3817010155342294,205.9929803337521,34.33216338895868,3.5429674484520977,0.1031967431882935,1.0050506289582266,0.9986140040182119,0.001325941560661841,14.480414333017517
47_t1,47,Siemens,1.5,T1,7,7,3.675000041723194,63283.5007184734,35798.17540642563,14546.845094596572,0.40635716567792074,2388.750027120076,47925.67554411217,7495.425085097434,3327.489300720675,0.4439360360409735,203.10299157719913,33.850498596199856,6.743041320660007,0.1992006499194608,1.0032936008827424,0.9992245788828366,0.0006226549363023692,20.527246575848654
47_t2,47,Siemens,1.5,T2,7,7,2.552083501385293,60760.004000981055,34633.96061394247,14155.070111524172,0.4087049202748532,2227.9688967093607,46481.09681073034,8719.740157518865,3520.9305474824846,0.4037884712018683,203.56654592978185,33.92775765496364,6.927408681450553,0.20418115313414736,1.006991700296601,0.9987509083487046,0.0011694009180279884,21.055044392223174
48_t1,48,Philips,3.0,T1,7,7,1.2895374289553132,49145.56095491594,39669.11882878876,14341.6540207708,0.36153195342373934,6931.263680634808,53183.10264497503,7601.638924058863,2191.3187274157804,0.2882692468436065,191.53669028420768,31.922781714034613,3.1509425616292477,0.09870513759599008,1.0157404233206033,0.9959093029740741,0.004002075118432039,12.289630369442882
48_t2,48,Philips,3.0,T2,7,7,1.2895374289553132,49145.56095491594,39669.11882878876,14341.6540207708,0.36153195342373934,6931.263680634808,53183.10264497503,7601.638924058863,2191.3187274157804,0.2882692468436065,191.53669028420768,31.922781714034613,3.1509425616292477,0.09870513759599008,1.0157404233206033,0.9959093029740741,0.004002075118432039,12.289630369442882
4_t1,4,Philips,3.0,T1,6,6,1.0593457149751166,39707.455434412295,38538.820553175574,9269.628909864554,0.24052705238018765,20735.633024922932,47430.0856965809,8577.169138915195,1412.6472975750935,0.16469854735237208,159.09251598045984,31.818503196091967,2.616572147757976,0.08223429403797713,1.0103972557740057,0.9951227613125593,0.0047531251775743515,16.000460756173773
4_t2,4,Philips,3.0,T2,6,6,1.0593457149751166,39707.455434412295,38538.820553175574,9269.628909864554,0.24052705238018765,20735.633024922932,47430.0856965809,8577.169138915195,1412.6472975750935,0.16469854735237208,159.09251598045984,31.818503196091967,2.616572147757976,0.08223429403797713,1.0103972557740057,0.9951227613125593,0.0047531251775743515,16.000460756173773
50_t1,50,Siemens,1.5,T1,8,8,1.58226743935501,56890.425782009384,45117.1693326286,11790.911452853594,0.26133978765210747,17150.196775168955,55877.77462082218,9772.87483917622,2501.183361999929,0.25593117717759534,222.16266690663417,31.737523843804883,3.890362793299703,0.12257927909951036,1.0326423852338058,0.9911636625634971,0.005814903789172252,20.423729627254588
50_t2,50,Siemens,1.5,T2,8,8,1.582267439355011,61322.3568796428,46134.56729613389,11907.707776107185,0.2581081491384184,17811.584564819357,55100.8813080989,9859.503981480913,2742.0799436053767,0.27811540507063454,221.86339581092315,31.69477083013188,3.889281101034227,0.12271049763243654,1.0324386096664673,0.9913304371597207,0.005548881029330173,20.486860936606448
50_t2_SPACE,50,Siemens,1.5,T2,8,8,0.19775390101131052,51075.48204539926,43791.73620563779,10555.106189496346,0.24102963490488946,19358.920385601232,52837.667057311046,11297.556768588038,2921.742216563329,0.2586171750591901,223.5023235282001,31.928903361171443,3.6202298247656057,0.11338409539786332,1.036392206897766,0.9905289414551582,0.00596640519950727,20.84470732742523
51_t1,51,Philips,3.0,T1,8,8,1.4025225658525897,44496.43092423926,24529.5937307996,9625.862608944246,0.39241834636900347,4200.555084728506,34294.48178022752,4682.32158609887,1535.6951240160663,0.32797728557880196,194.77453996635273,27.824934280907534,3.8261212531408058,0.13750692865530487,1.021619813673067,0.9944344083145414,0.005291657065317245,10.92485052309848
51_t2,51,Philips,3.0,T2,8,8,1.4025225658525897,44496.43092423926,24529.5937307996,9625.862608944246,0.39241834636900347,4200.555084728506,34294.48178022752,4682.32158609887,1535.6951240160663,0.32797728557880196,194.77453996635273,27.824934280907534,3.8261212531408058,0.13750692865530487,1.021619813673067,0.9944344083145414,0.005291657065317245,10.92485052309848
52_t1,52,Siemens,1.5,T1,7,7,1.1329650748337847,37195.24340679315,49044.439568019065,11960.13606105938,0.24386324252868233,23446.712223685176,60694.07202392068,11231.406491134403,3171.27299318995,0.28235760104426244,210.72248683331185,35.12041447221864,3.2485379049719763,0.09249714030138156,1.0088957474753082,0.9960301873147991,0.0038689451193366304,13.721394711065019
52_t2,52,Siemens,1.5,T2,7,7,0.8815131044937733,38936.43382548996,52089.364927198054,12802.947572630903,0.24578812950636875,24290.093594325925,63580.89568782238,10770.956762922417,3620.485138914669,0.3361340332715261,209.66662624218367,34.94443770703061,3.518934432441959,0.10070084577819005,1.009517729593146,0.9955898496006041,0.004326313566041057,13.525491379353426
52_t2_SPACE,52,Siemens,1.5,T2,7,7,0.19775390101131052,38074.15182341065,50454.53479622374,12606.286108582166,0.2498543720499318,23579.38414098462,62140.406068685115,11258.94885073524,3224.661186537782,0.286408725120633,210.0739170668469,35.01231951114115,3.241770361625961,0.09258942014686629,1.0094148648159684,0.9958347855093026,0.004073836679460536,13.532591075814945
53_t1,53,Siemens,1.5,T1,8,8,1.9181583660073651,67854.85219751054,39123.95688206497,15477.758502713423,0.3956082087854532,1945.0125831314683,51151.529146318404,4954.6030593970245,2903.166905631145,0.585953480193401,238.32706515070936,34.04672359295848,2.2931823961856463,0.06735398164986915,1.0882498831252039,0.977479585600286,0.02247839451651457,14.089484220997221
53_t2,53,Siemens,1.5,T2,8,8,1.9181583660073651,67854.85219751054,39123.95688206497,15477.758502713423,0.3956082087854532,1945.0125831314683,51151.529146318404,4954.6030593970245,2903.166905631145,0.585953480193401,238.32706515070936,34.04672359295848,2.2931823961856463,0.06735398164986915,1.0882498831252039,0.977479585600286,0.02247839451651457,14.089484220997221
55_t1,55,Siemens,1.5,T1,7,8,1.132965069155881,54329.07396123196,42818.796267219164,10266.027171791473,0.23975515583679796,25224.334299686536,54817.38190603815,9814.593152830108,3592.7514665268927,0.36606219031000087,203.34531481334912,33.89088580222485,3.8242491364796285,0.11284004669230972,1.0105037690191967,0.9969198572613178,0.002963993347959824,14.385411550570055
55_t2,55,Siemens,1.5,T2,7,7,1.0244406890125413,50920.84888805738,49027.975192101905,10607.284601514202,0.21635167595546048,31093.823792908654,61277.944253974165,11493.492787371419,2957.9452123161486,0.25735825192894896,202.96382030146202,33.827303383577004,3.636919380844829,0.10751431586187335,1.010590214968403,0.9964939471735795,0.003352951212115539,13.677857057821175
55_t2_SPACE,55,Siemens,1.5,T2,7,8,0.19775390101131052,54122.47415218153,43999.988720001005,11060.077643852455,0.2513654654376001,25424.62579132116,55716.96385603573,9806.665389626141,3619.159574993242,0.369050990443842,202.8001239179719,33.800020652995315,3.7949864051154694,0.11227763568442924,1.0109952252229437,0.996695793892621,0.0031963153813755678,14.06710293826796
56_t1,56,Philips,3.0,T1,7,7,1.2895374613738828,59655.29250061719,35354.32748030105,9353.245325758886,0.26455729729182725,16079.242605870944,44754.68713444198,6377.683844680547,1763.3962497114444,0.2764947734406698,190.29932272915505,31.71655378819251,2.789773903832854,0.08795955331009121,1.0012172080548705,0.999746500866803,0.0002526125514413176,15.669951448352615
56_t2,56,Philips,3.0,T2,7,7,1.2895374613738828,59655.29250061719,35354.32748030105,9353.245325758886,0.26455729729182725,16079.242605870944,44754.68713444198,6377.683844680547,1763.3962497114444,0.2764947734406698,190.29932272915505,31.71655378819251,2.789773903832854,0.08795955331009121,1.0012172080548705,0.999746500866803,0.0002526125514413176,15.669951448352615
57_t1,57,Siemens,1.5,T1,8,8,1.1329651169944572,51118.253113672916,45045.418465943,13871.951172258281,0.30795476309640657,13955.864311137724,59063.73747915505,10658.935820683853,5187.485273382474,0.48667947350950175,231.97782427649648,33.13968918235664,4.819280646648319,0.14542323013302885,1.0027211038500072,0.9994983768703944,0.0004683014014759287,15.967117310062028
57_t2,57,Siemens,1.5,T2,7,7,1.1329651169944572,48265.44694908087,48189.052729763534,10312.428569525124,0.21399940412515167,27712.326761684424,59111.32201406881,11476.93663515385,4954.621026402989,0.4317023944548544,206.9048123964739,34.48413539941232,2.82832637184056,0.0820181900749277,1.0029233497982648,0.9992965336657283,0.0006739096619523565,16.273920380619575
57_t2_SPACE,57,Siemens,1.5,T2,8,8,0.19775390101131052,52043.685144750634,45684.9578962072,14227.537454737138,0.3114271766882379,13911.19592054165,59730.7747848623,10675.002768966806,5229.6009632477635,0.4898922348245374,231.3676254795907,33.05251792565581,4.826287911659512,0.14601876693234508,1.003372746372462,0.9993414405605606,0.0006235561277525362,15.911336888581445
58_t1,58,Siemens,1.5,T1,7,7,1.9983665829160118,49455.57619400546,44873.32161937904,7999.474090125469,0.17826792850277054,29571.82869399114,54421.51715255175,8322.340375023941,2862.010969846274,0.34389496714590895,213.73930227564904,35.62321704594151,2.9246652149584316,0.08209997460657568,1.005454536969059,0.9981981777916946,0.0015278639167397167,18.602278999698125
58_t2,58,Siemens,1.5,T2,7,7,0.5384177126159595,51597.107817700016,44589.21670392287,8248.803156455091,0.18499547124202326,28565.213325127115,55268.03978231562,8307.862222480342,2900.8622612347963,0.34917072329208465,213.16635869450556,35.52772644908426,2.919215616874952,0.08216725100539127,1.0051260855055888,0.9982536268654407,0.0014091737680383782,18.72442639532724
59_t1,59,Philips,3.0,T1,6,6,1.2895374289553083,52159.20992638431,57810.1778629713,12002.797649355174,0.20762429892199008,37017.46143559108,70451.29835611535,10964.721835502161,2791.529398779429,0.25459190307414925,168.83948554505815,33.76789710901163,0.7602857759905343,0.02251504656963439,1.0079990171638147,0.9968992873013922,0.0027271964216322143,20.389867795033503
59_t2,59,Philips,3.0,T2,6,6,1.2895374289553083,52159.20992638431,57810.1778629713,12002.797649355174,0.20762429892199008,37017.46143559108,70451.29835611535,10964.721835502161,2791.529398779429,0.25459190307414925,168.83948554505815,33.76789710901163,0.7602857759905343,0.02251504656963439,1.0079990171638147,0.9968992873013922,0.0027271964216322143,20.389867795033503
5_t1,5,Siemens,1.5,T1,7,7,1.1329650715197204,44766.84887095871,35937.328364299385,12142.39675767915,0.33787700172340107,7645.248302615073,45541.7969798782,9839.316089689548,3589.274057531806,0.3647889776904901,204.1664758639187,34.02774597731978,4.891386322579935,0.14374699769113128,1.0025773888207992,0.9990089157262695,0.0009140594160859919,16.073293662064685
5_t2,5,Siemens,1.5,T2,7,7,1.1329650715197201,44766.8488709587,35937.32836429937,12142.396757679147,0.3378770017234011,7645.248302615071,45541.79697987819,9839.316089689546,3589.2740575318053,0.3647889776904901,204.1664758639187,34.02774597731978,4.891386322579935,0.14374699769113128,1.0025773888207992,0.9990089157262695,0.0009140594160859932,16.073293662064685
5_t2_SPACE,5,Siemens,1.5,T2,7,7,0.19775390101131052,43968.9978586568,34102.49072605678,12590.738677045081,0.3692029059749725,4845.168328678119,43840.45782299945,10658.200750020167,3779.3045386108265,0.35459123235254514,203.61486515069438,33.93581085844907,5.169547345714499,0.15233310225369476,1.0034932673002106,0.9989025927180499,0.0010740820463312985,16.87106916858382
60_t1,60,Philips,3.0,T1,7,7,1.0178901719555884,53805.674489572404,48318.373985441525,13874.735745880864,0.2871523729267272,19222.855897381287,61436.79710872345,7817.687346382335,3187.5385754474764,0.4077342101589819,199.80050838953426,33.300084731589045,3.8417122012026836,0.1153664392163844,1.0121901646747016,0.9948183493982304,0.0042634835270201794,18.60778613944591
60_t2,60,Philips,3.0,T2,7,7,1.0178901719555884,53805.674489572404,48318.373985441525,13874.735745880864,0.2871523729267272,19222.855897381287,61436.79710872345,7817.687346382335,3187.5385754474764,0.4077342101589819,199.80050838953426,33.300084731589045,3.8417122012026836,0.1153664392163844,1.0121901646747016,0.9948183493982304,0.0042634835270201794,18.60778613944591
61_t1,61,Siemens,1.5,T1,8,8,1.0025821614810886,49943.63037418043,41834.620529351196,13261.43016593459,0.31699654492216667,10887.039691523141,53503.79962959977,8565.936664924237,3137.174762952419,0.3662383794872245,211.62585969772047,30.232265671102926,4.935177392821586,0.1632420621844284,1.0079540988042388,0.9983294301789989,0.0015341072336868716,14.772920105415398
61_t2,61,Siemens,1.5,T2,8,8,1.0025821614810893,51063.51464855484,42429.52771942007,13163.038077348678,0.31023296239339526,12108.184764207115,54256.738832872106,8493.249458216862,3107.8166273656366,0.36591608931945224,211.40483183478608,30.200690262112296,4.850152086228408,0.16059739178056062,1.0074208977644292,0.9982323286147122,0.0016359112293980764,15.217377758132459
61_t2_SPACE,61,Siemens,1.5,T2,8,8,0.1917871362858636,48067.41818018971,42987.81600869843,13604.28701138159,0.3164684386066158,11321.002867818243,54005.33970673633,9428.663167477662,3669.2912375106025,0.38916346594782586,211.113098208697,30.159014029813857,4.911002580392623,0.16283697389360896,1.0088546372569223,0.9979465337679643,0.0018277316577745718,14.756686650436343
62_t1,62,Siemens,1.5,T1,8,8,3.6750000618478094,70277.02618271566,34965.78808845098,12124.510139420869,0.346753521149011,6982.500117510838,45492.825765614034,9285.806406273952,3975.5640206653266,0.42813341639115043,220.29652154962415,31.470931649946305,5.1545915526211745,0.1637889723060099,1.0159093991927868,0.9946134552056313,0.005345038786747162,16.618772716314766
62_t2,62,Siemens,1.5,T2,8,8,2.5520835153607226,75756.0470699677,34392.83448431936,11768.72185784186,0.34218528464721926,6867.656739835705,44013.23230591102,8909.323552124282,3471.551280176316,0.38965374417771503,221.3498544164995,31.621407773785645,5.130784272179084,0.16225666829009053,1.0166410538953312,0.994384124112213,0.005538601278644414,16.75411137047069
63_t1,63,Philips,1.5,T1,9,9,1.1369511839787356,51346.98937084766,41421.78451844129,11305.770135426761,0.2729426138169657,26622.848924046073,55816.344475068065,7036.969861372388,2174.255113308749,0.30897604453920524,236.39509011484446,29.549386264355558,1.9118731122221864,0.06470094150360457,1.021492492994033,0.9931635560297316,0.006616060561973197,16.782736638548943
63_t2,63,Philips,1.5,T2,9,9,1.1369511839787356,51346.98937084766,41421.78451844129,11305.770135426761,0.2729426138169657,26622.848924046073,55816.344475068065,7036.969861372388,2174.255113308749,0.30897604453920524,236.39509011484446,29.549386264355558,1.9118731122221864,0.06470094150360457,1.021492492994033,0.9931635560297316,0.006616060561973197,16.782736638548943
64_t1,64,Siemens,1.5,T1,7,7,3.6750000417232265,33909.22538498021,25452.000288963147,10892.775351141523,0.42797325269026393,3145.800035715082,36463.35041397785,6832.350077569439,3796.6124555052743,0.5556817804124194,193.27027888084552,32.21171314680759,5.03315672388117,0.1562523762951037,1.0229617493552419,0.9951829830492553,0.004751688914974703,11.73330550528593
64_t2,64,Siemens,1.5,T2,6,6,3.6750000417232265,35544.60040354705,28445.725322951683,6077.512237179489,0.21365291860832183,18852.750214040152,35144.02539899921,7678.300087173729,3529.7628765655963,0.4597062939050082,172.5474178045256,34.50948356090512,2.085897803783769,0.06044419065391009,1.0058325876309882,0.9978908485051403,0.0020686160100919153,14.903243400051462
65_t1,65,Siemens,1.5,T1,9,9,1.6224040657008776,54640.946528739856,32759.222360395295,11509.676796565494,0.3513415755094334,6353.334321284637,44371.1287928533,4341.913814052371,1841.4648705811474,0.4241136396169175,226.61428077966679,28.326785097458348,3.279489690182102,0.11577345183307033,1.0419552474340397,0.9862845685872657,0.012036630683247722,9.86392864463525
65_t2,65,Siemens,1.5,T2,9,9,1.6224040657008776,53346.268084310555,33922.48607550283,11940.806160036936,0.3520026843981714,7193.739627317691,46193.08855863538,4571.934657145072,1867.6018686182476,0.4084926860665275,225.91857913896365,28.239822392370456,3.2937978962021495,0.11663663638958995,1.0432166399151008,0.9857816889752699,0.012534919173628723,10.093936237060024
65_t2_SPACE,65,Siemens,1.5,T2,9,9,0.21769388533697176,54795.29249039849,31712.99213423404,10868.175713461018,0.3427042036102461,6206.452670957065,42825.17651125976,4540.780001405967,1361.194751149923,0.29977112979007015,227.3124953958914,28.414061924486425,3.168892502954049,0.1115255013966047,1.0506723910251836,0.9839077210131368,0.01405869452750933,10.529649109858974
66_t1,66,Philips,1.5,T1,9,9,1.0813750182843291,50875.450485222835,27640.305925686884,10287.906513612073,0.3722066803917272,6974.868867933923,40227.150680177045,3664.299325846354,2254.9842215536846,0.6153930181542221,221.4566488449035,27.682081105612937,4.360798095428305,0.1575314398738092,1.0027103690511248,0.9994563215651838,0.0005335474643191559,11.503201530591445
66_t2,66,Philips,1.5,T2,9,9,1.081375010812524,55587.001055806984,27314.451398113542,9946.26303038566,0.36413922012990635,7606.391826055294,39360.96901856506,3735.549898462375,2088.1068099847494,0.5589824434800605,222.13517892382893,27.766897365478616,4.30399887485694,0.1550046740206888,1.0038808791880454,0.9991987120549891,0.000750856832914378,10.944136528450823
67_t1,67,Siemens,3.0,T1,6,6,1.1744763571102654,45594.34665937762,32362.10878199481,6123.787254987729,0.18922707714259365,21312.047976122878,38953.857336276174,7120.654407100021,1818.0513913634707,0.2553208297190258,175.86454408928435,35.17290881785687,1.4939815019690599,0.042475346854682315,1.0216909674271542,0.9895978935042141,0.010170985975582343,14.926194588912667
67_t2,67,Siemens,3.0,T2,6,6,1.4494544832176581,45560.70277098065,32440.72394038881,6036.4503576660745,0.18607631471967515,21511.353985433263,38964.23541785708,7057.393878786776,1879.4068986441068,0.2663032460598509,175.89629150369962,35.179258300739924,1.4379985923189678,0.04087631922154101,1.0217215441940957,0.9895929757625159,0.010202428795418324,14.94716818214919
68_t1,68,Siemens,1.5,T1,8,8,3.675000086688085,39469.50093103003,37371.535256541974,7700.14065958435,0.20604293098277832,26698.875629788938,47253.151114635395,5512.500130032127,1454.25794718851,0.26381095925339604,200.08084803597254,28.58297829085322,1.7929039845084693,0.06272628297169042,1.013048397582965,0.9958987020412693,0.003706144380552982,12.839887857957033
68_t2,68,Siemens,1.5,T2,8,8,2.552083532610893,39730.83643568638,38913.21267392616,7994.150520797665,0.20543537712459167,26929.58543611014,47726.514143356304,5685.404089773916,1753.7116731528558,0.3084585801573666,200.41443686647466,28.63063383806781,1.69564068567246,0.059224699502065534,1.013651166799921,0.9955617060904349,0.003947583154464351,12.95938344756438
69_t1,69,Siemens,1.5,T1,7,7,1.1329650743607413,56834.05999023223,34195.15187435589,10213.505966542798,0.2986828660410763,11480.335098497391,44233.222433192066,8583.828959817418,2711.0933933947827,0.31583730361888906,189.91899816443973,31.653166360739956,3.9521441822370136,0.12485778316996678,1.0035644187488415,0.9984473436432406,0.0014657044294388783,16.488458923827856
69_t2,69,Siemens,1.5,T2,7,7,1.1329650743607413,56834.05999023223,34195.15187435589,10213.505966542798,0.2986828660410763,11480.335098497391,44233.222433192066,8583.828959817418,2711.0933933947827,0.31583730361888906,189.91899816443973,31.653166360739956,3.9521441822370136,0.12485778316996678,1.0035644187488415,0.9984473436432406,0.0014657044294388783,16.488458923827856
69_t2_SPACE,69,Siemens,1.5,T2,7,7,0.19775390101131052,56596.573207734036,34873.0246760687,10786.69830979959,0.3093135284362517,11413.95965857082,44887.56472885434,8645.235541068749,2704.3760045574622,0.31281692577491377,189.6442016419834,31.607366940330564,3.8858556369911117,0.12294145362389779,1.0038708381284918,0.9984388396008091,0.0014752405504997862,16.110005622316415
6_t2,6,Siemens,1.5,T2,6,6,2.5779133390163773,54131.02429266589,29037.186198457304,4456.592967854865,0.15347881634934318,20478.943565146103,33634.035334146676,7429.5462430452,2463.6922352955903,0.3316073626436502,174.41277658785876,34.88255531757175,2.1826455490258914,0.06257126317416986,1.0034366282688811,0.9989063898026724,0.0010253060986785887,16.01673409093415
71_t1,71,Siemens,1.5,T1,8,8,3.6750000417232283,51071.475579827704,33012.98474980497,8879.23996381652,0.2689620472401759,17625.300200104604,43059.97548887107,3989.2125452905643,1795.4829424524876,0.45008455229383093,202.29153713061584,28.898791018659406,2.8955340822843407,0.10019568224548055,1.0080753336706751,0.9979832926286014,0.0018779079624101195,15.393863215561213
71_t2,71,Siemens,1.5,T2,8,8,2.5520835013852943,54959.11820233231,33036.72092543263,9039.735182804387,0.27362688940006336,16800.365689619393,42788.231984225844,3832.2723877676926,1707.26038241169,0.4454955727731367,202.74208511190938,28.963155015987052,2.972729964403037,0.10263833351924244,1.0078353531577713,0.9980538292579428,0.0018161400753461266,15.57878065072184
72_t1,72,Siemens,1.5,T1,8,8,2.339409906209067,43929.439218793865,33399.75523094685,10163.32691471917,0.30429345498023114,10798.716127061054,45646.56608995132,8372.748054322252,3548.770515555573,0.4238477609180145,200.71791851661743,28.673988359516777,3.340873104540086,0.11651232687045268,1.0068677641628527,0.9986038707207995,0.0012745965111061104,13.17456726408597
73_t1,73,Siemens,1.5,T1,7,7,3.810705230096277,48578.87027326734,49251.187553148615,10527.92742794897,0.21375986957852977,29243.35193575883,59100.22741356316,10404.314051085721,3903.908540582679,0.37522017515176015,201.0128278105709,33.502137968428485,2.2505417401943273,0.06717606327834963,1.0172707800059844,0.9934219752714433,0.006494261395122568,16.778420694884584
73_t2,73,Siemens,1.5,T2,7,7,2.6664117671705423,48688.6788685341,49149.20627232113,10437.80809515892,0.21236982012132444,29311.86455650577,59058.354231060344,10384.531085229048,3873.7591918005764,0.37303169108042217,200.93563326939977,33.48927221156663,2.2635169319340345,0.06758931390227897,1.0170931668162526,0.9934505822675496,0.006465412746411891,16.694561775006967
74_t1,74,Philips,3.0,T1,6,6,1.2895374613738855,28925.614796077625,30036.12147323077,4509.891469690858,0.15014892897240673,22003.377703422608,35488.07093700933,6283.916049274943,1663.0457596759713,0.26465117398689525,152.79102637759001,30.558205275518002,1.3940305150696513,0.045618860874034155,1.0178039290846475,0.9922629130598025,0.007725820620568486,15.05803235509177
74_t2,74,Philips,3.0,T2,6,6,1.2895374613738855,28925.614796077625,30036.12147323077,4509.891469690858,0.15014892897240673,22003.377703422608,35488.07093700933,6283.916049274943,1663.0457596759713,0.26465117398689525,152.79102637759001,30.558205275518002,1.3940305150696513,0.045618860874034155,1.0178039290846475,0.9922629130598025,0.007725820620568486,15.05803235509177
75_t1,75,Philips,3.0,T1,6,6,1.253794739151739,52911.391786942535,27671.667824658594,9148.826282476419,0.33062070347358846,9556.423501814555,36564.41597788216,5448.365038983882,1793.913714673039,0.3292572545776547,162.29692408479258,32.45938481695852,3.1626558429927223,0.09743425085625615,1.0101544994430074,0.9952005338640785,0.0047736952145127414,16.506746366538035
75_t2,75,Philips,3.0,T2,6,6,1.253794739151739,49813.26498649859,27372.01088200133,9386.30403264148,0.34291612965904417,8891.912290064132,36930.524041714474,5877.580771353493,1859.6092943315177,0.3163902576030391,162.51054297235058,32.502108594470116,3.2051845222533313,0.0986146641175165,1.0113574196496231,0.9949171132637484,0.005065566348048684,14.875777815054976
77_t1,77,Siemens,1.5,T1,6,6,2.339409837033591,53397.02953029172,37082.76513009847,8609.912285110382,0.2321809674899852,18450.925384683935,44079.160149386924,7799.592396669992,1985.7768204593035,0.25460007644846533,182.2723260587539,36.45446521175078,3.407131105549843,0.0934626550044169,1.006935600683002,0.9972113396621695,0.00276794469018413,15.338188812883036
78_t1,78,Siemens,1.5,T1,7,7,1.132965122678803,47464.440849505765,36892.90514195024,7422.134763122252,0.20118054500084565,22704.62105848321,43758.5119332234,7282.861660739728,2818.8854930000575,0.387057399180826,204.9652639186882,34.16087731978137,2.1110768477598234,0.061798086388008974,1.0133648076354633,0.9953014110380235,0.004675290806307504,14.712473308715362
78_t2,78,Siemens,1.5,T2,7,7,1.132965122678803,47464.440849505765,36892.90514195024,7422.134763122252,0.20118054500084565,22704.62105848321,43758.5119332234,7282.861660739728,2818.8854930000575,0.387057399180826,204.9652639186882,34.16087731978137,2.1110768477598234,0.061798086388008974,1.0133648076354633,0.9953014110380235,0.004675290806307504,14.712473308715362
78_t2_SPACE,78,Siemens,1.5,T2,7,7,0.19775390101131052,47918.93427745672,37583.354891657866,8171.66527838288,0.21742777625731532,22693.051156651927,46847.89914957946,7342.715346779109,2803.5235657742687,0.3818101932827419,204.43947747151424,34.07324624525237,2.0969357622232434,0.06154200122490179,1.0139364647490963,0.9949643822581035,0.005006970506338573,14.558523673218168
7_t1,7,Siemens,1.5,T1,7,7,1.1329650715197201,55762.27489005758,42825.10859052697,13060.230242611779,0.3049666579362844,16720.29852548803,58010.07759195271,9978.508941333397,3120.4047085634716,0.3127125231744482,206.9538533460004,34.492308891000064,4.01056627221457,0.11627421883447056,1.003080594110157,0.9987919137865211,0.0011824051567533038,17.098395069141713
7_t2,7,Siemens,1.5,T2,7,7,1.1329650715197301,52577.510074016114,41054.607888048165,11916.51927991494,0.2902602142105416,17651.595814277396,56148.61597944631,9187.21376495349,2460.276593748188,0.2677935505466466,206.94524174859401,34.49087362476567,4.000651197930677,0.11599158784259023,1.004509234856793,0.998299582578331,0.0016683520151848088,17.475680552267153
7_t2_SPACE,7,Siemens,1.5,T2,7,7,0.19775390101131052,52693.89997127582,41837.3803090986,12851.389698109917,0.3071748183839979,17593.17580347124,60303.27232829004,9274.714458545039,2384.814551001669,0.2571307787059923,206.5622410731297,34.42704017885495,4.024665955485174,0.11690421059897609,1.0051886982407532,0.9981132946381349,0.0018517266353793396,17.138390171193137
80_t1,80,Philips,3.0,T1,7,7,1.401233307870906,43991.71970060709,28652.41867934429,10792.347486725217,0.37666444873308763,8251.862950051765,41350.39491527044,5064.057174645454,2349.8069622413245,0.4640166730355637,175.23539205406868,29.205898675678114,3.5638161978772454,0.12202384995340244,1.0020248580565572,0.9991898354006549,0.0007689994623972594,13.701873562255262
80_t2,80,Philips,3.0,T2,7,7,1.4012333078709067,45768.48353498743,28654.420441212686,10790.586384178485,0.3765766753620454,8260.270349898996,41350.39491527046,5073.465455426876,2363.7083179903893,0.4658962081749393,175.2453965603305,29.20756609338842,3.5601126941409325,0.12189008432390155,1.0020235583761226,0.9991896009029101,0.000769318875252569,13.647996275195412
81_t1,81,Siemens,1.5,T1,7,7,0.9036274523427217,47643.75742477,34504.368819526586,11258.724555749983,0.32629852221432787,9747.429328420938,45107.27516604398,6994.076481132666,2447.3468923514974,0.3499170904054524,199.38725196402476,33.231208660670795,4.555607901481082,0.13708823978874912,1.0062265976449956,0.9974418787957223,0.0025132417242800503,13.646873219748514
81_t2,81,Siemens,1.5,T2,7,7,0.9036274523427217,47350.982130210956,34768.87348379091,10961.904193396811,0.3152792453430189,11176.967958027124,45963.01036341254,6583.958707405118,2392.7149357380663,0.3634158478312699,199.15604189912796,33.19267364985466,4.519042466039706,0.13614578064950028,1.0069828236298564,0.9969620974089939,0.0029958138231253304,13.671245724278755
81_t2_SPACE,81,Siemens,1.5,T2,7,7,0.18709065084047335,48311.29622263039,34177.26573252849,11538.604253727985,0.3376105140776574,9584.279861255769,45293.711115224396,6502.148479309812,2361.884085562333,0.36324671653955803,198.34640272849114,33.057733788081855,4.762294124250344,0.1440599090861822,1.008394598561568,0.9965661175456804,0.0034189347490221345,13.679763239417467
82_t1,82,Siemens,1.5,T1,7,7,3.1687501259148214,58932.41484176385,50262.261818671475,20364.1276892014,0.4051574074136892,3257.4751294404364,67966.52145074701,6263.260963165353,2070.3750050282865,0.3305586366597155,208.72909364154404,34.78818227359067,4.306686276674826,0.1237973931112933,1.1307042902448863,0.9610951646151193,0.03734622788435333,10.96582116472079
82_t2,82,Siemens,1.5,T2,7,7,2.2005207916307814,57948.514526805,50291.01653204297,20344.440672530203,0.40453429012649444,3100.533795407771,66920.0377942837,6704.672491985902,1756.9223647516926,0.26204447224700095,208.12515662935317,34.68752610489219,4.2318221296431435,0.121998383993268,1.124256973710145,0.9628364186144723,0.03586420467247891,10.757959951058371
83_t1,83,Philips,3.0,T1,6,6,1.172061492991758,27721.598432241062,40703.35152861778,9996.34385705643,0.24559019052836326,21111.171611767546,49798.54871423382,5959.737348280924,2167.890133052833,0.36375598560191463,153.77155391713276,30.754310783426554,1.8113132233348075,0.05889623851535066,1.0127395275657898,0.9945736648446123,0.005033112253159364,12.902049559010997
83_t2,83,Philips,3.0,T2,6,6,1.172061492991758,27721.598432241062,40703.35152861778,9996.34385705643,0.24559019052836326,21111.171611767546,49798.54871423382,5959.737348280924,2167.890133052833,0.36375598560191463,153.77155391713276,30.754310783426554,1.8113132233348075,0.05889623851535066,1.0127395275657898,0.9945736648446123,0.005033112253159364,12.902049559010997
85_t1,85,Siemens,1.5,T1,8,8,4.2187500478965605,41698.12547340961,35212.324618524624,13036.603882452724,0.3702284363127225,5020.312556996907,48169.688046882926,6326.54304057688,1457.1613010340086,0.23032504350130972,194.24473486781397,27.74924783825914,3.038633865609373,0.1095032875561538,1.044897999390501,0.9851607510587045,0.013868674907926965,14.644643186019676
85_t2,85,Siemens,1.5,T2,8,8,2.9296875332615007,45351.56301488803,35376.70938601594,13330.6976614783,0.376821301156614,4567.382864354679,48187.50054708516,6040.283271701899,1239.9552059184653,0.20528096947494523,193.97768323424668,27.711097604892384,3.1518022370572742,0.11373790680839314,1.0446543034293683,0.9852668721078823,0.01388807581430562,14.515867116712021
86_t1,86,Philips,3.0,T1,6,6,1.3637601516568756,36734.2434450296,38618.05080118497,11011.701469101316,0.2851438962000419,19676.3314681054,50884.61877862134,7194.289386707238,1836.3698749459634,0.25525382372562555,154.3979380844775,30.8795876168955,1.941754134825062,0.06288147882194406,1.006572854342698,0.9979496553328431,0.0020467306580782664,15.648990597442248
86_t2,86,Philips,3.0,T2,6,6,1.3637601516568756,36734.2434450296,38618.05080118497,11011.701469101316,0.2851438962000419,19676.3314681054,50884.61877862134,7194.289386707238,1836.3698749459634,0.25525382372562555,154.3979380844775,30.8795876168955,1.941754134825062,0.06288147882194406,1.006572854342698,0.9979496553328431,0.0020467306580782664,15.648990597442248
87_t1,87,Philips,3.0,T1,6,6,1.5114486360981358,58697.107782871106,52634.183487269445,12856.653954751757,0.2442643374122282,26143.527058589454,63627.453233823224,12268.680487314583,2863.5352651773887,0.23340205722513988,174.68139414190492,34.936278828380985,2.199320681419608,0.06295234510121915,1.045491811911636,0.9781880142968643,0.020999936865096654,13.626616102273049
87_t2,87,Philips,3.0,T2,6,6,1.5114486360981358,58697.107782871106,52634.183487269445,12856.653954751757,0.2442643374122282,26143.527058589454,63627.453233823224,12268.680487314583,2863.5352651773887,0.23340205722513988,174.68139414190492,34.936278828380985,2.199320681419608,0.06295234510121915,1.045491811911636,0.9781880142968643,0.020999936865096654,13.626616102273049
88_t1,88,Siemens,1.5,T1,6,6,2.462896395762709,42297.782700828764,42139.336366034695,4993.098258902005,0.1184901967968922,33106.25335184234,47105.356465357574,5888.37479953601,1041.3212335761998,0.17684357212758883,163.84307744747716,32.76861548949543,1.925164857717148,0.058750265426244334,1.0068007808069432,0.9980201282596901,0.001745663226919987,13.810390348082832
88_t2,88,Siemens,1.5,T2,6,6,1.608371113961503,42304.98541052941,42163.4487525008,5016.199491948751,0.11897033189561163,33090.62729864396,47167.09128803504,5889.050833770042,1042.6896597765679,0.17705563922070672,163.8532627782409,32.77065255564818,1.9398230376613517,0.05919390937693794,1.0068285186953587,0.997997673375824,0.0017650909551204664,13.837833122685545
89_t2,89,Siemens,1.5,T2,6,6,2.3697915544940065,43720.28438885992,25748.970135354626,3999.6247204377246,0.15533144430292706,18733.20223827512,29793.01942309865,6292.586507699751,1577.7987616102605,0.25073930404919814,157.7671894934386,31.55343789868772,1.1018625584734254,0.034920523144780065,1.005708263627034,0.9977880072712486,0.002202743151284783,12.653140556121418
8_t1,8,Siemens,1.5,T1,8,8,2.339409808149759,54655.63134780282,25641.101202225433,6578.60059662958,0.25656466720151455,13507.752232256707,33722.592384478776,4653.378534635889,1491.0780575317876,0.3204291347529798,213.90262203334268,30.55751743333467,2.7034638872362096,0.08847131947304646,1.0111753364359883,0.99595044863832,0.003948110520605008,11.675066768771414
8_t2,8,Siemens,1.5,T2,8,8,2.339409808149759,53542.07227912353,25641.101202225433,6578.60059662958,0.25656466720151455,13507.752232256707,33722.592384478776,4732.626041886962,1575.3037437075072,0.3328603886646998,213.90262203334268,30.55751743333467,2.7034638872362096,0.08847131947304646,1.0111753364359883,0.99595044863832,0.003948110520605008,11.866536079841362
90_t1,90,Siemens,1.5,T1,6,6,3.9990976513465326,37483.54228607105,42555.73114052891,6761.588272509042,0.15888784169118253,28297.614980928065,47973.175425553,7428.99040365141,1382.380463979475,0.18607918288598643,170.62229581648558,34.12445916329712,1.5071044638093796,0.04416493332694911,1.0051344218267335,0.9976070893131963,0.0023674392870158454,16.08835696799499
90_t2,90,Siemens,1.5,T2,6,6,2.900717154985376,43734.11254571451,43006.03253981318,6529.559203166732,0.15182891370232277,29230.526770787634,48227.32341878686,7932.011060307509,1407.4554938376846,0.1774399308241689,170.79875461764885,34.15975092352977,1.6238036123902737,0.047535581157421056,1.0050717533535283,0.9977177606917651,0.0022684363481271317,16.10356716668201
91_t2,91,Siemens,1.5,T2,7,7,2.2005207291730184,41070.51888928522,29199.966995813455,12302.50989540559,0.42131930824336344,745.9765271896532,38018.39663792224,6632.998197935813,2489.731350244245,0.37535534850871405,195.8370345286666,32.639505754777765,1.0504469318817697,0.03218329774175034,1.0618459216740246,0.9844972786390541,0.015438225981351915,12.528760408392568
93_t1,93,Siemens,1.5,T1,6,6,3.479293451031154,54381.35663961693,57679.146948952635,9741.133453354843,0.16888483912523536,39810.07566669847,68103.69001048381,8320.150405899167,2421.5946295010026,0.29105178528788955,171.34776590580546,34.26955318116109,3.26194168243445,0.09518483258580808,1.0120427760447086,0.9954088714612099,0.003534815760587629,18.510156402501487
93_t2,93,Siemens,1.5,T2,6,6,2.1697079202947944,54542.117700370545,58034.62421607173,9882.44046839871,0.17028524957109592,39692.63669387297,68445.60605361959,8360.607852869274,2503.6309949160855,0.2994556184161377,171.32649587891757,34.26529917578351,3.2637739048965333,0.09525012135624099,1.0119676510318725,0.9954346062598229,0.003520255328825647,18.6121855621193
94_t1,94,Philips,3.0,T1,7,7,1.1380480777316917,45240.82523406794,32581.1784173806,12820.463021174108,0.3934929196524878,5346.549869183487,43745.4300599285,8248.89762399294,2300.0017787718143,0.27882535141201115,203.38734167181235,33.897890278635394,4.443787127971876,0.13109332443150717,1.0304080185373072,0.9886044242966995,0.01084320465335728,15.389927215253008
94_t2,94,Philips,3.0,T2,7,7,1.1380480777316917,45240.82523406794,32581.1784173806,12820.463021174108,0.3934929196524878,5346.549869183487,43745.4300599285,8248.89762399294,2300.0017787718143,0.27882535141201115,203.38734167181235,33.897890278635394,4.443787127971876,0.13109332443150717,1.0304080185373072,0.9886044242966995,0.01084320465335728,15.389927215253008
95_t1,95,Philips,3.0,T1,6,6,1.2895373965367318,51661.44718005455,37600.976176916294,9319.290092035068,0.24784702525239355,18132.185332702986,45068.04247156224,6700.651235304282,1564.5763700585371,0.23349616553908806,176.85452607234748,35.370905214469495,3.5730666534260505,0.101017110861595,1.0090817598318176,0.9954988886273142,0.004429620476640244,19.638306724225803
95_t2,95,Philips,3.0,T2,6,6,1.2895373965367318,53328.81903377655,39394.29284970005,10030.770878627416,0.2546249761836641,18535.810537818983,48077.822755078974,7404.523730913915,1508.5688015819476,0.2037361019296168,177.09016908969596,35.41803381793919,3.2696305207659657,0.09231541585511692,1.0082266228773393,0.9963256551430361,0.003612148093304838,16.954754459593662
96_t1,96,Siemens,1.5,T1,8,8,2.3394099293487205,54943.38160068405,37233.75600927307,14198.571070956696,0.38133598628674903,3553.5636826807063,51410.872607367484,7234.040354028581,2550.164933448809,0.35252290679140175,220.15302642510025,31.45043234644289,3.9789962144282813,0.12651642338238944,1.0321966129520521,0.990560563537138,0.009429127658505202,14.644237740072905
96_t2,96,Siemens,1.5,T2,8,8,2.3394099293487205,64006.25566698099,36946.59344044551,13888.320984603271,0.3759026121579946,4290.477810425554,51006.154689590156,6996.005393717349,2388.3496444667244,0.3413876219436883,219.9839166288665,31.426273804123785,4.141295305285543,0.13177812078409182,1.0286676475174628,0.9916502899186593,0.008325239973593081,15.064755373941546
97_t2,97,Siemens,1.5,T2,7,7,2.603038011994124,42848.60871543528,42751.92444641836,17612.78323485537,0.4119763838217232,2355.7494008546823,55751.86814089015,7777.505717265301,2899.968077229202,0.37286608106133357,198.56817272240733,33.09469545373455,1.9241046226934837,0.05813936633214191,1.139279869553506,0.9605195958914056,0.03755426999896393,14.25218489546741
98_t1,98,Siemens,1.5,T1,8,8,1.1329650715197204,50056.662789884285,27141.5944945943,10210.448344787728,0.37619191263140167,3924.5910077443114,38102.748320279716,5832.64580881746,2054.5189542147086,0.352244765335905,211.4801461677041,30.21144945252916,4.708542534676079,0.1558529173490565,1.0096203373895305,0.995432453478959,0.004551789414152191,13.164156173438217
98_t2,98,Siemens,1.5,T2,7,7,1.1329650715197201,46403.9833993047,31010.87252902548,5831.141297238731,0.18803538313153637,21691.749259316563,37707.343510319326,6142.289209167626,2121.564739573189,0.3454029381108136,190.56118700042478,31.76019783340413,2.434538631638602,0.07665376155186905,1.0088800492947008,0.9956974506029944,0.004289196239483697,13.498512538638959
98_t2_SPACE,98,Siemens,1.5,T2,7,8,0.19775390101131052,43585.15753679385,26729.942790782246,5054.040619738568,0.18907786893884607,17780.646501629963,33361.67636231112,5083.708971773012,2247.154889557332,0.44203059263110495,191.84739776635766,31.974566294392943,2.6147134922365396,0.08177479150399862,1.0096038875342055,0.9950859466459038,0.004897270309041874,14.661871598704492
99_t2,99,Philips,3.0,T2,8,8,0.8425332673017383,79305.97138457802,34497.945896303325,9239.017250595829,0.2678135468809342,19534.133802390803,44816.87208758137,5713.849985523563,2123.110727117663,0.37157271060604324,225.0024151554992,32.143202165071315,2.7735597529846148,0.08628759943252448,1.006653451988403,0.9979813975084191,0.0019371456216427663,14.43807800121014
9_t1,9,Siemens,1.5,T1,7,7,2.2264531603343296,44773.97305432337,39507.7752006583,15741.122219027819,0.3984309959009064,4388.3391790189635,51428.841550562676,6610.975562507006,2137.575168352595,0.3233373271677415,190.39225204883135,31.73204200813856,4.1568146957434715,0.13099739041522585,1.023507450100432,0.9935265776352161,0.006377478727093053,12.62369865571232
9_t2,9,Siemens,1.5,T2,7,7,1.4106072612007101,49079.258438956305,39217.703075902136,15773.825169893413,0.40221185670574006,4379.935546028205,52069.74583270181,6735.246641587334,2014.1882244677797,0.2990518880230324,190.83309825065876,31.805516375109793,3.937263402050201,0.12379184024214157,1.0252138474558328,0.993164288771476,0.006737585811269557,12.617341994421308
