series,raw_vert_mean,raw_vert_std,raw_vert_p10,raw_vert_p50,raw_vert_p90,raw_disc_mean,raw_disc_std,raw_disc_p10,raw_disc_p50,raw_disc_p90,raw_canal_mean,raw_canal_std,raw_canal_p10,raw_canal_p50,raw_canal_p90,rel_disc_vert_mean,rel_canal_vert_mean,z_vert_mean,z_disc_mean,vert_contrast,disc_contrast,vendor,field,patient
100_t1,1260.73779296875,506.53118896484375,568.0,1315.0,1874.0,319.5185546875,260.4390869140625,-33.0,348.0,619.0,-60.19448471069336,251.3734130859375,-347.0,-92.0,255.0,0.25343775384227113,-0.04774544318307745,0.4741436,0.083271824,0.40177362127798566,0.8150984732441667,Philips,1.5,100
100_t2,1181.42578125,489.8926086425781,533.0,1219.0,1751.0,-128.87327575683594,454.9217224121094,-603.0,-242.0,560.0,1663.304931640625,1027.4605712890625,371.0,1535.0,3096.0,-0.10908283676643618,1.4078793239748808,0.5656037,0.031441797,0.4146621954614772,-3.529992725570734,Philips,1.5,100
101_t1,918.933349609375,525.8843383789062,247.0,925.0,1563.0,-245.466796875,213.90634155273438,-508.0,-243.0,1.0,-98.68327331542969,345.3205871582031,-417.999267578125,-165.0,267.0,-0.2671214367312089,-0.10738893440964957,0.4762709,-0.070139274,0.5722769099958936,-0.8714267882555599,Siemens,1.5,101
101_t2,313.2536926269531,515.6637573242188,-250.0,225.0,1033.0,-757.8800048828125,181.71266174316406,-899.0,-812.0,-524.0,1544.2559814453125,970.3677978515625,182.0,1596.0,2937.0,-2.4193809053225563,4.929729522309584,0.4570895,-0.18354067,1.646153797433946,-0.2397644228798804,Siemens,1.5,101
104_t1,1524.22607421875,649.6130981445312,619.0,1612.0,2280.0,179.57508850097656,294.4267578125,-216.0,232.0,504.0,-118.88461303710938,425.2341613769531,-435.0,-216.0,201.0,0.11781394598908482,-0.07799670598080248,0.9243098,0.060138233,0.42619209099365507,1.6395746126630713,Siemens,1.5,104
104_t2,1456.42724609375,606.4755249023438,623.0,1536.0,2144.0,-440.0435791015625,461.46014404296875,-898.0,-543.0,141.0,2211.2724609375,1049.1654052734375,496.0,2740.0,3096.0,-0.3021390735305551,1.5182855617058917,0.89016956,-0.26975143,0.4164131961363292,-1.0486691932508176,Siemens,1.5,104
105_t1,756.759033203125,529.9202880859375,3.0,827.0,1369.0,214.2693328857422,256.3490295410156,-141.0,244.0,525.0,7.269994258880615,283.4008483886719,-364.0,12.0,299.0,0.2831407663489211,0.00960674921646095,0.20749666,-0.00701094,0.7002497018670534,1.1963869252410715,Philips,3.0,105
105_t2,478.6947021484375,464.0244140625,-139.0,514.0,979.0,-443.0841979980469,239.3159637451172,-726.0,-480.0,-99.0,1217.5972900390625,851.247314453125,192.0,1079.0,2490.0,-0.9256091514776,2.543577946509051,0.20933583,-0.13358787,0.9693535587725348,-0.5401139678790488,Philips,3.0,105
106_t1,1608.3460693359375,629.260009765625,775.0,1659.0,2362.0,209.9874267578125,386.6070861816406,-313.0,239.0,681.0,164.9446563720703,583.9806518554688,-368.0,65.0,728.0,0.13056109666370008,0.10255545085369475,0.8650248,0.021114923,0.3912466485737056,1.8410963470990804,Siemens,1.5,106
106_t2,1458.0025634765625,625.2348022460938,657.0,1523.0,2176.0,-592.3700561523438,397.3610534667969,-946.0,-689.0,-187.0,2079.639892578125,1065.37548828125,518.0,2358.0,3096.0,-0.40628876147759757,1.4263623008953599,0.574714,-0.49653608,0.4288296999467619,-0.6707986840499641,Siemens,1.5,106
107_t1,153.7406005859375,54.25833511352539,90.0,152.0,222.0,51.43077850341797,22.158784866333008,24.0,51.0,79.0,59.784217834472656,36.284584045410156,28.0,54.0,90.0,0.3345295775668559,0.38886421165104285,1.1656247,0.016076162,0.3529213139132685,0.43084676297508556,Siemens,1.5,107
107_t2,141.59744262695312,54.70001983642578,74.0,143.0,209.0,33.415496826171875,31.609966278076172,8.0,25.0,69.0,191.34132385253906,74.68568420410156,96.0,189.0,290.0,0.23598940750799843,1.3513049314409882,1.5265499,0.15715818,0.3863065492943237,0.9459672407848564,Siemens,1.5,107
107_t2_SPACE,102.55152130126953,32.971378326416016,60.0,105.0,142.0,27.157981872558594,21.01972770690918,5.0,23.0,55.0,138.47763061523438,86.37168884277344,38.0,118.0,274.0,0.2648228057773297,1.3503225257682996,1.2627226,0.06599971,0.32151037436143304,0.7739797099639631,Siemens,1.5,107
108_t1,1406.0999755859375,702.8490600585938,492.0,1425.0,2284.0,353.02728271484375,403.53179931640625,-178.0,362.0,866.0,182.92294311523438,474.5026550292969,-309.0,119.0,679.0,0.2510684080743725,0.13009241601680274,0.96158075,0.23781943,0.4998571024552159,1.1430612248155791,Siemens,1.5,108
108_t2,1307.5491943359375,717.9065551757812,399.0,1313.0,2182.0,-378.53338623046875,545.2596435546875,-887.0,-548.0,376.0,2504.131103515625,953.4732055664062,850.0,3096.0,3096.0,-0.2894983894913532,1.9151333750561177,0.9436995,-0.1803556,0.5490474528503959,-1.4404532462115807,Siemens,1.5,108
109_t1,551.7315063476562,422.05706787109375,-33.0,595.0,1075.0,192.27044677734375,260.1947326660156,-183.0,238.0,496.0,-117.58319091796875,272.9224548339844,-455.0,-142.0,217.0,0.3484855300391438,-0.21311668692481867,0.96261257,0.7396219,0.76496821778414,1.3532747006827108,Philips,3.0,109
109_t2,488.5847473144531,382.133056640625,-41.0,526.0,942.0,310.0375671386719,659.3916015625,-524.0,242.0,1226.0,1882.245849609375,980.509521484375,596.0,1798.0,3096.0,0.6345625159366042,3.8524449567917367,0.854036,0.7515993,0.7821223604685347,2.12681193934398,Philips,3.0,109
10_t1,736.1467895507812,592.3922119140625,-63.0,745.0,1493.0,84.09307098388672,339.3212585449219,-380.0,105.0,510.0,21.175893783569336,504.7779235839844,-416.0,-78.0,510.0,0.1142341066527896,0.028765857646035026,0.6290956,0.2680471,0.8047202263434956,4.0350679377005045,Siemens,3.0,10
10_t2,586.233154296875,527.3890380859375,-124.0,604.0,1238.0,-582.6409912109375,256.80078125,-882.0,-618.0,-242.0,1216.3980712890625,1061.3265380859375,-197.0,1137.0,2686.0,-0.9938724651557478,2.0749390584588565,0.57382244,-0.13501576,0.8996233551800082,-0.4407530289913668,Siemens,3.0,10
110_t1,157.9636688232422,44.28044891357422,102.0,161.0,211.0,81.9317626953125,28.71593475341797,46.0,84.0,115.0,53.8892936706543,36.136962890625,27.0,47.0,80.0,0.5186747230359506,0.3411499222001819,0.40783718,-0.0291278,0.28032046206018796,0.3504859831921435,Siemens,1.5,110
110_t2,135.86302185058594,36.769378662109375,90.0,138.0,180.0,56.33824920654297,43.66813659667969,10.0,43.0,123.0,263.00555419921875,103.96855926513672,103.0,296.0,371.0,0.41466948125024733,1.9358140918773505,1.11199,0.2921469,0.2706356585525566,0.7751063697680869,Siemens,1.5,110
110_t2_SPACE,82.75359344482422,23.130674362182617,53.0,83.0,111.0,28.865745544433594,21.74405288696289,7.0,22.0,62.0,212.3638458251953,109.30961608886719,54.0,234.0,338.0,0.3488156102231882,2.566218993264256,1.1920284,0.22974546,0.2795126244045501,0.7532821939488679,Siemens,1.5,110
112_t1,441.6585388183594,350.3512878417969,-31.0,474.0,853.0,254.80067443847656,323.8157958984375,-209.0,307.0,631.0,-100.68006896972656,351.3758239746094,-450.0,-151.0,237.0,0.5769178029327097,-0.2279590676795997,0.30016178,0.18322945,0.7932627952487585,1.2708592523987448,Philips,3.0,112
112_t2,508.70916748046875,356.50213623046875,34.0,539.0,900.0,410.9522705078125,1051.22021484375,-649.0,41.0,2184.0,2110.864990234375,970.8138427734375,693.0,2331.0,3096.0,0.80783342618994,4.149453402893443,0.45371643,0.40188348,0.7007975446861957,2.5580104740308403,Philips,3.0,112
113_t1,735.9915771484375,535.6603393554688,1.0,764.0,1404.0,478.3522644042969,301.755615234375,56.0,531.0,819.0,-5.594215393066406,369.0513000488281,-501.0,-17.0,485.0,0.6499425789731266,-0.007600923107218143,0.35494632,0.2274021,0.7278077022335638,0.6308230086029492,Philips,3.0,113
113_t2,504.0695495605469,442.0013122558594,-54.0,505.0,1039.0,55.71244812011719,579.39013671875,-600.0,-54.0,900.0,1671.9337158203125,1001.9398803710938,345.0,1590.0,3096.0,0.11052531948847648,3.31687108249457,0.44645485,0.21874681,0.8768657257006202,10.399652965705618,Philips,3.0,113
115_t1,814.6817016601562,476.30535888671875,150.0,880.0,1375.0,203.9809112548828,268.0427551269531,-178.0,238.0,522.0,-34.89973068237305,255.02255249023438,-339.0,-39.0,244.0,0.25038111275708036,-0.042838485961346595,0.292582,0.041161347,0.5846520884554702,1.3140580271159015,Philips,3.0,115
115_t2,833.7992553710938,494.48809814453125,148.0,913.0,1394.0,-121.96329498291016,553.858154296875,-717.0,-273.0,737.0,1586.2637939453125,1040.0029296875,324.0,1444.0,3082.0,-0.1462741709721899,1.902452876786117,0.3882176,0.034100298,0.5930541366715403,-4.5411872392892505,Philips,3.0,115
116_t1,878.8761596679688,576.0453491210938,143.0,858.0,1627.0,-187.1225128173828,355.39190673828125,-635.0,-210.0,318.0,-187.5965118408203,386.89068603515625,-540.0,-245.0,199.0009765625,-0.21291112581227012,-0.21345044983156908,0.7066791,0.12670156,0.6554340359889661,-1.8992472005993402,Siemens,3.0,116
116_t2,343.10809326171875,499.4749755859375,-216.0,273.0,979.0,-507.4534606933594,415.8661193847656,-882.0,-627.0,19.0,2645.34716796875,894.0693969726562,1155.0,3096.0,3096.0,-1.4789900593434555,7.709952671506813,0.66038674,0.08137954,1.455736498028939,-0.819515783055381,Siemens,3.0,116
117_t1,1177.12890625,732.5482788085938,123.0,1291.0,2047.0,200.85487365722656,336.56353759765625,-219.0,192.0,584.0,15.677175521850586,456.9903564453125,-455.0,-21.0,391.0,0.1706311623307784,0.01331814674271783,0.30743623,-0.04110858,0.6223178058892187,1.6756553116872388,Philips,3.0,117
117_t2,1206.15576171875,599.0230102539062,368.0,1284.0,1905.0,-256.0350036621094,360.7406921386719,-673.0,-313.0,268.0,1342.887939453125,970.3477172851562,-14.0,1406.0,2630.0,-0.2122735815521791,1.1133619561922683,0.35271603,-0.14026804,0.49663818618556455,-1.408950684038866,Philips,3.0,117
118_t1,657.7549438476562,510.3049011230469,41.0,624.0,1295.0,-208.74241638183594,260.37017822265625,-540.0,-205.0,129.0,-97.08193969726562,506.5718078613281,-576.0,-205.0,447.0,-0.31735590589924506,-0.14759591008434142,0.75812304,0.10366887,0.7758283006769937,-1.2473276106649516,Siemens,1.5,118
118_t2,668.5618896484375,514.7691040039062,41.0,648.0,1308.0,-393.8531188964844,461.7815246582031,-791.0,-566.0,336.0,2076.279052734375,1047.581787109375,579.0,2332.0,3096.0,-0.5891049496023272,3.1055898964276802,1.4339582,0.3778796,0.7699647724530517,-1.1724714206263367,Siemens,1.5,118
118_t2_SPACE,814.2491455078125,651.6068115234375,-16.0,825.0,1621.0,-391.3478088378906,432.7899169921875,-812.0,-531.0,240.0,1726.9427490234375,1313.5989990234375,-110.0,1878.0,3096.0,-0.48062415602929437,2.120902129808825,1.0797068,0.17528297,0.8002548290263213,-1.1058958510161467,Siemens,1.5,118
11_t1,1121.4246826171875,628.549560546875,295.0,1142.0,1890.0,75.09547424316406,317.1000671386719,-322.0,86.0,455.0,-238.46981811523438,412.2229919433594,-611.0,-312.0,136.0,0.06696434931407204,-0.2126489826726866,0.30089235,-0.13855714,0.5604919971258973,4.222625479256655,Siemens,1.5,11
11_t2,1275.804443359375,732.7444458007812,275.0,1363.0,2124.0,-477.8575439453125,344.2365417480469,-847.0,-543.0,-40.0,1797.3916015625,1038.441650390625,369.0,1832.0,3096.0,-0.3745539107172973,1.4088300205483542,0.7438212,-0.033166833,0.5743391544373536,-0.7203748205507396,Siemens,1.5,11
11_t2_SPACE,728.3576049804688,658.2091064453125,-107.0,711.0,1548.0,-670.6834716796875,218.0734100341797,-872.0,-708.0,-435.0,1809.5474853515625,1308.0462646484375,-89.0,2149.0,3096.0,-0.9208161844851692,2.4844217599892633,0.59023964,-0.14224266,0.9036894803333223,-0.3251510132092246,Siemens,1.5,11
120_t2,73.1833724975586,376.1279602050781,-313.0,7.0,522.0,-106.84539794921875,733.7382202148438,-849.0,-378.0,1058.0,2312.046630859375,1041.2733154296875,608.0,3096.0,3096.0,-1.4599681982791233,31.592512347582684,0.95247877,0.7526688,5.139527494146273,-6.867289009778991,Siemens,1.5,120
121_t1,883.9215698242188,547.5874633789062,128.0,939.0,1546.0,224.00128173828125,298.3219909667969,-185.0,249.0,583.0,-81.1780776977539,335.7969055175781,-430.0,-116.0,225.0,0.2534175984973528,-0.09183855262414159,0.63700855,0.25131577,0.619497794208489,1.3317869760386618,Philips,3.0,121
121_t2,919.3912353515625,540.465087890625,200.0,962.0,1562.0,-125.15287780761719,442.19512939453125,-613.0,-231.0,544.0,2072.8955078125,982.6818237304688,582.0,2271.0,3096.0,-0.1361258111446262,2.2546391849876772,0.65225947,0.13821216,0.5878510328588324,-3.5332398317480616,Philips,3.0,121
122_t1,846.2703247070312,413.1705322265625,337.0,853.0,1335.0,20.97991943359375,272.64453125,-373.0,57.0,337.0,-173.5830535888672,331.3847961425781,-466.0,-221.0,100.0,0.024791037563636313,-0.20511537308583308,0.8107067,0.28065506,0.4882252392359049,12.99549882054998,Siemens,1.5,122
122_t2,831.5864868164062,417.84283447265625,323.0,844.0,1324.0,-7.278624534606934,808.8905029296875,-927.0,-134.0,1115.0,1918.8822021484375,1063.3446044921875,396.0,2022.0,3096.0,-0.008752696972890057,2.3074956486932234,0.8207223,0.32669103,0.5024646751654599,-111.13234515890784,Siemens,1.5,122
123_t2,1206.235107421875,541.4955444335938,429.0,1278.0,1841.0,-34.96526336669922,535.4989013671875,-658.0,-151.0,780.0,2120.972900390625,991.59619140625,605.0,2339.0,3096.0,-0.028987104688442115,1.758341210251712,0.9721045,0.42045987,0.44891376536207417,-15.31516897402705,Philips,1.5,123
124_t2,796.6144409179688,630.219482421875,70.0,715.0,1638.0,-513.3246459960938,355.4842834472656,-907.0,-594.0,-3.0,2621.818603515625,827.9806518554688,1287.0,3096.0,3096.0,-0.6443828017480925,3.2912014464653736,1.1671567,0.122548126,0.7911223413230208,-0.6925135718936127,Siemens,1.5,124
125_t1,606.6448974609375,446.235595703125,-18.0,663.0,1135.0,127.70684051513672,239.50624084472656,-192.0,150.0,416.0,-203.92442321777344,236.84011840820312,-490.0,-207.0,44.0,0.21051333463634145,-0.3361512208132487,0.23290771,0.019477202,0.735579573544965,1.8754378230890518,Philips,3.0,125
125_t2,537.6005249023438,420.97991943359375,1.0,567.0,1002.0,-317.9416198730469,406.7454528808594,-736.0,-421.0,245.0,1748.5078125,954.5722045898438,429.0,1773.0,3028.0,-0.5914086846165058,3.2524295052821808,0.24617146,-0.07655285,0.7830720007704487,-1.2793086174832355,Philips,3.0,125
126_t1,1584.189208984375,675.9274291992188,719.0,1583.0,2466.0,299.00531005859375,361.23406982421875,-192.0,334.0,728.0,89.43220520019531,448.1576843261719,-351.0,33.0,512.0,0.18874343302814367,0.056452982154244935,0.91816205,0.040304173,0.42667089571067424,1.208119242247943,Siemens,1.5,126
127_t1,202.8823699951172,55.99949264526367,133.0,204.0,270.0,93.37531280517578,31.698894500732422,55.0,94.0,132.0,65.05789947509766,52.37957763671875,29.0,53.0,99.0,0.4602436000091061,0.32066807557500115,0.3917817,-0.13217553,0.27601951007666126,0.3394783182937518,Siemens,1.5,127
127_t2,180.42295837402344,52.85840606689453,116.0,182.0,242.0,54.46633529663086,40.508941650390625,11.0,45.0,112.0,290.5267333984375,121.2787857055664,114.0,308.0,436.0,0.30188139849607576,1.6102536750667351,0.82435006,0.022078568,0.2929693995170377,0.7437427300006665,Siemens,1.5,127
127_t2_SPACE,94.83629608154297,30.841588973999023,59.0,93.0,132.0,23.250999450683594,16.402252197265625,7.0,19.0,46.0,212.70831298828125,119.63155364990234,51.0,211.0,369.0,0.24516983650987256,2.2428998129839313,0.7204033,-0.074988894,0.3252087009204982,0.7054428574828654,Siemens,1.5,127
129_t1,129.810546875,56.31049346923828,57.0,126.0,203.0,51.45093536376953,19.669071197509766,25.0,52.0,76.0,49.545555114746094,27.919734954833984,19.0,46.0,80.0,0.39635404214851466,0.3816758801638799,2.2463567,0.73944104,0.43378981439522163,0.382287915198376,Siemens,1.5,129
129_t2,120.12512969970703,52.13702392578125,54.0,115.0,189.0,28.5316104888916,18.883028030395508,9.0,24.0,53.0,225.52439880371094,104.41242218017578,78.0,233.0,361.0,0.2375157498077227,1.8774123074003946,2.525571,0.44390023,0.4340226197640125,0.6618283035904705,Siemens,1.5,129
129_t2_SPACE,98.7743911743164,38.37297439575195,46.0,101.0,147.0,23.119022369384766,15.423747062683105,6.0,20.0,44.0,122.93921661376953,69.9868392944336,31.0,123.0,218.0,0.23405886749051785,1.244646652917967,2.4263349,0.3815952,0.3884911215452643,0.6671452689090627,Siemens,1.5,129
12_t1,1226.0950927734375,541.2350463867188,555.0,1217.0,1864.0,575.6608276367188,440.2769470214844,-29.0,632.0,1094.0,270.27880859375,430.4306335449219,-137.0,216.0,693.0,0.46950748808973825,0.22043870003748103,1.2672102,0.87228954,0.44142990958475375,0.7648200556986815,Siemens,1.5,12
12_t2,1040.8243408203125,499.90863037109375,451.0,1022.0,1609.0,269.1851501464844,1073.7716064453125,-792.0,-153.0,1989.0,2358.65771484375,982.71484375,831.0,3096.0,3096.0,0.25862687807214674,2.2661438823756366,1.605537,0.8963099,0.4803006715780651,3.988970423784597,Siemens,1.5,12
130_t1,888.7053833007812,590.223388671875,172.0,843.0,1640.0,234.07139587402344,270.86566162109375,-137.0,257.0,570.0,-56.17405700683594,377.7775573730469,-476.0,-87.0,307.0,0.26338469419557636,-0.06320886313863482,0.47919562,0.16094866,0.6641384187587127,1.1571924858758924,Philips,3.0,130
130_t2,860.3965454101562,605.3632202148438,155.0,791.0,1717.0,-114.34733581542969,362.9265441894531,-553.0,-155.0,358.0,1137.6705322265625,813.2197265625,-6.0,1183.0,2179.1953125,-0.13290073779645278,1.3222630157841522,0.5104488,0.08423816,0.7035862972028522,-3.173895961591585,Philips,3.0,130
131_t1,486.2996520996094,439.0340881347656,-139.0,568.0,996.0,283.7210693359375,277.41192626953125,-113.0,331.0,607.0,43.75249481201172,464.3819885253906,-371.900146484375,-41.0,488.0,0.5834284839142638,0.08997023652626344,0.17923452,0.0758781,0.9028056782200453,0.9777628638615526,Philips,3.0,131
131_t2,355.5955505371094,364.8097229003906,-152.0,405.0,770.0,70.96330261230469,637.61181640625,-591.0,-108.0,1150.0,1589.01513671875,985.4270629882812,352.0,1484.0,3096.0,0.1995618401455145,4.468602404754557,0.23041315,0.101968996,1.0259119421585894,8.985092068003599,Philips,3.0,131
132_t1,806.4095458984375,569.7837524414062,106.0,775.0,1534.0,-310.6078796386719,270.4337463378906,-651.0,-330.0,61.0,-246.644287109375,412.4099426269531,-607.0,-312.0,61.0,-0.3851738621316088,-0.30585486997023165,0.907483,0.16181049,0.7065687089554845,-0.8706596481813149,Siemens,1.5,132
133_t1,1523.7659912109375,678.5427856445312,607.0,1557.0,2380.0,320.0331115722656,297.2997131347656,-77.0,334.0,693.0,73.36978912353516,292.8882141113281,-294.0,68.0,427.0,0.21002772945989392,0.04815029965137747,1.2420108,0.64962256,0.4453064244201871,0.9289654771820942,Philips,3.0,133
133_t2,1542.4036865234375,630.431884765625,718.0,1592.0,2293.0,-215.89976501464844,363.9933166503906,-610.0,-282.0,267.0,1636.382568359375,854.3963012695312,530.0,1579.0,2897.0,-0.13997617274976057,1.060930145328448,1.2468876,0.38455135,0.4087333879354754,-1.6859366118885348,Philips,3.0,133
134_t2,905.9104614257812,445.02325439453125,324.0,933.0,1409.0,54.00242233276367,610.6146850585938,-647.0,-95.0,981.0,1760.038330078125,975.53173828125,562.0,1629.0,3096.0,0.059611213881071545,1.9428391690777278,0.5933765,0.21441388,0.491244193386265,11.307171926266674,Philips,1.5,134
136_t1,107.21381378173828,50.13221740722656,49.0,99.0,177.0,40.07374572753906,19.73711395263672,17.0,38.0,66.0,49.750728607177734,36.23860168457031,18.0,41.0,87.0,0.37377408694131103,0.46403281805109103,0.5805276,-0.07770838,0.4675910236874211,0.4925198057179212,Siemens,1.5,136
136_t2,96.52704620361328,46.54049301147461,44.0,89.0,162.0,28.648147583007812,27.263198852539062,7.0,21.0,59.0,183.2371063232422,84.35453033447266,78.0,177.0,309.0,0.2967888111461409,1.898298058747446,0.6050195,-0.041446213,0.48214976382010855,0.9516565712281243,Siemens,1.5,136
136_t2_SPACE,85.39910125732422,36.490562438964844,36.0,87.0,130.0,23.04450798034668,17.14590072631836,5.0,19.0,46.0,187.04820251464844,111.05079650878906,48.0,174.0,340.0,0.26984485048694146,2.1902830073205637,0.59332335,-0.09950547,0.4272944501103962,0.7440341098584959,Siemens,1.5,136
137_t1,770.2327270507812,548.5480346679688,15.0,810.0,1462.0,239.5679473876953,251.6026611328125,-96.0,253.0,555.0,-121.06477355957031,264.556884765625,-463.0,-123.0,181.0,0.3110331964132024,-0.1571794720615774,1.1562591,0.80964595,0.7121847912853206,1.0502350703677659,Philips,3.0,137
137_t2,795.3630981445312,471.6745300292969,140.0,839.0,1363.0,-13.051004409790039,582.0521850585938,-641.0,-180.0,867.0,1526.3909912109375,930.5150756835938,346.0,1425.0,3028.798828125,-0.01640886335288538,1.9191121550052774,1.1165193,0.61377424,0.5930304417398995,-44.5982708595398,Philips,3.0,137
138_t1,1644.475341796875,549.2991943359375,852.0,1741.0,2290.0,403.93267822265625,168.12017822265625,188.0,429.0,586.0,-34.465423583984375,304.68450927734375,-335.0,-86.0,279.0,0.24563012148036192,-0.02095830973383073,0.71269006,0.22942449,0.33402701763938014,0.4162084101395145,Philips,1.5,138
138_t2,1604.195068359375,562.2630615234375,774.0,1712.0,2244.5,110.49224090576172,564.5999145507812,-508.0,-44.0,975.0,2047.626953125,979.4519653320312,547.0,2240.0,3096.0,0.0688770605372114,1.2764201762212788,0.84533656,0.26750183,0.3504954430186434,5.1098602473133425,Philips,1.5,138
13_t1,1304.10546875,599.5570678710938,477.0,1354.0,2039.0,323.0085144042969,260.2803649902344,-29.0,362.0,612.0,-32.75949478149414,282.4756774902344,-372.0,-43.0,284.0,0.24768588269644964,-0.025120280177779033,0.4030606,0.0232321,0.459745842478546,0.805800319736004,Philips,1.5,13
13_t2,1429.167724609375,629.9430541992188,547.0,1509.0,2165.0,-119.46562957763672,400.2828674316406,-601.0,-171.0,446.0,1161.7275390625,910.339111328125,-46.0,1118.0,2423.0,-0.08359104913784589,0.8128699789712627,0.5773286,-0.019447256,0.4407761544787339,-3.3506111523241193,Philips,1.5,13
140_t1,853.7256469726562,469.78271484375,216.0,887.0,1436.0,10.388022422790527,246.30203247070312,-331.0,35.0,301.0,-90.98458862304688,253.06605529785156,-372.0,-110.0,175.0,0.012167869675063624,-0.10657356826412341,0.49076393,0.09686502,0.5502736341110799,23.71019225181331,Philips,3.0,140
140_t2,795.1016845703125,445.1004943847656,212.0,816.0,1320.0,-343.68646240234375,292.01605224609375,-669.0,-395.0,48.0,1697.3236083984375,699.2437744140625,693.0,1757.0,2576.0,-0.4322547274639765,2.134725204589369,0.5495233,0.05525761,0.5598032333002827,-0.8496582933601189,Philips,3.0,140
141_t2_SPACE,1325.43798828125,1032.22802734375,-204.0,1445.0,2653.0,726.04150390625,1231.3885498046875,-557.0,326.0,3096.0,2110.15576171875,1375.542724609375,-292.0,3096.0,3096.0,0.5477747806971816,1.5920441233641052,1.8315452,1.2660769,0.7787825878625223,1.6960305182052786,Siemens,3.0,141
142_t1,490.28204345703125,659.2670288085938,-255.0,381.0,1402.0,-452.40338134765625,207.95851135253906,-699.0,-471.0,-183.0,-192.13404846191406,567.496337890625,-651.0,-315.0,309.0,-0.9227410762078302,-0.3918847337652253,0.66476333,0.004619481,1.344668923249488,-0.45967497235040594,Siemens,1.5,142
142_t2,623.1124877929688,679.7957153320312,-134.0,500.0,1609.0,-681.9296875,184.51913452148438,-851.0,-729.0,-459.0,1497.3492431640625,1179.8697509765625,-13.0,1379.0,3096.0,-1.0943925852312253,2.403015940291259,0.93633485,0.041857652,1.0909678871127484,-0.2705838126340088,Siemens,1.5,142
142_t2_SPACE,1130.74755859375,782.9186401367188,73.0,1168.0,2088.0,-464.2282409667969,326.7160949707031,-824.0,-540.0,-14.0,1766.1885986328125,1380.3302001953125,-277.0,2219.0,3096.0,-0.410549849989137,1.5619654304337927,0.64507097,-0.12174435,0.6923902983421005,-0.7037833264819713,Siemens,1.5,142
143_t1,1178.122802734375,545.6340942382812,451.0,1206.0,1833.0,126.22239685058594,297.4797668457031,-287.0,167.0,476.0,-2.415423631668091,271.79693603515625,-287.0,-46.0,288.0,0.10713857371276603,-0.002050230777310956,0.40754646,-0.016435955,0.4631385561070104,2.3567906481846492,Philips,1.5,143
143_t2,1047.8778076171875,539.983154296875,365.0,1039.0,1730.0,-389.39935302734375,303.1000671386719,-698.0,-450.0,19.0,2023.2254638671875,958.1627197265625,622.0,2129.0,3096.0,-0.37160759568065227,1.9307837681352362,0.46339536,-0.101572074,0.5153111840486952,-0.7783784579009471,Philips,1.5,143
144_t1,948.7178344726562,449.4822998046875,336.0,980.0,1512.0,304.2240295410156,243.95486450195312,-15.0,322.0,600.0,-12.332610130310059,411.5144348144531,-380.0,-60.0,256.0,0.32066860995550867,-0.01299923925659718,0.5258681,0.16900556,0.4737786968880511,0.8018921584469082,Philips,3.0,144
144_t2,1069.6231689453125,427.1103210449219,477.0,1114.0,1576.0,45.13572311401367,621.8280029296875,-643.0,-128.0,977.0,2029.386474609375,1037.4437255859375,508.0,2285.0,3096.0,0.042197779911893045,1.897291056917861,0.6451808,0.17393547,0.3993091520883556,13.776847832527036,Philips,3.0,144
145_t1,1634.3118896484375,733.3782958984375,645.0,1659.0,2581.0,315.2437438964844,460.26104736328125,-307.0,334.0,930.0,327.3643798828125,253.9947052001953,18.0,309.0,665.0,0.19289080970426442,0.20030716398503703,0.647675,0.12235912,0.4487382733337752,1.4600164311409756,Philips,3.0,145
145_t2,1354.40771484375,702.6126098632812,408.0,1391.0,2208.0,-175.5343475341797,514.9583129882812,-678.0,-321.0,585.49609375,2441.735107421875,887.1671142578125,1004.0,3096.0,3096.0,-0.1296022944057342,1.802806554376986,0.9766433,0.1928615,0.5187600466566874,-2.9336612643384274,Philips,3.0,145
146_t1,1262.5762939453125,775.6063232421875,308.0,1211.0,2332.0,-40.44491958618164,302.71490478515625,-423.0,-49.0,354.0,-35.29342269897461,427.5993957519531,-439.0,-127.0,495.0,-0.032033644024604055,-0.027953497020552973,1.5354279,0.47606102,0.6143045187425938,-7.484621439900275,Siemens,1.5,146
146_t2,1054.1370849609375,717.4288940429688,194.0,996.0,2020.0,-475.1987609863281,371.1716613769531,-795.0,-573.0,41.0,2410.3095703125,885.8399047851562,1030.0,2959.0,3096.0,-0.4507940829661098,2.2865238330129456,2.042448,0.38373235,0.6805840564739926,-0.7810871842082081,Siemens,1.5,146
146_t2_SPACE,1347.8062744140625,807.4647216796875,307.0,1368.0,2380.0,-347.34185791015625,405.54815673828125,-777.0,-432.0,209.0,2265.922119140625,1160.00830078125,258.0,3096.0,3096.0,-0.25770903745306317,1.6811927355394647,1.5726383,0.22407171,0.5990955350253317,-1.1675764054062183,Siemens,1.5,146
147_t2,1809.3447265625,610.6583251953125,926.0,1914.0,2492.0,13.413652420043945,470.5689392089844,-550.0,-49.0,656.0,2384.324951171875,879.673583984375,1080.0,2941.0,3096.0,0.007413541607471591,1.3177836787265922,0.9518655,0.13367365,0.3375024758371915,35.081340219049935,Philips,1.5,147
149_t1,811.114990234375,535.6365356445312,11.0,902.0,1414.0,531.671630859375,348.7066345214844,46.0,571.0,944.0,138.94540405273438,293.02490234375,-236.0,122.0,509.0,0.6554824366521248,0.17130173348329292,0.7064455,0.54865706,0.6603706520445224,0.6558684225862851,Philips,3.0,149
149_t2,558.056396484375,456.7674865722656,-101.0,619.0,1071.0,212.56492614746094,809.2841186523438,-633.0,-46.0,1540.0,2040.1383056640625,1070.590087890625,466.0,2248.0,3096.0,0.38090222978478183,3.655792344395056,0.7239306,0.5235295,0.8184969989257307,3.8072325924724435,Philips,3.0,149
151_t2,1272.7757568359375,591.0686645507812,411.0,1377.0,1962.0,37.8718376159668,589.8984985351562,-600.0,-117.0,959.0,1829.798095703125,1031.9320068359375,467.0,1777.0,3096.0,0.029755310299403523,1.437643736092425,1.3377138,0.61087215,0.4643934023034486,15.576177975326885,Philips,1.5,151
152_t1,125.8888931274414,53.290287017822266,53.0,128.0,191.0,64.64740753173828,30.158403396606445,26.0,64.0,103.0,66.56442260742188,34.882476806640625,35.0,61.0,98.0,0.5135274877090716,0.5287553208628281,0.92810464,0.20761655,0.4233120593137849,0.46650599121541503,Siemens,1.5,152
152_t2,115.60650634765625,47.12812042236328,52.0,118.0,172.0,28.922868728637695,25.055011749267578,4.0,22.0,65.0,218.35806274414062,102.10857391357422,85.7001953125,221.0,353.0,0.25018374304536123,1.8888042529257114,1.524341,0.21095255,0.40765975465929283,0.8662699097406508,Siemens,1.5,152
152_t2_SPACE,84.9150390625,34.835323333740234,36.0,88.0,126.0,20.946922302246094,15.291387557983398,4.0,18.0,42.0,166.92709350585938,110.01911926269531,38.0,146.0,331.0,0.24668094470459573,1.9658130454039244,1.0652506,-0.0008846283,0.4102373773609528,0.7300063755111823,Siemens,1.5,152
154_t1,1103.1776123046875,681.1346435546875,226.0,1102.0,1979.0,-225.88021850585938,286.6282043457031,-609.0,-219.0,143.0,-5.786141872406006,603.6720581054688,-513.0,-164.0,719.0,-0.204754171750468,-0.005244977601632971,0.8781376,-0.037822343,0.6174297187868735,-1.2689389425537805,Siemens,1.5,154
154_t2,1317.1343994140625,673.8115844726562,457.0,1343.0,2145.0,-488.4303283691406,505.5660095214844,-944.0,-686.0,337.0,2066.6572265625,1075.2884521484375,466.0,2321.0,3096.0,-0.3708280098185839,1.5690556908336861,0.9086021,-0.23055542,0.5115739018439065,-1.0350831657907948,Siemens,1.5,154
155_t1,1463.640380859375,662.0151977539062,623.0,1455.0,2313.0,152.98292541503906,331.6328430175781,-276.0,160.0,581.0,-45.315975189208984,405.0409851074219,-436.0,-133.0,446.0,0.10452220867307109,-0.03096114028477447,1.0049937,0.14835486,0.452307278453808,2.1677768283623107,Siemens,1.5,155
155_t2,1562.025634765625,656.3318481445312,702.0,1606.0,2361.0,-396.2642517089844,476.3891296386719,-882.0,-521.0,308.0,2491.78076171875,935.9967651367188,861.0,3096.0,3096.0,-0.25368613845748816,1.5952239865112114,0.9988883,-0.1037524,0.42017994654923246,-1.2022006244225423,Siemens,1.5,155
156_t1,697.3331909179688,503.8905334472656,23.0,705.0,1319.0,112.71122741699219,347.648193359375,-351.0,151.0,509.0,-170.22113037109375,304.1605529785156,-510.0,-196.0,151.0,0.16163181205671198,-0.2441030089259222,0.65899956,0.3388342,0.7225965138147922,3.0844149091623603,Philips,3.0,156
156_t2,850.9282836914062,491.34381103515625,242.0,840.0,1472.0,-230.2357940673828,353.5250244140625,-651.0,-286.0,268.0,1629.236328125,821.50048828125,469.0,1712.0,2678.0,-0.27057015051612615,1.914657624427012,0.70791036,0.20269357,0.577420941194057,-1.5354911575829426,Philips,3.0,156
159_t2,1293.8568115234375,787.1835327148438,365.0,1214.0,2428.0,-155.5175018310547,578.2808837890625,-726.0,-332.0,699.0,2673.495849609375,792.228515625,1336.0,3096.0,3096.0,-0.12019684120049223,2.0662996273870498,1.9330192,0.6057532,0.6084008099625663,-3.7184296345996053,Siemens,1.5,159
15_t1,1824.86279296875,601.7352294921875,986.0,1906.0,2513.0,765.5335693359375,359.7055969238281,280.0,787.0,1196.0,304.2582702636719,362.0862731933594,-75.0,238.0,738.0,0.4195019876924768,0.16672939536564532,1.2741826,0.79636157,0.32974272448369724,0.46987566693643396,Philips,3.0,15
15_t2,1268.6942138671875,538.9974365234375,576.0,1293.0,1881.0,-142.3110809326172,406.99591064453125,-579.0,-217.0,400.0,2490.343505859375,847.3562622070312,1150.0,3096.0,3096.0,-0.11217130122053479,1.9629186266290928,1.2190727,0.46087527,0.4248442455299302,-2.859903184188045,Philips,3.0,15
160_t1,1475.5986328125,704.2940063476562,539.0,1510.0,2350.0,459.51702880859375,355.5378723144531,-1.0,472.0,914.0,242.2013702392578,359.5508117675781,-187.0,210.0,698.0,0.3114105816304132,0.16413770295617772,1.3119229,0.77345896,0.4772937506237545,0.773720774750281,Philips,3.0,160
160_t2,1158.231689453125,630.3734130859375,346.40234375,1163.0,1937.0,-162.66098022460938,409.4766540527344,-615.0,-242.0,402.0,2377.287109375,851.88134765625,1002.0,2789.0,3096.0,-0.1404390689404923,2.0525143017326304,1.3111979,0.5087114,0.5442550210651911,-2.51736252913682,Philips,3.0,160
161_t1,998.0701904296875,815.5084228515625,43.0,895.0,2141.0,-119.34852600097656,321.13507080078125,-516.0,-147.0,310.0,83.26715087890625,558.8511962890625,-453.0,4.0,666.0,-0.119579291141854,0.08342815124017487,1.1177007,0.26405767,0.817085240952228,-2.69073346987869,Siemens,1.5,161
161_t2,127.7837142944336,63.03778076171875,57.0,120.0,210.0,28.31662368774414,20.74341583251953,8.0,24.0,53.0,254.8095245361328,126.51062774658203,100.0,242.0,435.0,0.22159806218263592,1.994068836932875,1.3818425,0.10662338,0.4933162306047361,0.7325525574203621,Siemens,1.5,161
161_t2_SPACE,109.64039611816406,49.50153732299805,46.0,108.0,173.0,23.9305362701416,17.43221664428711,7.0,21.0,45.0,183.6283416748047,129.3596954345703,40.0,154.0,386.0,0.21826385984675573,1.6748237556719237,1.0713974,-0.013537516,0.4514899491803934,0.7284507007720834,Siemens,1.5,161
162_t1,98.7765884399414,50.33374786376953,40.0,94.0,162.0,39.47978591918945,17.038387298583984,18.0,40.0,60.0,53.303001403808594,36.86490249633789,21.0,47.0,84.0,0.39968768048216663,0.5396319280310659,0.37978718,-0.15927467,0.5095716317921029,0.4315724229580972,Siemens,1.5,162
162_t2,90.92787170410156,43.87797546386719,39.0,87.0,146.0,18.247085571289062,12.191627502441406,8.0,16.0,30.0,161.35952758789062,69.15260314941406,76.0,159.0,249.0,0.20067648157423545,1.7745881740023601,0.6625293,-0.079111375,0.482558033735765,0.6681410456847594,Siemens,1.5,162
162_t2_SPACE,91.94345092773438,44.633689880371094,35.0,90.0,148.0,19.66090202331543,14.848960876464844,6.0,17.0,35.0,206.5347900390625,118.11832427978516,63.0,190.0,385.0,0.21383689225382235,2.2463240797332094,0.76946497,-0.061368942,0.4854471845961607,0.7552532484828285,Siemens,1.5,162
163_t1,1424.9405517578125,541.8045654296875,672.0,1480.0,2068.0,254.08026123046875,235.94715881347656,-71.0,289.0,516.0,-109.88188934326172,272.8663635253906,-348.0,-163.0,162.0,0.17830937630255866,-0.07711331474888383,0.34653813,-0.06457856,0.38022959230199854,0.928632380737453,Philips,1.5,163
163_t2,1250.6854248046875,493.7072448730469,583.0,1290.0,1835.0,-217.46546936035156,307.2720642089844,-600.0,-246.0,214.0,2273.373046875,815.5888061523438,1051.0,2458.0,3096.0,-0.17387703164481577,1.8177017177699324,0.4035092,-0.10732967,0.39474933879188445,-1.412969454533437,Philips,1.5,163
165_t1,884.783935546875,495.6658630371094,262.0,880.0,1499.0,100.78358459472656,348.3203125,-364.0,111.0,538.0,105.65996551513672,449.5863037109375,-373.0,61.0,546.0,0.11390756593984247,0.11941894642380746,0.5073556,0.05626213,0.5602111911881997,3.4561214551412593,Siemens,1.5,165
165_t2,784.8854370117188,481.00115966796875,189.0,783.0,1367.0,-169.27383422851562,569.0458984375,-801.0,-273.0,607.0,2054.228515625,1036.1800537109375,541.0,2248.0,3096.0,-0.215666931797489,2.6172335682883814,0.32118765,-0.16612555,0.6128297664515814,-3.361688499540869,Siemens,1.5,165
166_t1,127.2955093383789,56.12586212158203,66.0,118.0,203.0,54.89910888671875,21.03951644897461,28.0,54.0,82.0,56.20695114135742,34.89826583862305,24.0,50.0,94.0,0.4312729391695362,0.4415470034406338,1.1865306,0.30364767,0.44090998945985915,0.38323966440236423,Siemens,1.5,166
166_t2,105.16702270507812,51.18572235107422,51.0,96.0,174.0,31.0896053314209,19.79320526123047,11.0,27.0,56.0,236.3220977783203,104.8663101196289,97.0,247.0,374.0,0.29562123407244145,2.2471121598063175,1.7201325,0.3224454,0.48670886127399887,0.6366502377106765,Siemens,1.5,166
166_t2_SPACE,85.18238067626953,37.680938720703125,41.0,81.0,134.0,30.583770751953125,20.194564819335938,9.0,26.0,58.0,207.8719940185547,126.87065124511719,48.0,197.0,382.0,0.3590386902796976,2.440316764193793,1.5268723,0.2859948,0.4423560128185573,0.6603032805476742,Siemens,1.5,166
167_t1,1646.9510498046875,617.042724609375,827.0,1673.0,2430.0,569.3463745117188,420.99078369140625,89.0,567.0,919.0,116.2894058227539,233.3577117919922,-173.0,116.0,415.0,0.34569720468227666,0.07060890229004425,0.516835,0.09932056,0.3746575979340082,0.7394282317385914,Philips,3.0,167
167_t2,1334.5167236328125,583.5128784179688,569.0,1360.0,2057.0,-54.98884582519531,563.6742553710938,-620.0,-199.0,751.0,1738.39892578125,868.1036376953125,613.0,1689.0,3038.6953125,-0.041205063084035376,1.3026430420042612,0.6177836,0.060197093,0.43724658346153,-10.25070188622737,Philips,3.0,167
168_t1,1029.097900390625,516.8082275390625,305.0,1101.0,1634.0,242.56985473632812,219.25811767578125,-47.0,252.0,521.0,-29.98349380493164,310.8143310546875,-400.0,-44.0,325.0,0.23571115479736404,-0.029135705907489266,0.37900206,0.046713077,0.5021953954436181,0.9038968053561998,Philips,3.0,168
168_t2,932.05224609375,484.1520690917969,269.0,987.0,1481.0,-191.4754638671875,462.48162841796875,-665.0,-328.0,532.0,1695.5379638671875,956.2046508789062,312.0,1769.0,3042.0,-0.2054342602190283,1.8191447627041049,0.44368774,0.0071967896,0.519447349224725,-2.4153571506901557,Philips,3.0,168
169_t1,1782.22998046875,944.9412231445312,503.0,1794.0,3096.0,1033.2738037109375,436.42498779296875,435.0,1076.0,1567.0,161.14549255371094,489.7214660644531,-276.0,74.0,673.0,0.5797645727289406,0.09041790017521176,1.1861494,0.8511958,0.530201619863783,0.42237109447970606,Philips,3.0,169
169_t2,1954.7945556640625,839.611572265625,805.0,1972.0,3096.0,375.8666687011719,524.8338623046875,-269.0,324.0,1104.0,2298.606689453125,879.0638427734375,908.0,2625.0,3096.0,0.1922793714663314,1.1758814662221035,1.2824568,0.56865585,0.4295139708688655,1.396329881343164,Philips,3.0,169
16_t1,417.67816162109375,372.479736328125,-90.0,456.0,864.0,37.13014602661133,269.16485595703125,-340.0,78.0,354.0,-115.73927307128906,349.2781982421875,-431.0,-176.0,215.0,0.0888965460717533,-0.2771015662992288,0.31967562,0.099959664,0.8917864749994806,7.2492267742468055,Philips,3.0,16
16_t2,306.9364013671875,326.2339782714844,-124.0,331.0,693.0,20.415067672729492,779.2828979492188,-743.0,-313.0,1297.0,1819.1722412109375,1008.4725341796875,413.0,1992.0,3053.0,0.06651237036494284,5.926870280556247,0.36471543,0.2187545,1.0628715778104783,38.17194595040413,Philips,3.0,16
170_t1,1059.059326171875,485.4481506347656,444.0,1068.0,1651.0,179.21621704101562,227.91355895996094,-134.0,207.0,444.0,4.519698143005371,489.67437744140625,-389.0,-124.0,493.0,0.16922207514058424,0.004267653404342161,0.49978408,0.06869976,0.4583767294048694,1.271723962547856,Philips,3.0,170
170_t2,917.8446044921875,510.7881774902344,320.0,888.0,1569.0,-340.513671875,399.65716552734375,-744.0,-428.0,171.0,2091.787109375,982.460205078125,668.0,2304.0,3096.0,-0.3709927256067513,2.2790209768169793,0.5995593,0.01913576,0.5565083396838487,-1.173689046023808,Philips,3.0,170
171_t1,1745.111083984375,778.37890625,672.0,1812.0,2715.0,206.09478759765625,324.1387634277344,-214.0,233.0,596.0,-30.717025756835938,448.9528503417969,-417.0,-138.0,435.0,0.11809837744483843,-0.017601759579167972,1.0811193,0.050297916,0.44603401637149603,1.5727654524080505,Siemens,1.5,171
171_t2,1623.795654296875,699.0111694335938,723.0,1667.0,2470.0,-469.2726135253906,362.614990234375,-881.0,-539.0,26.0,2319.37841796875,983.591064453125,676.0,2942.0,3096.0,-0.28899733288151613,1.4283684097828817,0.74116105,-0.41843358,0.43047976335778226,-0.7727171383025367,Siemens,1.5,171
172_t1,963.7286376953125,576.4979858398438,191.0,984.0,1712.0,344.4232177734375,341.5291442871094,-125.0,354.0,788.0,103.65431213378906,420.34820556640625,-367.0,91.0,464.0,0.35738609806149857,0.10755549640416973,0.7637543,0.45655912,0.5981953453415079,0.9915973304685017,Philips,3.0,172
172_t2,808.3857421875,520.5623779296875,131.0,810.0,1464.0,-265.2560729980469,416.19140625,-678.0,-376.0,347.0,1734.2664794921875,951.0545043945312,441.0,1755.0,3096.0,-0.3281305679045386,2.1453452069229964,0.75741124,0.24024273,0.6439529424122294,-1.5690174521360796,Philips,3.0,172
173_t1,1552.5621337890625,597.2229614257812,718.0,1639.0,2216.0,195.83438110351562,245.9619598388672,-140.0,246.0,466.0,-13.477995872497559,540.2039184570312,-392.0,-140.0,393.0,0.1261362600023235,-0.008681131383079063,1.1061108,0.36995897,0.3846692818557773,1.255969238889087,Siemens,1.5,173
173_t2,1421.852294921875,593.5291748046875,614.0,1494.0,2095.0,-141.69509887695312,597.141357421875,-813.0,-252.0,694.0,1955.5050048828125,1117.7877197265625,307.0,2188.0,3096.0,-0.09965528717951916,1.3753221839508563,0.99016553,0.18711089,0.41743377740925314,-4.214269698592027,Siemens,1.5,173
174_t1,1083.23095703125,673.4669189453125,137.0,1137.0,1943.0,654.3807983398438,298.32958984375,239.0,703.0,1004.0,138.62832641601562,496.46368408203125,-449.0,117.0,662.0,0.6041009015558116,0.1279767028335026,1.2414964,0.98592424,0.621720524097026,0.4558960014485642,Philips,3.0,174
174_t2,718.1085205078125,561.7382202148438,-21.0,743.0,1386.0,294.13165283203125,795.2618408203125,-536.0,-4.0,1547.0,1615.9293212890625,1145.627197265625,76.0,1539.0,3096.0,0.409592205109115,2.2502578271820193,1.1546428,0.8697121,0.7822469771495846,2.7037614974771125,Philips,3.0,174
175_t1,1294.4686279296875,483.5215759277344,643.0,1332.0,1883.0,368.2994384765625,258.69677734375,16.0,395.0,681.0,75.62664031982422,390.4199523925781,-269.0,0.0,450.0,0.28451785562473264,0.05842292244838332,0.7259486,0.27393824,0.37352900265147954,0.7024088272070604,Philips,3.0,175
175_t2,978.926025390625,458.7949523925781,378.0,998.0,1533.0,-164.5126190185547,506.02587890625,-694.0,-320.0,618.0,2042.883544921875,1016.7219848632812,519.0,2328.0,3096.0,-0.16805418855306695,2.0868620200590056,0.5899116,0.094272815,0.4686717280203389,-3.075909222046284,Philips,3.0,175
177_t1,152.82545471191406,63.65842819213867,80.0,145.0,241.0,52.055904388427734,28.303607940673828,15.0,50.0,90.0,68.44044494628906,36.83833312988281,37.0,62.0,104.0,0.3406232564197715,0.44783406421050537,1.0539393,0.120888,0.4165433559193107,0.5437156020912443,Siemens,1.5,177
177_t2,136.21939086914062,57.834449768066406,70.0,128.0,218.0,28.270248413085938,22.51129722595215,7.0,23.0,58.0,261.32196044921875,98.47437286376953,127.0,270.0,393.0,0.20753468375665482,1.9183903030506708,1.3430703,0.15681592,0.4245684037675426,0.7962893038903277,Siemens,1.5,177
177_t2_SPACE,113.60834503173828,41.92448043823242,62.0,113.0,167.0,26.030237197875977,19.465747833251953,7.0,22.0,49.0,197.22845458984375,105.12409210205078,60.0,194.0,340.0,0.2291225786405166,1.7360384292078759,1.08951,0.05917926,0.36902641313447304,0.7478128968808408,Siemens,1.5,177
179_t1,1948.5999755859375,740.7842407226562,938.0,2012.0,2956.0,481.9236755371094,495.3975830078125,-184.0,521.0,1087.0,239.08969116210938,427.32586669921875,-224.0,202.0,700.0,0.24731791097599629,0.12269819051368801,1.0715659,0.24246675,0.3801622958143282,1.027958589973252,Siemens,1.5,179
179_t2,1761.2198486328125,782.1416015625,740.0,1813.0,2795.0,-384.2283020019531,432.4603271484375,-856.0,-463.0,177.0,2396.253662109375,1026.9105224609375,753.0,3096.0,3096.0,-0.21816032909353075,1.3605647600490973,0.9789696,-0.18450558,0.4440908394971613,-1.1255296031570543,Siemens,1.5,179
17_t1,1748.771728515625,639.2623291015625,855.0,1818.0,2529.0,666.4186401367188,322.0699768066406,217.0,710.0,1054.0,152.12547302246094,390.1537780761719,-369.0,148.0,661.0,0.3810781183667141,0.08698989722609289,0.37623742,-0.0040693465,0.36554932717183475,0.4832847656501351,Philips,3.0,17
17_t2,1428.0986328125,501.006591796875,762.0,1474.0,2011.0,-28.60077667236328,529.7993774414062,-605.0,-171.0,787.0,2343.436279296875,908.9276123046875,909.0,2768.0,3096.0,-0.020027171789955212,1.640948477795794,0.37178907,-0.13243364,0.35082072059642755,-18.523951360988697,Philips,3.0,17
180_t1,983.5794067382812,617.0661010742188,197.0,972.0,1776.0,-138.19415283203125,345.20538330078125,-576.0,-139.0,327.0,-44.52326583862305,463.44384765625,-469.0,-153.0,477.0,-0.1405012668471838,-0.04526656972313328,0.9038339,0.08918362,0.6273678527828763,-2.4979738919803407,Siemens,1.5,180
181_t1,1601.2105712890625,721.0864868164062,599.0,1678.0,2471.0,171.345947265625,305.7756042480469,-245.0,209.0,534.0,90.98234558105469,384.64996337890625,-271.0,27.0,521.0,0.1070102522622442,0.05682097480220101,1.3592689,0.58469445,0.450338324824794,1.7845511221194765,Siemens,1.5,181
181_t2,1161.3370361328125,747.4901733398438,209.0,1145.0,2140.0,-647.1908569335938,201.1525115966797,-863.0,-687.0,-395.0,2353.56494140625,970.9595947265625,794.0,3056.0,3096.0,-0.5572808205027391,2.026599398928058,1.3976314,0.16060817,0.6436462021269019,-0.3108086428485005,Siemens,1.5,181
182_t1,1296.481689453125,692.903564453125,284.0,1379.0,2106.0,28.90125846862793,325.20367431640625,-399.0,31.0,442.0,-108.58312225341797,394.80548095703125,-462.0,-199.0,316.0,0.02229206835811683,-0.08375214478768904,0.93885833,0.26209357,0.5344491708255075,11.252231919837682,Siemens,1.5,182
182_t2,1402.640625,658.20166015625,520.0,1464.0,2176.0,-552.0053100585938,341.0934143066406,-963.0,-619.0,-55.0,2109.283935546875,1063.2625732421875,373.0,2458.0,3096.0,-0.3935472136100767,1.5037949824411223,0.9375079,-0.052687593,0.4692589448469675,-0.617916908966603,Siemens,1.5,182
183_t2,851.1318359375,526.211181640625,208.0,849.0,1529.0,-395.2566833496094,467.51947021484375,-830.0,-546.0,359.0,2487.50537109375,893.8493041992188,925.0,3096.0,3096.0,-0.464389494313598,2.9225852719176473,1.3800256,0.3789103,0.6182487351595397,-1.182824961834085,Siemens,1.5,183
184_t1,989.20556640625,547.0794067382812,231.0,1063.0,1628.0,571.5291748046875,313.908935546875,149.0,621.0,899.0,83.97679901123047,311.73321533203125,-291.0,77.0,416.0,0.5777658291019,0.08489317264097303,0.590213,0.39914417,0.5530492596930613,0.5492439386054181,Philips,1.5,184
184_t2,610.9910278320312,452.9400329589844,18.0,633.0,1126.0,8.476329803466797,474.90692138671875,-541.0,-93.0,701.0,1947.6939697265625,971.2673950195312,611.0,1988.0,3096.0,0.013873083897271168,3.187761976554335,0.6373862,0.32792825,0.741320267541118,56.02741709803057,Philips,1.5,184
185_t1,159.731201171875,53.15290069580078,98.0,157.0,227.0,65.80794525146484,19.654043197631836,41.0,66.0,90.0,59.52956008911133,31.511199951171875,32.0,54.0,89.0,0.4119917984505855,0.372685857739028,1.6168506,0.42794868,0.33276466947645494,0.29865759862084057,Siemens,1.5,185
185_t2,150.13844299316406,47.6066780090332,95.0,148.0,210.0,44.597896575927734,32.668880462646484,11.0,35.0,93.0,235.76681518554688,103.72592163085938,96.0,239.0,366.0,0.29704514972832885,1.570329416736739,2.3356407,0.5766316,0.317085196455085,0.732520639723607,Siemens,1.5,185
185_t2_SPACE,118.6496810913086,35.82050323486328,73.0,120.0,162.0,33.97140121459961,24.0474796295166,9.0,28.0,69.0,194.97608947753906,118.68632507324219,44.0,185.0,359.0,0.2863168330148278,1.6432921356459462,1.937957,0.36984077,0.301901384002842,0.7078742136579195,Siemens,1.5,185
186_t1,1667.4127197265625,781.4869384765625,654.0,1621.0,2784.0,27.20863914489746,434.14495849609375,-541.0,3.0,617.0,233.67739868164062,340.7214660644531,-148.0,224.0,593.0,0.01631787907497881,0.14014370634033393,1.5544362,0.5986064,0.4686823656569175,15.956143202456612,Philips,3.0,186
186_t2,1797.0662841796875,752.4827880859375,741.0,1871.0,2732.0,-320.4664306640625,297.1897277832031,-649.0,-375.0,82.0,2254.005615234375,945.8475952148438,900.0,2569.0,3096.0,-0.178327551580558,1.2542696025311044,1.8210068,0.44240466,0.418728454421311,-0.9273661771522845,Philips,3.0,186
187_t1,1051.1070556640625,489.62689208984375,347.0,1135.0,1628.0,589.1957397460938,373.802001953125,51.0,653.0,1026.0,43.39052200317383,260.9659118652344,-266.0,29.0,368.0,0.5605477919785318,0.041280782702462236,0.59937507,0.37612167,0.4658201930865071,0.6344275358810004,Philips,1.5,187
187_t2,1149.0313720703125,540.8950805664062,357.0,1241.0,1771.0,395.9317932128906,803.1136474609375,-558.0,269.0,1572.0,2035.5311279296875,1045.9061279296875,534.0,2279.0,3096.0,0.34457874910319125,1.7715191905427001,0.81239176,0.4395702,0.4707400452618514,2.028414133948301,Philips,1.5,187
188_t1,771.891845703125,594.75439453125,24.0,731.0,1617.0,76.0484619140625,241.5203857421875,-297.0,127.0,350.0,-224.68975830078125,392.103515625,-611.0,-300.0,207.0,0.09852217281329993,-0.29108968990988515,0.56885844,0.14815505,0.7705151920849304,3.1758746526555606,Philips,3.0,188
188_t2,1369.585693359375,671.3819580078125,511.0,1333.0,2302.0,22.235992431640625,469.99237060546875,-501.0,-66.0,662.0,1664.885009765625,948.22314453125,382.0,1695.0,3096.0,0.016235561252734558,1.2156121494423,0.70957476,0.082900465,0.4902080685954098,21.136558258588746,Philips,3.0,188
189_t1,1320.70654296875,523.97412109375,602.0,1366.0,1950.0,259.7370300292969,229.31358337402344,-56.0,287.0,527.0,-58.72243881225586,292.02093505859375,-356.0,-93.0,265.0,0.1966652101599965,-0.04446289683383693,0.46237728,0.036797848,0.39673773366731196,0.8828682705168758,Philips,1.5,189
189_t2,1158.809814453125,507.919677734375,461.0,1200.0,1762.0,-327.9223937988281,330.63629150390625,-710.0,-397.0,140.0,1841.9322509765625,984.7223510742188,501.0,1867.0,3096.0,-0.2829820643783569,1.5895034943730768,0.5885284,0.008227012,0.43831150803271807,-1.0082760395894739,Philips,1.5,189
18_t1,141.82196044921875,47.36643600463867,84.0,139.0,203.0,78.62823486328125,28.515005111694336,43.0,77.0,116.0,76.53084564208984,29.592105865478516,45.0,71.0,116.0,0.5544150853634551,0.5396261965358076,1.1486232,0.4691208,0.33398519891151596,0.3626560458672406,Siemens,1.5,18
18_t2,124.24556732177734,42.331260681152344,75.0,121.0,178.0,38.9084358215332,32.070030212402344,10.0,30.0,77.0,302.177490234375,114.82025146484375,139.0,308.0,452.0,0.3131575342853775,2.4320987405504937,1.9194164,0.47302434,0.34070640307685457,0.8242436045298469,Siemens,1.5,18
18_t2_SPACE,95.66325378417969,34.00971984863281,53.0,94.0,140.0,32.75710678100586,25.18402862548828,8.0,27.0,64.0,208.7762908935547,117.01383972167969,54.0,205.0,365.0,0.34242099388011904,2.182408400849028,1.4404153,0.3170912,0.35551497725391185,0.7688111170819296,Siemens,1.5,18
190_t1,270.1781005859375,352.6692199707031,-149.0,250.0,718.0,-195.5672607421875,275.7232971191406,-549.0,-205.0,154.0,-240.4434814453125,363.6609802246094,-583.0,-323.0,194.0,-0.7238457136022995,-0.8899443738553063,0.6346023,0.20573917,1.3053212599412949,-1.4098642967264625,Siemens,1.5,190
190_t2,576.1541748046875,456.425537109375,33.0,553.0,1163.0,-3.9626615047454834,803.5294799804688,-925.0,-130.0,1155.0,2146.371337890625,1071.294921875,546.0,2568.0,3096.0,-0.006877779717921892,3.7253419796756466,0.9180511,0.45580664,0.792193402871561,-202.7752513792696,Siemens,1.5,190
191_t1,-191.2308349609375,294.63238525390625,-500.0,-241.0,183.0,-599.0914306640625,120.02717590332031,-750.0,-602.0,-445.0,-536.8441162109375,293.43072509765625,-805.0,-611.0,-195.0,3.1328181666897827,2.8073093919602843,0.5052511,0.003577576,-1.5407158937250174,-0.20034867794824732,Siemens,1.5,191
191_t2,-157.5271453857422,322.2032775878906,-491.0,-217.0,260.0,-743.4246215820312,148.67257690429688,-878.0,-786.0,-552.0,627.5756225585938,685.9468383789062,-258.0,616.0,1520.0,4.7193429708951085,-3.983920517354314,0.82126135,0.09162562,-2.0453825837082418,-0.199983391440413,Siemens,1.5,191
191_t2_SPACE,226.96914672851562,472.306884765625,-337.0,202.0,812.0,-651.7219848632812,248.96148681640625,-895.0,-703.0,-337.0,1630.5302734375,1356.4835205078125,-250.0,1701.0,3096.0,-2.8714122222586163,7.183929136429699,0.734183,0.013353581,2.0809298950647026,-0.38200566035936206,Siemens,1.5,191
192_t1,922.0111083984375,564.232666015625,163.0,954.0,1611.0,172.56201171875,295.1153564453125,-231.0,203.0,527.0,-38.93052673339844,424.52117919921875,-395.0,-114.0,266.0,0.18715827820267525,-0.04222348986532115,0.27832657,-0.015459815,0.6119586415653455,1.7101988542884345,Philips,3.0,192
192_t2,793.5339965820312,506.217529296875,134.0,818.0,1412.0,-146.1053466796875,452.3759765625,-676.0,-224.0,522.0,1693.3883056640625,1026.785888671875,269.0,1811.0,2990.0,-0.18411983245189684,2.133983308621896,0.26769623,-0.06969672,0.6379279663371259,-3.0962315201954462,Philips,3.0,192
193_t1,789.1812133789062,453.090087890625,123.0,878.0,1296.0,325.1654052734375,288.5084228515625,-95.0,391.0,639.0,-12.893949508666992,240.65335083007812,-271.0,-42.0,267.0,0.4120288209462082,-0.01633838879301589,1.2770743,0.9458711,0.5741268033695044,0.8872666565549427,Philips,3.0,193
193_t2,924.85498046875,481.0207214355469,225.0,1007.0,1472.0,756.830078125,1048.7335205078125,-479.0,525.0,2296.0,2344.58056640625,893.0072631835938,955.0,2750.0,3096.0,0.8183229731034029,2.535079134982711,1.3320795,1.2157993,0.5201039417786821,1.385692177721442,Philips,3.0,193
195_t1,782.9269409179688,475.21722412109375,137.0,820.0,1371.0,205.86618041992188,239.99623107910156,-141.69970703125,242.0,478.6953125,-93.15485382080078,350.2933044433594,-533.0,-124.0,341.0,0.2629443047592703,-0.11898281797864237,0.3664176,0.08257067,0.6069751833509961,1.1657875490951177,Philips,3.0,195
195_t2,688.3150634765625,393.51025390625,145.0,714.0,1162.0,-6.097782611846924,584.541015625,-581.0,-232.0,933.0,1528.91845703125,994.2005615234375,209.0,1444.0,3096.0,-0.008858999209154395,2.221247995195245,0.39116552,0.06283793,0.5717007722408337,-95.86125788587427,Philips,3.0,195
196_t1,607.1476440429688,481.11383056640625,-75.0,659.0,1196.0,185.7579803466797,304.1123962402344,-226.0,216.0,547.0,-11.108636856079102,556.7540283203125,-548.0,-144.0,620.0,0.30595190784859805,-0.018296434066367707,1.1471432,0.8463654,0.7924165307968165,1.6371430935862192,Philips,3.0,196
196_t2,736.2778930664062,416.8424377441406,167.0,772.0,1241.0,179.82064819335938,615.3271484375,-473.0,7.0,1101.0,1543.6177978515625,965.1226806640625,344.0,1446.0,3091.0,0.24422931836269557,2.0965152020608415,1.1668534,0.79289025,0.5661482452528241,3.421893710192564,Philips,3.0,196
197_t2,-19.468809127807617,371.3337707519531,-407.0,-78.0,480.0,-699.3402709960938,220.73301696777344,-901.0,-769.0,-374.0,1843.7777099609375,977.32568359375,332.0,2076.0,3096.0,35.92106236833341,-94.70419030569415,0.7820564,0.15544675,-19.073266751320592,-0.315630353974906,Siemens,1.5,197
198_t1,1267.2584228515625,544.4827270507812,528.0,1314.0,1908.0,184.0300750732422,280.26922607421875,-205.0,209.0,523.0,-73.1314468383789,287.56109619140625,-432.0,-69.0,240.0,0.14521905840950886,-0.05770839274921639,0.6611908,0.18315537,0.42965406013711216,1.522953378352538,Philips,3.0,198
198_t2,1276.063232421875,500.4961853027344,636.0,1308.0,1862.0,-344.0497131347656,361.1968688964844,-695.0,-430.0,130.0,2252.802490234375,814.3089599609375,1024.0,2427.0,3096.0,-0.26961807543985594,1.765431705287275,0.69543034,0.036580026,0.39221895294374254,-1.049839183574152,Philips,3.0,198
19_t1,1492.9002685546875,870.7047119140625,235.0,1553.0,2620.0,709.7301635742188,372.18829345703125,189.0,758.0,1159.0,196.4683380126953,491.1504211425781,-471.0,185.0,799.0,0.47540360066109566,0.13160178346762522,1.168182,0.80118567,0.5832303266806845,0.5244081652923889,Philips,3.0,19
19_t2,1426.5826416015625,655.3897705078125,511.0,1475.0,2246.0,244.35707092285156,499.5629577636719,-334.0,175.0,886.0,1863.07177734375,1086.43798828125,342.0,1895.0,3096.0,0.1712884088350003,1.3059683482102318,1.1197889,0.5742303,0.4594124104248334,2.0443973805734337,Philips,3.0,19
1_t1,2206.743896484375,753.0687866210938,1103.0,2329.0,3096.0,748.7611083984375,416.7919006347656,221.0,760.0,1270.0,752.3648071289062,635.012451171875,202.0,611.0,1521.0,0.33930584752132037,0.3409388864682398,2.1859195,1.1920662,0.34125789924221417,0.5566420256116408,Philips,3.0,1
1_t2,2022.4595947265625,747.7818603515625,945.0,2123.0,2988.0,-148.4384307861328,358.3782958984375,-576.0,-192.0,343.0,2277.095703125,876.2122192382812,1030.0,2524.0,3096.0,-0.0733950043302629,1.1259041752608956,3.4701028,0.97768265,0.36973883776547045,-2.4143228705314517,Philips,3.0,1
200_t1,1040.7646484375,747.0899658203125,157.0,990.0,2008.0,156.26254272460938,433.8430480957031,-375.0,133.0,735.0,149.07644653320312,552.234619140625,-421.0,64.0,758.0,0.15014205450681312,0.14323742319051108,0.9727514,0.40210488,0.7178279606480588,2.7763726210696413,Siemens,1.5,200
200_t2,1189.141357421875,828.5744018554688,214.0,1140.0,2293.0,-32.21402359008789,841.3953247070312,-835.0,-341.0,1243.0,2322.179443359375,1087.2080078125,667.0,3096.0,3096.0,-0.02709015489364489,1.9528203496690835,1.7534406,0.6735508,0.6967837725828329,-26.11891521321292,Siemens,1.5,200
200_t2_SPACE,1412.46728515625,935.76171875,178.0,1416.0,2712.0,183.855712890625,858.4022827148438,-705.0,-57.0,1445.0,2008.5797119140625,1265.8779296875,119.0,2771.0,3096.0,0.13016635124410697,1.42203627057446,1.4447018,0.5569767,0.6625015162627165,4.668890971892795,Siemens,1.5,200
201_t2,650.7647094726562,445.3454895019531,125.0,628.0,1179.0,-269.63006591796875,560.9201049804688,-808.0,-473.0,604.0,2614.0654296875,849.6365356445312,1131.0,3096.0,3096.0,-0.41432803835065674,4.016913313859445,1.2278196,0.42677975,0.6843417941001975,-2.0803321957108936,Siemens,1.5,201
202_t1,1589.025146484375,699.6326293945312,621.0,1648.0,2461.0,692.1646728515625,381.6951599121094,127.0,756.0,1132.0,266.0549011230469,468.839111328125,-203.0,195.0,722.0,0.435590760755011,0.16743278200741188,0.6189952,0.21932472,0.44029047023084367,0.551451373252206,Philips,3.0,202
202_t2,1249.0650634765625,536.8991088867188,536.0,1284.0,1891.0,196.3297119140625,717.5296630859375,-578.0,-1.0,1323.0,2385.673583984375,891.0601196289062,927.0,2910.0,3096.0,0.1571813330607698,1.9099674243023708,0.69660175,0.20212762,0.4298407858454623,3.654717630030941,Philips,3.0,202
203_t1,959.2554321289062,461.0022277832031,319.0,1046.0,1476.0,298.31475830078125,246.1465301513672,-32.0,312.0,612.0,37.03449630737305,264.6806640625,-280.0,26.0,349.0,0.31098573747738495,0.038607543964149005,0.5563137,0.21719587,0.480583389848002,0.8251235397414095,Philips,3.0,203
203_t2,1076.69580078125,467.372802734375,428.0,1151.0,1593.0,-275.8682556152344,407.8262023925781,-698.0,-385.0,337.0,2075.013671875,960.1055297851562,670.0,2257.0,3096.0,-0.25621745265361584,1.9272051292873675,0.71529156,0.074872985,0.4340806400110122,-1.4783368349554802,Philips,3.0,203
204_t1,1175.915283203125,744.198974609375,183.0,1182.0,2152.0,199.84019470214844,296.8453674316406,-192.0,217.0,567.0,-45.84296417236328,299.4731140136719,-355.0,-73.0,238.0,0.16994438067668527,-0.03898492075764572,0.42478046,-0.017282521,0.6328678473753248,1.4854137146366362,Philips,3.0,204
204_t2,1257.3140869140625,846.235107421875,76.0,1306.0,2342.0,-275.4527587890625,475.8875427246094,-750.0,-399.0,390.0,2120.5595703125,865.6464233398438,834.0,2217.0,3096.0,-0.21908030891950817,1.6865790264313336,0.6329602,-0.037834905,0.6730498890900164,-1.7276557568141566,Philips,3.0,204
205_t1,903.0866088867188,479.4985656738281,265.0,924.0,1500.0,292.2797546386719,237.5084991455078,-28.0,314.0,581.0,23.60711669921875,378.873046875,-341.0,-18.0,300.0,0.3236453197720812,0.026140479153134576,0.43823877,0.14216179,0.5309552377639343,0.8126067391377099,Philips,3.0,205
205_t2,843.7069091796875,425.230224609375,279.0,867.0,1320.0,-260.0418701171875,371.9879455566406,-647.0,-341.0,242.0,2139.766845703125,998.2910766601562,628.0,2470.0,3096.0,-0.3082135122750214,2.5361494849525537,0.53083885,0.052818593,0.5040023016035415,-1.43049250806994,Philips,3.0,205
207_t1,2307.33447265625,717.5191650390625,1264.0,2461.0,3096.0,1622.1907958984375,465.3291931152344,1007.0,1674.0,2172.0,754.4520263671875,706.5809326171875,84.0,566.0,1650.0,0.7030583621142193,0.3269799133940331,1.7526945,1.3896084,0.31097319146021635,0.2868523197178314,Philips,3.0,207
207_t2,1801.2210693359375,669.61328125,899.0,1851.0,2639.0,765.5372924804688,800.7206420898438,-179.0,629.0,1972.0,2665.36279296875,764.3614501953125,1460.0,3096.0,3096.0,0.42501018064245266,1.4797532834054874,1.9507111,1.2294829,0.3717551900084721,1.0459590263061072,Philips,3.0,207
208_t2,464.44696044921875,500.24139404296875,-110.0,404.0,1129.0,-457.7800598144531,371.9512023925781,-812.0,-578.0,100.0,2206.839599609375,1055.2996826171875,568.0,2791.0,3096.0,-0.9856455048947617,4.751542765450226,1.247211,0.32957208,1.0770689348081,-0.8125107138913994,Siemens,1.5,208
209_t1,955.7808837890625,719.375,28.0,927.0,1875.0,102.12654113769531,378.4773254394531,-341.0,60.0,574.0,-23.101577758789062,458.49029541015625,-485.0,-100.0,477.0,0.10685141622207091,-0.024170370140733144,1.1806846,0.53201103,0.7526568185748594,3.7059643606571857,Siemens,3.0,209
209_t2,936.4290161132812,705.6253662109375,60.0,901.0,1834.0,-235.24310302734375,518.0372314453125,-744.0,-341.0,371.0,2158.32666015625,1063.060302734375,572.0,2584.0,3096.0,-0.2512129576596472,2.304848120586543,1.8986377,0.64282626,0.7535278737796491,-2.202135692740091,Siemens,3.0,209
209_t2_SPACE,914.3621826171875,763.2101440429688,-49.0,878.0,1896.0,-242.099365234375,539.38232421875,-773.0,-366.0,425.0,1990.2021484375,1254.80078125,63.0,2598.0,3096.0,-0.2647740354666,2.1766015525317592,1.2655644,0.335933,0.834691282860949,-2.227937797046741,Siemens,1.5,209
20_t2,1644.052978515625,641.5652465820312,766.0,1695.0,2426.0,293.45941162109375,536.6188354492188,-390.0,263.0,1025.0,2160.602783203125,939.200439453125,781.0,2365.0,3096.0,0.17849753948169814,1.3141929184299688,1.4004518,0.6850951,0.3902339246823121,1.8285964340223273,Philips,1.5,20
210_t1,985.5160522460938,579.8118896484375,173.0,1074.0,1665.0,168.8186798095703,270.66796875,-194.0,181.0,526.0,-26.48880386352539,258.8720397949219,-339.0,-23.0,251.0,0.17129977665357676,-0.026878104903797904,0.34089664,-0.0051615764,0.5883332775134941,1.6033057920605187,Philips,3.0,210
210_t2,936.799072265625,579.3482055664062,122.0,1014.0,1603.0,-282.68902587890625,460.2718505859375,-727.0,-411.0,508.0,1766.6519775390625,943.814697265625,540.0,1761.0,3096.0,-0.3017605737946232,1.8858387331454336,0.39789683,-0.07698171,0.6184337945028419,-1.6281914403401452,Philips,3.0,210
212_t1,1586.886474609375,711.6790771484375,622.0,1604.0,2507.0,210.67288208007812,301.335205078125,-188.0,230.0,570.0,1.8932024240493774,310.7059020996094,-306.0,-57.0,347.0,0.1327586347972235,0.001193029528670206,1.1723107,0.518838,0.44847510397689155,1.4303464246207023,Siemens,1.5,212
212_t2,839.0958251953125,621.8352661132812,69.0,836.0,1602.0,-633.2443237304688,241.15025329589844,-858.0,-677.0,-354.0,2417.00341796875,974.9639892578125,775.0,3096.0,3096.0,-0.7546746199439102,2.8804855685292794,1.0934895,0.1448168,0.7410777728842373,-0.38081707903213297,Siemens,1.5,212
213_t1,1696.2784423828125,777.2891845703125,600.0,1768.0,2643.0,681.7971801757812,294.3603210449219,286.0,713.0,1032.0,74.4412612915039,298.2566833496094,-336.0,75.0,451.0,0.40193706571905935,0.043885048225366236,0.6279381,0.17137587,0.4582320712749254,0.43174176891914984,Philips,3.0,213
213_t2,1469.360107421875,696.3466796875,528.0,1542.0,2288.0,235.9635467529297,820.5719604492188,-643.0,27.0,1476.0,2166.253662109375,996.66015625,693.0,2462.0,3096.0,0.16058932415577806,1.4742837032890317,0.8445659,0.24290906,0.4739115181474414,3.477536968160925,Philips,3.0,213
214_t1,719.4003295898438,388.11077880859375,237.0,721.0,1183.0,409.7642517089844,330.61944580078125,-32.0,440.0,800.0,133.94949340820312,463.0393371582031,-291.0,57.0,575.0,0.5695914142449927,0.18619604094201145,0.4223379,0.2212755,0.5394920773672396,0.8068528272415897,Siemens,1.5,214
214_t2,224.26345825195312,335.5652770996094,-146.0,186.0,635.0,415.4823303222656,914.2091064453125,-739.0,317.0,1692.0,2157.123779296875,1045.4322509765625,592.0,2632.0,3096.0,1.8526528205180495,9.618703762494864,0.40650034,0.5533658,1.4962993892046055,2.2003561584336384,Siemens,1.5,214
215_t1,866.2708129882812,443.4393310546875,281.0,870.0,1432.0,314.84759521484375,236.71656799316406,-10.0,347.0,589.0,35.14019775390625,287.81878662109375,-310.0,16.0,389.0,0.3634516944710352,0.04056491017182257,0.41575256,0.1498783,0.5118945760311466,0.7518449270028248,Philips,3.0,215
215_t2,640.1268920898438,380.3966369628906,179.0,633.0,1107.0,-194.37701416015625,418.9484558105469,-663.0,-293.0,426.0,1713.7822265625,981.24560546875,467.0,1580.0,3096.0,-0.30365387903312924,2.6772539086589595,0.47053978,0.09732692,0.5942519226566861,-2.1553395074825836,Philips,3.0,215
217_t1,1450.2586669921875,524.7241821289062,715.0,1496.0,2106.0,266.5403137207031,205.7418212890625,12.0,267.0,514.0,-21.6187801361084,276.0340881347656,-335.0,-41.0,298.0,0.18378811973571252,-0.01490684428457066,0.5184559,0.11949454,0.3618142016384989,0.7718975701842743,Philips,1.5,217
217_t2,1364.3485107421875,517.8309326171875,650.0,1403.0,2004.0,-242.19818115234375,267.24822998046875,-585.0,-255.0,117.0,1619.768798828125,938.28076171875,430.0,1555.0,3093.29296875,-0.1775192914917845,1.1872104413847908,0.6127715,0.07492528,0.37954446987738477,-1.103427902771063,Philips,1.5,217
218_t1,1558.8505859375,738.4814453125,543.0,1641.0,2443.0,789.5631713867188,339.1929626464844,331.0,816.0,1195.0,290.49346923828125,306.0322570800781,-63.0,281.0,649.0,0.5065034314403958,0.1863510664027021,1.0314124,0.7041953,0.4737345910510334,0.4295957239509541,Philips,3.0,218
218_t2,1183.3251953125,621.9118041992188,356.0,1235.0,1906.0,88.50637817382812,649.3043212890625,-593.0,-104.0,1127.0,2390.167236328125,911.1220703125,968.400390625,2933.0,3096.0,0.07479463671493967,2.019873525702325,0.9473244,0.44442183,0.5255628851115752,7.336243187779913,Philips,3.0,218
219_t1,1362.841064453125,639.030517578125,589.0,1329.0,2193.0,99.47801208496094,289.3196105957031,-282.0,110.0,465.0,-91.12252807617188,469.1438293457031,-521.0,-174.0,334.0,0.07299311314183649,-0.06686218252887394,0.840702,-0.045246836,0.4688958483692715,2.9083774557158137,Siemens,1.5,219
21_t2,1467.478271484375,761.1600952148438,553.0,1401.0,2566.0,193.22610473632812,874.2505493164062,-682.0,-117.0,1542.0,2642.988037109375,778.1499633789062,1365.0,3096.0,3096.0,0.13167220827685916,1.8010406604759568,1.8219168,0.7591544,0.5186857682916379,4.524495000222115,Siemens,1.5,21
220_t1,166.88076782226562,64.8058090209961,87.0,162.0,253.0,63.35957717895508,27.685096740722656,31.0,61.0,96.0,82.2605972290039,55.207035064697266,37.0,69.0,130.0,0.3796697344223974,0.4929303586599279,1.0356034,0.08586768,0.38833599268719066,0.43695203687322337,Siemens,1.5,220
220_t2,146.18386840820312,53.65080261230469,82.0,142.0,217.0,25.657272338867188,16.241867065429688,9.0,22.0,47.0,232.19931030273438,99.86268615722656,104.0,232.0,371.0,0.17551370368519897,1.5884058291981733,1.3627203,0.120178066,0.36700904709595866,0.6330316885553667,Siemens,1.5,220
220_t2_SPACE,119.43964385986328,40.276058197021484,70.0,119.0,170.0,23.737245559692383,15.100144386291504,7.0,21.0,44.0,194.70867919921875,116.63809204101562,50.0,181.0,365.0,0.1987384137615524,1.6301846796988344,1.0959051,0.00837779,0.3372084557374293,0.6361371504617842,Siemens,1.5,220
221_t1,2310.463134765625,750.9005126953125,1230.0,2431.0,3096.0,971.0723266601562,408.17010498046875,415.0,1037.0,1423.0,371.81695556640625,365.7991638183594,-131.0,388.0,801.0,0.4202933652686777,0.16092745640938183,1.5915688,0.9476309,0.32499999721765066,0.42032925185292175,Philips,3.0,221
221_t2,2205.374755859375,793.4948120117188,1059.0,2347.0,3096.0,313.77386474609375,729.703857421875,-450.0,154.0,1336.0,2355.702392578125,928.5951538085938,874.0,2805.0,3096.0,0.14227689138554037,1.0681642134749145,1.7487042,0.7167343,0.35980044187216376,2.3255724490845657,Philips,3.0,221
222_t1,287.973876953125,372.0112609863281,-138.0,277.0,705.0,-194.72958374023438,215.32093811035156,-484.0,-179.0,72.0,-225.53871154785156,359.37286376953125,-578.0,-273.0,136.0,-0.6762057208950443,-0.7831915628978114,0.5414806,0.07555059,1.291822937658541,-1.1057433343221696,Siemens,1.5,222
222_t2,255.81704711914062,419.6319885253906,-213.0,232.0,729.0,-374.09716796875,573.3568725585938,-917.0,-594.0,555.0,1622.8543701171875,1153.97216796875,150.0,1507.0,3096.0,-1.4623621479461497,6.343808522727469,0.41013202,-0.087823845,1.6403597477598801,-1.5326415786690222,Siemens,1.5,222
223_t1,944.237548828125,557.3563232421875,154.0,1006.0,1627.0,256.9063415527344,261.9209289550781,-92.0,276.0,587.0,-66.51045227050781,279.9010925292969,-399.0,-82.0,228.0,0.2720780820456651,-0.07043826236587858,0.47718328,0.118824996,0.5902712970307529,1.0195191226207831,Philips,3.0,223
223_t2,938.2374877929688,553.71533203125,162.0,990.0,1602.0,-138.26136779785156,580.4515991210938,-676.0,-348.0,889.0,1761.86962890625,1065.773193359375,360.0,1753.0,3096.0,-0.1473628686226588,1.8778503843124774,0.5715384,0.0738505,0.5901654310824844,-4.1982197381988655,Philips,3.0,223
224_t1,1685.0855712890625,709.0023193359375,781.0,1680.0,2638.0,202.65789794921875,316.381103515625,-225.0,223.0,590.0,187.90711975097656,481.8704833984375,-275.0,98.0,756.0,0.12026564186525149,0.11151191538345367,0.9608519,0.008134896,0.4207515220564205,1.5611585097647864,Siemens,1.5,224
224_t2,1562.3665771484375,728.1776733398438,681.0,1543.0,2567.0,-398.3674621582031,383.5328063964844,-784.0,-493.0,110.0,2450.107666015625,887.9244384765625,1048.0,3096.0,3096.0,-0.25497694825903716,1.5682028150648553,0.82679373,-0.37906978,0.4660735089474379,-0.9627613793591754,Siemens,1.5,224
225_t1,633.5547485351562,519.8753662109375,21.0,595.0,1257.0,-235.4250030517578,256.1075439453125,-552.0,-241.0,109.0,-318.318603515625,335.9684143066406,-571.0,-396.0,-17.0,-0.3715937781612258,-0.5024326686039016,0.67835724,-0.019618476,0.820568966758396,-1.087851934642896,Siemens,1.5,225
225_t2,546.179931640625,539.7764892578125,-65.0,525.0,1164.0,-608.485107421875,429.9935302734375,-1000.0,-753.0,33.0,2225.782470703125,1097.36865234375,549.0,3096.0,3096.0,-1.1140744488359764,4.075181707870698,0.57843405,-0.31665513,0.9882759453430416,-0.7066623746996271,Siemens,1.5,225
226_t1,1105.48486328125,665.9376831054688,127.0,1192.0,1887.0,-128.7534942626953,340.94256591796875,-603.0,-97.0,290.0,-140.00807189941406,418.20513916015625,-458.0,-233.0,208.0,-0.11646789424512528,-0.12664856518903378,1.0403066,0.18969436,0.6023942114652465,-2.6480257527641973,Siemens,1.5,226
226_t2,1135.5079345703125,694.0228881835938,124.0,1237.0,1938.0,-677.4227294921875,314.9467468261719,-1000.0,-766.0,-220.0,1937.360107421875,1059.488525390625,369.0,2094.0,3096.0,-0.5965812375868159,1.7061616627530036,1.0568452,-0.10752905,0.6112003856978934,-0.4649190728028607,Siemens,1.5,226
227_t1,1923.67138671875,663.7781372070312,1058.0,1946.0,2821.0,656.3154907226562,368.9391174316406,136.0,698.0,1097.0,222.94093322753906,271.0328063964844,-120.0,222.0,556.0,0.34117858949961816,0.1158934601049096,1.463299,0.8289867,0.34505796647222303,0.5621368413280511,Philips,3.0,227
227_t2,1678.4332275390625,681.8731079101562,830.0,1651.0,2604.0,-104.89034271240234,380.1943664550781,-553.0,-137.0,353.0,2139.695068359375,920.41845703125,735.0,2309.0,3096.0,-0.06249300891385517,1.2748169137605805,1.3728514,0.45879534,0.40625572487245765,-3.6246842201880587,Philips,3.0,227
228_t1,1020.0042724609375,758.70556640625,0.0,1022.0,2016.0,821.9584350585938,437.5928649902344,187.0,893.0,1339.0,84.20748901367188,558.4210815429688,-532.0,29.0,691.0,0.805838226804323,0.08255601589584587,0.80901515,0.70276743,0.7438258702896559,0.5323783366572082,Philips,3.0,228
228_t2,969.3756713867188,618.6297607421875,134.0,1004.0,1730.0,1270.2027587890625,1088.684814453125,-27.0,1031.0,3096.0,1821.902099609375,1171.9696044921875,139.0,1940.0,3096.0,1.3103307571786607,1.8794592762201616,1.0808977,1.2830664,0.6381733917656992,0.8570952992055524,Philips,3.0,228
229_t1,1917.3065185546875,688.84130859375,972.0,2000.0,2749.0,664.8072509765625,310.6226501464844,249.0,684.0,1035.0,151.62796020507812,281.9902648925781,-214.0,157.0,487.0,0.3467402025686379,0.0790838390516166,1.0229975,0.43880937,0.3592755261447397,0.4672371566690359,Philips,3.0,229
229_t2,1696.5665283203125,632.9849243164062,856.0,1737.0,2443.0,-181.20887756347656,321.3367919921875,-594.0,-197.0,243.0,2133.6455078125,1014.9215087890625,571.0,2381.0,3096.0,-0.10680917867457483,1.2576256049724688,1.0788153,0.17949767,0.3730976141383598,-1.7732949846947748,Philips,3.0,229
22_t1,60.73389434814453,23.673992156982422,34.0,58.0,92.0,38.23229217529297,15.173555374145508,20.0,37.0,58.0,47.07475280761719,27.25123405456543,20.0,41.0,81.0,0.6295050227905561,0.7750985267414658,0.11795488,-0.12931547,0.389798678666602,0.39687798230086774,Siemens,1.5,22
22_t2,61.1304931640625,26.066822052001953,34.0,57.0,94.0,36.1743049621582,31.614707946777344,9.0,23.0,88.0,172.76791381835938,72.96199035644531,76.0,180.0,263.0,0.5917554807437565,2.8262149060121042,0.39472464,0.114318036,0.4264127488000279,0.8739547893427275,Siemens,1.5,22
22_t2_SPACE,50.874271392822266,21.554269790649414,25.0,50.0,78.0,32.159122467041016,27.132600784301758,7.0,23.0,75.0,177.6719207763672,101.56952667236328,51.0,163.0,320.0,0.632129383959077,3.49237271453212,0.17396156,-0.018978119,0.4236772100487172,0.8436983928405014,Siemens,1.5,22
231_t1,1474.915771484375,582.97021484375,705.0,1509.0,2186.0,577.09375,386.6139221191406,15.0,624.0,1022.0,187.82049560546875,390.65167236328125,-162.0,95.0,582.0,0.39127234298127594,0.1273432009538419,1.2393168,0.78973144,0.39525661445858995,0.6699326087818626,Philips,3.0,231
231_t2,997.6173706054688,509.3092346191406,371.0,989.0,1629.0,-129.78256225585938,467.2998962402344,-655.0,-217.0,523.0,2334.232421875,917.6993408203125,883.0,2736.0,3096.0,-0.13009252439840727,2.3398073132172033,1.2262845,0.53420347,0.5105256274752992,-3.6006370325746433,Philips,3.0,231
232_t1,372.34210205078125,449.9092712402344,-253.0,402.0,947.0,60.195796966552734,246.75482177734375,-279.0,93.0,356.0,-293.9666442871094,270.1100158691406,-626.0,-306.0,24.0,0.16166798348437925,-0.7895068590914018,0.38760272,0.18019654,1.20832231314672,4.099203434672482,Philips,3.0,232
232_t2,531.5806884765625,435.1529541015625,-70.0,559.0,1073.0,-46.46455001831055,475.12640380859375,-596.0,-129.0,629.0,1288.220947265625,929.0148315429688,122.0,1181.0,2718.0,-0.08740827298309747,2.423377998426,0.49506402,0.1751718,0.8186018843725295,-10.225567961960806,Philips,3.0,232
233_t1,893.4331665039062,474.7201232910156,265.0,931.0,1430.0,320.6661682128906,396.912841796875,-211.0,332.0,842.0,-11.012701034545898,370.35198974609375,-322.0,-78.0,298.0,0.35891455553276025,-0.012326272893263445,0.7682279,0.3617219,0.5313437429430782,1.2377758550929772,Siemens,1.5,233
233_t2,762.3995971679688,512.1063232421875,77.0,826.0,1295.0,-36.673118591308594,840.9116821289062,-923.0,-353.0,1193.0,2266.243408203125,1049.749755859375,572.0,2943.0,3096.0,-0.048102227072828185,2.9725139069444206,0.8850556,0.32704392,0.6717032963720979,-22.9299208073927,Siemens,1.5,233
234_t1,128.08152770996094,58.90055847167969,60.0,118.0,212.0,48.505638122558594,24.869354248046875,21.0,45.0,81.0,53.19123840332031,36.55070114135742,24.0,44.0,90.0,0.37870908171621703,0.4152920326534455,0.77435404,0.023638096,0.459867703523896,0.5127105775311978,Siemens,1.5,234
234_t2,126.2997817993164,60.47475051879883,59.0,115.0,212.0,21.07261085510254,17.695613861083984,4.0,17.0,42.0,208.75242614746094,79.12146759033203,107.0,209.0,313.0,0.16684597857611355,1.6528328198248556,0.9672547,0.036040805,0.47881911732888705,0.8397446876903943,Siemens,1.5,234
234_t2_SPACE,108.72277069091797,46.420021057128906,52.0,107.0,168.0,21.630680084228516,16.33355140686035,5.0,18.0,42.0,241.76913452148438,125.33692932128906,63.0,253.0,397.0,0.19895261818491158,2.2237212201395735,0.63791907,-0.12604667,0.4269576679768048,0.7551103612160212,Siemens,1.5,234
236_t1,1266.4991455078125,756.6489868164062,251.0,1262.0,2274.0,183.30734252929688,326.349365234375,-233.0,163.0,643.0,6.6883649826049805,290.1551208496094,-338.0,-13.0,344.0,0.14473546471368753,0.0052809865691952305,0.56146216,0.075508006,0.5974334755003633,1.7803398322785504,Philips,3.0,236
236_t2,1254.858642578125,703.8311767578125,337.0,1245.0,2183.0,-300.43267822265625,459.2062072753906,-705.0,-442.0,349.0,2008.78173828125,929.3427124023438,668.0,2082.0,3096.0,-0.23941555470024692,1.600803204856107,0.6859537,0.0020084968,0.5608848298250522,-1.528482891809616,Philips,3.0,236
237_t1,865.5016479492188,458.628173828125,223.0,925.0,1415.0,645.6535034179688,327.4748840332031,170.0,712.0,1000.0,31.4616756439209,269.2727355957031,-276.0,0.0,372.0,0.7459876063804599,0.036350798039631274,0.43091246,0.32652113,0.5298986713484978,0.5071991118957975,Philips,1.5,237
237_t2,1276.9017333984375,619.7212524414062,435.0,1338.0,1920.0,1216.8275146484375,1403.2841796875,-529.0,1041.0,3096.0,2921.1669921875,512.8726806640625,2415.0,3096.0,3096.0,0.952953137949725,2.2876991341574877,1.1136017,1.0741311,0.4853319842449456,1.1532317946802026,Philips,1.5,237
239_t1,175.5999298095703,47.63471984863281,119.0,176.0,234.0,113.7164306640625,40.0560417175293,61.0,118.0,160.0,80.78178405761719,50.294254302978516,37.0,71.0,125.0,0.6475881291057142,0.46003312008830544,0.15072438,-0.07349119,0.2712684431538323,0.35224497578205405,Siemens,1.5,239
239_t2,190.70762634277344,46.80839920043945,134.0,193.0,245.0,88.12699127197266,67.3783187866211,16.0,69.0,191.0,338.6717529296875,156.85523986816406,126.0,340.0,535.0,0.4621052262035396,1.775868944774646,0.79282016,0.22292773,0.24544586838316187,0.7645593824271438,Siemens,1.5,239
239_t2_SPACE,81.77070617675781,24.806407928466797,53.0,81.0,112.0,33.44227600097656,23.419532775878906,9.0,27.0,68.0,228.1284637451172,144.57138061523438,53.0,202.0,431.0,0.40897623556913626,2.7898555805808116,0.6839844,0.10171417,0.30336545671354637,0.7002971949306868,Siemens,1.5,239
23_t1,1238.403076171875,669.334228515625,370.0,1239.0,2085.0,-110.69857025146484,280.1922607421875,-459.0,-122.0,268.0,157.67697143554688,384.8395080566406,-255.0,104.0,597.0,-0.08938815825964008,0.12732281947783247,0.75514627,-0.024681255,0.5404817226747973,-2.5311281133697197,Siemens,1.5,23
23_t2,1271.9364013671875,672.8013305664062,403.0,1297.0,2057.0,-436.5107421875,479.78076171875,-826.0,-586.0,163.0,1442.9617919921875,1034.05029296875,96.0,1384.0,3057.0,-0.3431859811348385,1.134460645443205,0.6401341,-0.2534052,0.5289583105839747,-1.0991270464812313,Siemens,1.5,23
241_t1,308.5867614746094,553.43408203125,-317.0,240.0,1036.0,-445.5382385253906,246.22972106933594,-738.0,-465.0,-112.0,-406.1159973144531,411.0545349121094,-761.0,-488.0,1.0,-1.4438021739900448,-1.3160512591588192,0.6938909,0.036987595,1.7934472548114786,-0.5526567650779999,Siemens,1.5,241
241_t2,400.24114990234375,580.9802856445312,-271.0,326.0,1184.0,-709.9117431640625,240.22023010253906,-921.0,-765.0,-466.0,1798.9927978515625,1069.541259765625,196.0,1951.0,3096.0,-1.7737100284754987,4.494772198700041,0.8670063,0.012385109,1.4515755922016291,-0.3383804152474823,Siemens,1.5,241
241_t2_SPACE,765.9856567382812,686.71240234375,-69.0,737.0,1627.0,-663.6871948242188,279.9867858886719,-937.0,-710.0,-338.0,2140.60546875,1311.4061279296875,-69.0,3096.0,3096.0,-0.8664485922411156,2.794576435113088,0.80763775,-0.04640812,0.8965081727135719,-0.4218655844108813,Siemens,1.5,241
242_t1,1351.0914306640625,604.4171752929688,564.0,1372.0,2077.0,228.5897674560547,222.99790954589844,-75.0,259.0,487.0,93.81946563720703,249.96371459960938,-226.0,104.0,353.0,0.16918896982013545,0.06943976065458052,0.49497017,0.039963424,0.4473547541845798,0.9755375800591387,Philips,3.0,242
242_t2,1076.232421875,586.5225830078125,363.0,1048.0,1838.0,-356.4786376953125,415.74871826171875,-721.0,-488.0,216.0,1493.5977783203125,926.7522583007812,257.0,1428.0,2964.0,-0.33122830172968687,1.3878022503079595,0.5407904,-0.045185536,0.5449776187201291,-1.1662654517416853,Philips,3.0,242
243_t1,752.7109985351562,438.74176025390625,133.0,805.0,1285.0,263.29547119140625,300.7242736816406,-157.0,292.0,634.0,8.590313911437988,310.10321044921875,-278.0,-42.0,298.0,0.3497962316931822,0.011412499507437805,0.36769396,0.12175652,0.5828820895733626,1.1421551277684905,Philips,3.0,243
243_t2,729.435302734375,457.96875,89.0,770.0,1286.0,161.5675811767578,749.6134643554688,-668.0,-69.0,1312.0,1999.6142578125,1007.3160400390625,528.0,2204.0,3096.0,0.22149679395774474,2.741318178014404,0.4916857,0.24403295,0.627840121879774,4.6396279145613395,Philips,3.0,243
244_t1,971.0965576171875,424.380859375,395.0,1010.0,1483.0,17.9150333404541,252.3447723388672,-306.0,16.0,354.0,-85.5323257446289,305.4839782714844,-406.0,-98.0,180.0,0.018448251290236858,-0.08807808552676202,0.42550713,-0.025596295,0.4370120104012166,14.085642681077376,Philips,3.0,244
244_t2,1146.361083984375,467.79315185546875,536.0,1178.0,1719.0,-318.2371826171875,421.7441101074219,-699.0,-455.0,349.0,1445.077392578125,938.8973388671875,266.0,1395.0,2795.0,-0.2776064076019512,1.2605778506497554,0.5576257,-0.059047233,0.40806789237951563,-1.3252508960902767,Philips,3.0,244
245_t1,1200.6158447265625,734.8569946289062,248.0,1186.0,2169.0,524.50830078125,549.2354736328125,-241.0,536.0,1238.0,-181.96348571777344,330.80523681640625,-514.0,-230.0,188.0,0.4368660489099571,-0.15155845757445982,1.0787332,0.747308,0.6120667132992914,1.0471435280768446,Philips,3.0,245
245_t2,1369.5411376953125,749.465087890625,359.0,1399.0,2331.0,127.08253479003906,452.2001647949219,-466.0,104.0,755.0,1349.6334228515625,893.3053588867188,252.0,1251.0,2658.0,0.09279205362980457,0.9854639519169792,1.1931224,0.5675139,0.5472380980133241,3.5583187098346056,Philips,3.0,245
246_t2,510.21051025390625,471.7107849121094,-9.0,462.0,1115.0,-476.8492736816406,351.80145263671875,-819.0,-594.0,80.0,2212.2607421875,1073.5743408203125,530.0,2825.0,3096.0,-0.9346127983716442,4.335976412462754,1.1588583,0.29830053,0.9245414873026058,-0.7377623764807382,Siemens,1.5,246
249_t1,747.3726196289062,523.2300415039062,59.0,765.0,1394.0,-209.00025939941406,251.53631591796875,-531.0,-210.0,117.0,-121.09791564941406,573.0826416015625,-582.0,-287.0,489.0,-0.27964666303074165,-0.16203151186821835,0.5325107,-0.14528722,0.7000926004803516,-1.2035215546827953,Siemens,1.5,249
249_t2,705.8900756835938,518.4202270507812,50.0,712.0,1339.0,-540.8650512695312,391.5270690917969,-920.0,-646.0,-2.0,2266.25146484375,988.7096557617188,659.0,2725.0,3096.0,-0.7662171053751293,3.210487779472736,0.36920825,-0.48181915,0.7344206189813836,-0.7238904952292365,Siemens,1.5,249
24_t1,815.8270874023438,525.2319946289062,104.0,830.0,1483.0,22.33678436279297,427.960205078125,-515.0,7.0,527.0,22.685842514038086,263.9383239746094,-292.0,10.0,285.0,0.027379311964911213,0.027807169970862803,0.9620138,0.5262695,0.6438030829026311,19.159435797372648,Philips,3.0,24
24_t2,731.4158935546875,489.7057189941406,66.0,760.0,1322.0,-481.70068359375,255.25592041015625,-752.0,-536.0,-130.0,1834.329345703125,906.7150268554688,611.0,1845.0,3096.0,-0.6585865677516166,2.5079156186781137,0.8938861,0.24237342,0.6695311417757625,-0.5299056647287967,Philips,3.0,24
250_t1,1899.8017578125,696.3463745117188,912.0,1987.0,2740.0,838.4857788085938,402.87017822265625,277.0,904.0,1293.0,325.0342102050781,443.02001953125,-111.0,260.0,802.0,0.4413543544315392,0.17108848788951836,1.4589696,0.8640616,0.36653633532110247,0.4804734772182086,Siemens,3.0,250
250_t2,1260.5999755859375,596.9578857421875,454.0,1314.0,1942.0,-43.15694808959961,742.1991577148438,-802.0,-268.0,1211.0,2075.31298828125,1069.6300048828125,540.0,2398.0,3096.0,-0.034235244241778325,1.6462898832520896,1.331642,0.41285628,0.47355060830551404,-17.19767517785581,Siemens,3.0,250
251_t1,539.5328369140625,540.5650024414062,-191.0,565.0,1185.0,12.862998008728027,372.52508544921875,-435.0,14.0,401.0,-145.6760711669922,469.15960693359375,-595.0,-247.0,453.0,0.023840991881900732,-0.270004086739565,0.26095757,0.010401046,1.0019130708175878,28.960982209238026,Philips,3.0,251
251_t2,502.3808898925781,493.9606628417969,-120.0,502.0,1095.0,-194.5853271484375,528.1036987304688,-706.0,-325.0,495.0,984.8980712890625,894.7213745117188,-114.0,938.0,2261.0,-0.38732629101938676,1.9604608557845384,0.23103367,-0.07029197,0.9832393544351955,-2.713995495876241,Philips,3.0,251
252_t1,778.7423095703125,494.0556945800781,90.0,854.0,1355.0,306.9603576660156,247.4713134765625,-20.299560546875,329.0,611.0,149.3400115966797,565.8209228515625,-376.0,7.0,943.0,0.39417449584986974,0.19177076880195507,0.330296,0.11288496,0.6344277020446675,0.8061995840505926,Philips,3.0,252
252_t2,652.8751220703125,418.3179626464844,103.0,685.0,1143.0,-60.36435317993164,470.6792907714844,-584.0,-163.0,642.0,1739.23974609375,930.7003784179688,482.0,1730.0,3065.0,-0.0924592637196112,2.6639700068744077,0.34417883,0.05635014,0.6407319682809126,-7.797305425700626,Philips,3.0,252
253_t1,1160.09521484375,541.0575561523438,407.0,1216.0,1821.0,226.40133666992188,271.023681640625,-109.0,252.0,537.0,92.79045867919922,348.0704650878906,-248.0,52.0,391.0,0.19515754705122,0.079985209327591,1.1514367,0.65373206,0.4663906451496109,1.1970939943639358,Philips,3.0,253
253_t2,1165.501953125,528.168701171875,431.0,1235.0,1779.0,-386.0823669433594,272.58502197265625,-692.0,-433.0,-20.0,1904.0892333984375,919.02783203125,649.0,1955.0,3096.0,-0.33125844669493537,1.633707456825271,1.0997978,0.31179157,0.453168438973916,-0.7060281588013427,Philips,3.0,253
254_t1,862.1851196289062,589.9396362304688,66.0,886.0,1637.0,251.0509033203125,346.79766845703125,-236.0,300.0,656.0,-42.744659423828125,308.943115234375,-458.0,-38.0,316.0,0.2911798143039023,-0.049577124913323445,0.43552074,0.1235584,0.6842377838765616,1.3813838647422545,Philips,3.0,254
254_t2,972.7058715820312,541.7406005859375,237.0,1003.0,1657.0,-188.3396453857422,329.05535888671875,-590.0,-214.0,229.0,1833.039794921875,1047.2137451171875,415.0,1846.0,3096.0,-0.19362445595789177,1.8844748927608528,0.561397,0.0032020935,0.5569418421910997,-1.747138049240307,Philips,3.0,254
255_t1,1019.0343627929688,618.5880126953125,129.0,1112.0,1696.0,785.8707275390625,312.4137878417969,365.0,820.0,1163.0,138.30361938476562,361.9577331542969,-342.0,146.0,601.0,0.771191586330766,0.13572027038419282,0.40581265,0.3002132,0.6070335159187894,0.39753839467029856,Philips,3.0,255
255_t2,561.7056274414062,471.7958068847656,-18.0,573.0,1064.0,100.78389739990234,576.1439819335938,-522.0,-41.0,953.0,1725.544677734375,1060.3909912109375,261.0,1779.0,3096.0,0.17942475969050312,3.071973272766259,0.5146503,0.2664426,0.8399342698307687,5.716627269640842,Philips,3.0,255
256_t1,1283.9610595703125,636.9671020507812,468.0,1282.0,2090.0,278.1906433105469,328.72930908203125,-159.0,281.0,707.0,158.61099243164062,584.846923828125,-335.0,0.0,808.0,0.21666595027966,0.12353255663469144,0.90508014,0.35336843,0.49609534246143866,1.1816691747371186,Siemens,3.0,256
256_t2,1082.82373046875,600.31396484375,317.0,1091.0,1813.0,-411.7055358886719,409.3882141113281,-849.0,-514.0,213.0,1835.8109130859375,1086.523193359375,392.0,1848.0,3096.0,-0.38021473294663705,1.6953922044133904,0.9159665,0.026365753,0.5543967567366479,-0.9943714121356897,Siemens,3.0,256
257_t1,1524.2135009765625,627.111083984375,655.0,1582.0,2279.0,390.1543884277344,266.91070556640625,22.0,414.0,719.0,193.53501892089844,273.6520080566406,-160.0,200.0,513.0,0.2559709567733075,0.12697369408545914,0.64581835,0.18027684,0.41143257369860115,0.6841156034612403,Philips,3.0,257
257_t2,1193.6279296875,528.8491821289062,483.0,1247.0,1797.0,-291.0580749511719,338.31640625,-656.0,-348.0,136.0,2094.729248046875,895.9964599609375,801.0,2191.0,3096.0,-0.24384321736131764,1.7549264676140435,0.68442494,0.07544788,0.44306032770555415,-1.1623673642077224,Philips,3.0,257
25_t1,838.8915405273438,491.31195068359375,179.0,845.0,1475.0,42.31861877441406,238.52191162109375,-271.0,51.0,329.0,-134.71644592285156,282.9521179199219,-483.0,-150.0,198.0,0.05044587611095216,-0.1605886330401872,0.36513484,-0.02324787,0.5856680230546578,5.636334854316413,Philips,3.0,25
25_t2,998.1248168945312,508.5356750488281,358.0,990.0,1618.0,-339.6287536621094,297.8995666503906,-663.0,-400.0,70.0,1209.5184326171875,773.9244384765625,173.0,1224.0,2188.0,-0.34026681590638186,1.2117907609677265,0.4114185,-0.15590702,0.5094910635741386,-0.8771329409402673,Philips,3.0,25
28_t1,1550.9332275390625,592.7540283203125,721.0,1624.0,2266.0,668.6148071289062,372.0526123046875,215.0,664.0,1084.0,301.6708679199219,335.06732177734375,-164.0,323.0,704.0,0.4311048308370589,0.19450925569767288,0.7815954,0.40453625,0.38219184257124394,0.5564528451678522,Philips,3.0,28
28_t2,1193.0343017578125,515.2129516601562,490.0,1239.0,1823.0,19.407730102539062,537.2516479492188,-594.0,-76.0,786.390625,1665.4761962890625,1020.879150390625,228.0,1732.0,3096.0,0.016267537368939218,1.3960002595391896,0.89687943,0.3390721,0.43185091197226466,27.68235220854495,Philips,3.0,28
29_t1,1602.3106689453125,808.0618896484375,494.6015625,1657.0,2639.0,315.6781311035156,342.8683166503906,-136.0,349.0,722.0,103.76412963867188,251.48828125,-246.0,121.0,396.0,0.19701431003657352,0.06475905801851359,0.6306286,0.065324314,0.504310371768302,1.0861326198482413,Philips,3.0,29
29_t2,1433.5567626953125,717.5386352539062,399.0,1532.0,2272.0,-299.90826416015625,301.61077880859375,-660.0,-336.0,109.0,1992.466796875,1000.0487670898438,533.0,2184.0,3096.0,-0.2092057125014539,1.389876457866218,0.69305307,-0.062269397,0.5005303266850001,-1.0056767880634496,Philips,3.0,29
2_t1,1047.4688720703125,506.4658203125,374.0,1068.0,1680.0,73.20396423339844,269.1144714355469,-292.0,102.0,374.0,-84.44970703125,293.0078125,-387.0,-129.0,251.0,0.06988652943817313,-0.08062264111363356,0.48356318,0.005982335,0.48351395763003535,3.6762280646618115,Siemens,1.5,2
2_t2,276.4686279296875,410.1964416503906,-215.0,263.0,780.0,-606.001953125,285.76287841796875,-866.0,-693.0,-253.0,1326.1473388671875,1070.2081298828125,-62.0,1315.0,2847.0,-2.1919374920440635,4.796737134340324,0.509418,-0.13144659,1.4836997717911542,-0.4715543859486189,Siemens,1.5,2
30_t1,800.15771484375,489.8680114746094,105.0,872.0,1390.0,133.82077026367188,229.30770874023438,-171.0,156.0,402.0,-224.17813110351562,270.4074401855469,-519.0,-256.0,56.0,0.1672429917426474,-0.2801674303260631,0.5161826,0.13323033,0.6122143194708227,1.7135434699327892,Philips,3.0,30
30_t2,965.6218872070312,461.4496765136719,323.0,1033.0,1497.0,-101.50472259521484,446.4224853515625,-654.0,-159.0,544.0,1557.0440673828125,949.1963500976562,278.0,1593.0,2782.0,-0.10511849807349441,1.6124780169119148,0.6010687,0.08778031,0.47787822764715143,-4.398046498091255,Philips,3.0,30
31_t1,1401.4027099609375,582.4445190429688,682.0,1407.0,2132.0,-199.0489501953125,249.00338745117188,-512.0,-191.0,105.0,-138.03738403320312,421.3785095214844,-512.0,-245.0,331.0,-0.1420355110194023,-0.09849944127662727,0.9260615,-0.07172628,0.41561537913936836,-1.2509655964415198,Siemens,1.5,31
31_t2,1625.6080322265625,548.3103637695312,916.0,1665.0,2278.0,-652.914794921875,176.7096405029297,-863.0,-667.0,-429.0,2193.944091796875,1018.1254272460938,583.0,2576.0,3096.0,-0.4016434353033722,1.3496144500727272,0.75590247,-0.37825525,0.3372955549937989,-0.2706473220517561,Siemens,1.5,31
32_t1,786.3053588867188,433.0204772949219,172.0,857.0,1285.0,287.8260498046875,237.20042419433594,-47.0,323.0,566.0,-117.19914245605469,267.61114501953125,-445.0,-121.0,199.0,0.3660486936603789,-0.1490504178592135,0.50718653,0.24769706,0.5507026905645234,0.8241103386270445,Philips,3.0,32
32_t2,560.2728271484375,386.2752990722656,43.0,598.0,998.0,21.13750457763672,663.0662231445312,-661.0,-206.0,1125.59375,1994.5845947265625,1014.9934692382812,519.0,2144.0,3096.0,0.03772716347407194,3.5600237857655332,0.5352752,0.27393967,0.6894414286496983,31.36918028047969,Philips,3.0,32
33_t1,1835.73388671875,600.4021606445312,986.0,1918.0,2551.0,625.8565673828125,282.29931640625,230.0,670.0,951.0,293.900146484375,398.75439453125,-68.0,248.0,705.0,0.3409298981567305,0.1600995375476791,1.837218,1.017518,0.3270638324330579,0.4510607232831314,Siemens,1.5,33
33_t2,1263.4404296875,653.419189453125,466.0,1241.0,2099.0,-323.65618896484375,419.03253173828125,-778.0,-418.0,273.0,2584.965087890625,833.7525634765625,1214.0,3096.0,3096.0,-0.2561705175041189,2.0459730629991144,2.911723,0.70742196,0.5171745130061791,-1.2946841349555704,Siemens,1.5,33
34_t1,101.37410736083984,37.778236389160156,57.0,98.0,150.0,52.20595169067383,20.98453712463379,26.0,51.0,80.0,51.51622009277344,33.408451080322266,23.0,44.0,82.0,0.5149830911937338,0.5081792671300458,0.7690848,0.08619377,0.37266158982813447,0.40195678927591927,Siemens,1.5,34
34_t2,575.1456298828125,604.9511108398438,-155.0,527.0,1371.0,-487.3037109375,377.10296630859375,-874.0,-568.0,6.0,2341.968017578125,1005.6681518554688,706.0,3096.0,3096.0,-0.8472701256367354,4.071956547741397,1.3988699,0.26012465,1.0518224921769495,-0.7738561365702711,Siemens,1.5,34
34_t2_SPACE,75.09901428222656,27.531286239624023,41.0,74.0,110.0,25.371479034423828,17.064035415649414,7.0,22.0,49.0,191.66497802734375,111.79889678955078,46.0,187.0,341.0,0.33784036899919795,2.5521636642911414,1.1478962,0.11190581,0.3665998300531613,0.6725675992294128,Siemens,1.5,34
35_t1,222.71519470214844,79.38746643066406,109.0,229.0,320.0,97.64305877685547,31.720346450805664,56.0,100.0,135.0,74.02104949951172,52.90467834472656,36.0,61.0,111.0,0.43842117943061193,0.3323574274586315,0.2284638,-0.2581982,0.3564528508276288,0.32486022583987484,Siemens,1.5,35
35_t2,189.97584533691406,59.93013000488281,114.0,197.0,256.0,60.17280578613281,49.9429817199707,6.0,46.0,134.0,286.1293029785156,105.49095916748047,135.0,302.0,404.0,0.3167392431531475,1.506135166631012,0.7407993,0.15078548,0.31546183980988446,0.82999255623024,Siemens,1.5,35
35_t2_SPACE,111.157958984375,42.51984786987305,57.0,111.0,165.0,25.02309799194336,19.801729202270508,5.0,21.0,50.0,200.2810516357422,119.28877258300781,47.0,191.0,368.0,0.22511296532844566,1.8017697667705925,0.79198056,-0.028351448,0.38251734626876815,0.7913380036839575,Siemens,1.5,35
36_t1,1210.21484375,530.0010986328125,471.0,1279.0,1827.0,131.84808349609375,269.4498291015625,-219.0,132.0,477.0,-74.53978729248047,283.9934997558594,-449.0,-79.0,268.0,0.10894601406358574,-0.06159219382892177,0.4460029,-0.013267426,0.43793967734902256,2.0436385566871507,Philips,3.0,36
36_t2,1286.7271728515625,548.3714599609375,540.0,1349.0,1902.0,-293.7476806640625,335.06536865234375,-675.0,-343.0,140.0,1455.2332763671875,865.6531982421875,321.0,1461.0,2621.0,-0.22829057055256483,1.130957133679889,0.4430543,-0.14799838,0.42617539374683155,-1.1406570735657664,Philips,3.0,36
37_t1,1008.3277587890625,509.4106140136719,300.0,1057.0,1634.0,209.61619567871094,225.54425048828125,-89.0,223.0,480.0,-20.414684295654297,272.472412109375,-346.0,-38.0,300.0,0.20788497950563384,-0.02024607980635677,0.48008958,0.13566892,0.5052034014418468,1.0759867513195271,Philips,3.0,37
37_t2,917.7511596679688,453.2936706542969,313.0,949.0,1468.0,-157.81336975097656,553.465576171875,-680.0,-341.0,759.0,1933.8304443359375,952.1788940429688,644.0,1952.0,3096.0,-0.17195660056274398,2.1071402872739857,0.54524153,0.1058769,0.4939178396945586,-3.507089295110495,Philips,3.0,37
38_t1,2148.97412109375,722.1495971679688,1139.0,2184.0,3096.0,696.302001953125,437.66021728515625,106.0,709.0,1272.0,414.78033447265625,360.2986145019531,29.0,377.0,819.0,0.32401600130704067,0.19301318252661642,1.5212436,0.8194696,0.3360438777477585,0.6285494159559664,Philips,3.0,38
38_t2,1747.486083984375,707.4649658203125,828.0,1774.0,2650.0,-269.64886474609375,333.5732116699219,-634.0,-327.0,160.0,2375.834716796875,977.5595703125,771.0,3072.0,3096.0,-0.15430673071625906,1.359572895722439,1.5030011,0.39953563,0.40484726711093566,-1.2370651484888897,Philips,3.0,38
39_t1,1287.994140625,553.169677734375,500.0,1357.0,1929.0,485.5886535644531,292.2652282714844,90.0,513.0,841.0,28.573585510253906,253.5868377685547,-235.0,14.0,296.0,0.377011539005767,0.02218456170476365,0.57478005,0.2259081,0.4294815169240347,0.6018782060170466,Philips,3.0,39
39_t2,1019.4772338867188,503.7289123535156,331.0,1077.0,1597.0,-27.18084144592285,603.2786865234375,-657.0,-231.0,922.0,1891.4993896484375,1108.068603515625,277.0,2134.0,3096.0,-0.026661548209012342,1.8553620668720623,0.4350759,0.042333644,0.4941051110469264,-22.19499752863344,Philips,3.0,39
3_t1,1196.5709228515625,503.94110107421875,549.0,1196.0,1843.0,-3.084073066711426,237.08181762695312,-320.0,8.0,305.0,-130.1114959716797,348.9512634277344,-405.0,-214.0,177.0,-0.0025774260474124744,-0.10873696943334746,0.6324235,0.04636831,0.42115439296495377,-76.8729823748106,Siemens,1.5,3
3_t2,408.76483154296875,495.2284240722656,-155.0,344.0,1094.0,-696.3671875,188.7089080810547,-874.0,-734.0,-452.0,1928.3876953125,960.2640380859375,532.0,2111.0,3096.0,-1.703588792528523,4.717596871814531,0.6868812,-0.10817783,1.2115240467028385,-0.2709905230163436,Siemens,1.5,3
40_t1,1704.3914794921875,805.0460205078125,592.0,1773.0,2738.0,1220.353759765625,576.8479614257812,390.0,1341.0,1840.0,287.9896545410156,375.918701171875,-203.0,295.0,740.0,0.7160055502115136,0.16896919389543716,0.66725755,0.46172133,0.472336332187799,0.47268913324270706,Philips,3.0,40
40_t2,1204.856201171875,601.862548828125,408.0,1221.0,1954.0,955.4561157226562,1167.2965087890625,-467.0,788.0,2729.0,2531.389404296875,875.8275146484375,1088.0,3096.0,3096.0,0.7930042722113643,2.1009888148758247,0.9629441,0.8188654,0.4995306060119099,1.2217165062410689,Philips,3.0,40
41_t2_SPACE,-277.136474609375,323.5044250488281,-673.0,-293.0,87.0,-377.280517578125,505.748779296875,-873.0,-565.0,395.0,1245.67333984375,1260.5653076171875,-256.0,1029.0,3096.0,1.361352811719411,-4.494801148402905,0.26984563,0.2015811,-1.1673108950098317,-1.3405112564092547,Siemens,1.5,41
42_t2,723.6559448242188,370.26116943359375,216.0,774.0,1139.0,426.1046447753906,824.213623046875,-533.0,257.0,1676.0,1956.7156982421875,984.5079345703125,581.0,2021.0,3096.0,0.5888221429453915,2.7039309350433887,0.49536145,0.3619303,0.5116535994351283,1.9342986076742674,Philips,1.5,42
44_t1,1078.73974609375,620.243408203125,205.0,1156.0,1840.0,289.07373046875,272.11175537109375,-75.0,350.0,567.0,-102.09615325927734,299.636474609375,-497.0,-102.0,241.0,0.26797356011730183,-0.09464391530425778,0.47991115,0.090721406,0.5749703854651992,0.9413230112211358,Philips,3.0,44
44_t2,1087.72216796875,551.7294921875,333.0,1148.0,1736.0,-110.74341583251953,443.15557861328125,-601.0,-193.0,518.0,1731.94873046875,1056.7325439453125,273.0,1723.0,3096.0,-0.10181222649669205,1.5922712434102355,0.6413525,0.078956634,0.5072338396031634,-4.001642709713063,Philips,3.0,44
45_t1,104.32337188720703,38.964107513427734,61.0,99.0,156.0,49.64470291137695,16.5966796875,30.0,49.0,71.0,58.603973388671875,31.89573097229004,28.0,53.0,90.0,0.4758732538781325,0.5617530546297969,0.4506988,-0.07005045,0.3734935559987615,0.3343091685495294,Siemens,1.5,45
45_t2,99.42432403564453,39.580543518066406,56.0,93.0,153.0,45.619686126708984,34.14704895019531,11.0,36.0,94.0,185.3765869140625,90.46393585205078,77.0,172.0,326.0,0.45883827836250246,1.8644993249650255,0.7884738,0.26097733,0.3980971809854019,0.7485156321951894,Siemens,1.5,45
45_t2_SPACE,85.022705078125,29.22259521484375,51.0,83.0,121.0,39.12018585205078,26.756853103637695,10.0,33.0,77.0,176.271484375,123.80086517333984,41.0,140.0,372.0,0.46011457005501954,2.0732283469433335,0.49536607,0.049710542,0.34370342421225597,0.6839653707388934,Siemens,1.5,45
47_t1,1583.0115966796875,604.125,724.8017578125,1706.0,2211.0,1000.231201171875,408.67742919921875,425.0,1075.0,1435.0,280.8914489746094,357.8493957519531,-61.0,245.0,642.0,0.631853362690439,0.17744118197638498,1.3980426,1.0613699,0.3816301793906635,0.40858296393056687,Siemens,1.5,47
47_t2,1321.5379638671875,525.1129760742188,590.0,1413.0,1852.0,448.9014892578125,1122.5802001953125,-835.0,280.0,2072.0,2565.373291015625,887.156494140625,1102.0,3096.0,3096.0,0.3396811148765797,1.9412028706064761,2.2138672,1.2785654,0.39734989840189094,2.500727274375039,Siemens,1.5,47
48_t1,990.8576049804688,517.9760131835938,296.0,1015.0,1648.0,157.01673889160156,316.9721984863281,-307.0,201.0,532.0,3.1007845401763916,654.267822265625,-543.0,-143.0,690.0,0.15846549286588066,0.003129394699562424,0.2675828,-0.061089184,0.5227552476332344,2.018715957961895,Philips,3.0,48
48_t2,954.7898559570312,450.8586120605469,358.0,996.0,1484.0,-292.4176940917969,371.6192932128906,-710.0,-365.0,242.0,1384.5269775390625,841.61474609375,318.0,1325.0,2561.0,-0.30626393018433234,1.4500855528059624,0.2761974,-0.19197361,0.472207165561497,-1.2708509163165804,Philips,3.0,48
4_t1,571.1017456054688,455.57208251953125,-9.0,566.0,1158.0,309.51751708984375,254.37704467773438,-37.0,337.0,619.0,-37.720672607421875,350.1229553222656,-472.0,-69.0,437.0,0.5419656285934389,-0.06604895332859181,0.5280227,0.3707261,0.7977073879170812,0.8218502340274526,Philips,3.0,4
4_t2,765.8308715820312,481.2035217285156,160.0,754.0,1378.0,-37.34001541137695,533.8678588867188,-599.0,-194.0,783.0,1779.8118896484375,972.6953735351562,432.0,1762.0,3096.0,-0.048757521729939544,2.3240273451600695,0.59950376,0.18825395,0.6283417644239355,-14.297473295137696,Philips,3.0,4
50_t1,1470.271484375,941.95166015625,201.0,1471.0,2774.0,174.38934326171875,428.70294189453125,-356.0,150.0,760.0,103.87737274169922,445.8554992675781,-356.0,32.0,624.0,0.11861030088415261,0.07065183115838282,1.2631633,0.4216814,0.6406651217315832,2.458309271758862,Siemens,1.5,50
50_t2,1386.2225341796875,848.975830078125,267.0,1379.0,2510.0,-531.6588745117188,290.29278564453125,-785.0,-590.0,-219.0,2463.43212890625,960.2584228515625,872.0,3096.0,3096.0,-0.3835306821374124,1.7770827312275155,2.1202543,0.26364097,0.6124383412711418,-0.5460132429034548,Siemens,1.5,50
50_t2_SPACE,93.52066802978516,34.33952713012695,50.0,94.0,136.0,19.821578979492188,12.871306419372559,6.0,17.0,37.0,184.33737182617188,105.60701751708984,45.0,180.0,327.0,0.2119486439214765,1.97108696653424,1.0345297,0.024953136,0.36718649990827423,0.6493582465519638,Siemens,1.5,50
51_t1,996.6746826171875,581.3778076171875,171.0,1060.0,1713.0,11.960311889648438,323.9780578613281,-457.0,71.0,385.0,29.025846481323242,374.736572265625,-311.0,-19.0,327.0,0.01200021640586014,0.029122688634952598,0.46294117,0.0114444345,0.5833175229325768,27.087757724275654,Philips,3.0,51
51_t2,901.0498046875,553.3270874023438,126.0,961.0,1536.0,-381.0747985839844,380.7446594238281,-767.0,-500.0,226.0,1592.5726318359375,862.4916381835938,451.0,1612.0,2770.0,-0.4229231238701891,1.7674634873494106,0.65533096,0.031122299,0.6140915673137023,-0.9991336657206162,Philips,3.0,51
52_t1,220.29244995117188,61.25086212158203,141.0,223.0,296.0,96.37802124023438,35.44693374633789,51.0,98.0,139.0,73.82260131835938,53.7779541015625,31.0,64.0,118.0,0.43750033568602265,0.3351118070528992,0.23498705,-0.3940202,0.2780434002940862,0.36779063237033377,Siemens,1.5,52
52_t2,1660.1824951171875,716.2625732421875,688.0,1726.0,2528.0,-188.59896850585938,480.49267578125,-750.0,-266.0,494.0,1488.9385986328125,981.0390014648438,314.0,1324.0,3096.0,-0.11360134741027092,0.8968523653966488,0.8873121,0.123668335,0.4314360468908525,-2.5476951551514837,Siemens,1.5,52
52_t2_SPACE,114.71339416503906,32.24617385864258,74.0,115.0,155.0,27.449371337890625,18.60907745361328,7.0,23.0,54.0,159.51499938964844,111.98340606689453,48.0,124.0,347.0,0.23928653927816362,1.390552508363587,0.9127726,-0.005796091,0.28110207890063543,0.6779418204738198,Siemens,1.5,52
53_t1,1213.672607421875,484.0747375488281,619.0,1214.0,1809.0,107.96476745605469,340.757568359375,-299.0,111.0,461.0,35.54866409301758,438.7378234863281,-361.0,-72.0,514.0,0.0889570768153366,0.02929015934473557,0.6729933,0.07369364,0.39885116809076304,3.1561922767247435,Siemens,1.5,53
53_t2,1016.5424194335938,464.71807861328125,470.0,1019.0,1547.0,-60.525840759277344,568.815673828125,-764.0,-124.0,694.0,2523.417236328125,902.625,907.0,3096.0,3096.0,-0.05954089031863598,2.482353107558258,0.46355847,-0.101535074,0.4571556181738696,-9.397898089318744,Siemens,1.5,53
55_t1,100.46094512939453,37.72815704345703,58.0,95.0,152.0,39.17573928833008,14.645468711853027,21.0,39.0,58.0,58.93668746948242,49.05335998535156,18.0,45.0,119.0,0.3899598878739545,0.5866626757981304,0.43542153,-0.12682807,0.3755504850099944,0.3738402543018623,Siemens,1.5,55
55_t2,68.66058349609375,397.601318359375,-383.0,14.0,619.0,-714.0319213867188,170.83200073242188,-867.0,-770.0,-468.0,528.9525756835938,566.6752319335938,-154.0,474.0,1295.0,-10.39944426088219,7.703875222817059,0.7600534,0.07045646,5.790823385460627,-0.2392498092240743,Siemens,1.5,55
55_t2_SPACE,87.94274139404297,29.405580520629883,53.0,86.0,126.0,21.84590721130371,14.872014045715332,7.0,18.0,42.0,170.49644470214844,96.3880844116211,51.0,157.0,309.0,0.24841057506962053,1.9387210366741698,0.4540249,-0.14685538,0.33437188470735874,0.6807688607800758,Siemens,1.5,55
56_t1,774.6995849609375,474.67376708984375,133.0,820.0,1352.0,146.17247009277344,250.4396209716797,-211.0,185.0,441.0,-204.11329650878906,211.27786254882812,-490.0,-203.0,55.0,0.18868277812677683,-0.2634741262390206,0.334973,0.02882244,0.612719789311696,1.7133159144085994,Philips,3.0,56
56_t2,770.2985229492188,442.97216796875,188.0,809.0,1292.0,-175.91392517089844,450.1444091796875,-677.0,-281.0,526.0,1834.859375,909.71240234375,552.0,1914.0,3031.0,-0.22837110509963202,2.3820107632985175,0.40734473,0.0008960803,0.5750655806760349,-2.5588901577931784,Philips,3.0,56
57_t1,142.3433074951172,46.39886474609375,85.0,141.0,202.0,58.79776382446289,22.158876419067383,31.0,59.0,87.0,51.482635498046875,24.601194381713867,26.0,48.0,78.0,0.4130700940289008,0.361679351437956,1.2236989,0.20485078,0.3259644955328924,0.376865965657391,Siemens,1.5,57
57_t2,122.1298828125,40.79520797729492,73.0,120.0,175.0,29.567720413208008,20.803285598754883,9.0,24.0,60.0,207.29562377929688,89.30924987792969,88.0,206.0,326.0,0.24210061853986428,1.6973374354269235,1.4401354,0.17216055,0.3340313337227586,0.703580952621597,Siemens,1.5,57
57_t2_SPACE,92.78294372558594,29.102025985717773,55.0,94.0,128.0,22.403921127319336,14.954001426696777,6.0,19.0,43.0,142.75765991210938,91.53253173828125,33.0,129.0,281.0,0.24146594175881125,1.5386196281474815,1.25935,0.024630195,0.3136570635022383,0.6674724783327948,Siemens,1.5,57
58_t1,159.1281280517578,382.9408264160156,-307.0,131.0,647.0,-404.6951904296875,197.4230499267578,-638.0,-414.0,-137.0,-218.6988067626953,367.2691345214844,-522.0,-299.0,100.0,-2.5432033471471085,-1.3743566776403287,0.43943152,0.03467682,2.406493614284001,-0.4878314718911638,Siemens,1.5,58
58_t2,180.47242736816406,450.2911376953125,-358.0,177.0,722.0,-749.1085205078125,145.8619384765625,-904.0,-770.0,-569.0,954.701416015625,1044.46337890625,-387.0,885.0,2636.0,-4.150819752808057,5.290012577810681,0.41787365,-0.26664838,2.49506886878431,-0.19471402964739784,Siemens,1.5,58
59_t1,562.1552734375,527.2073364257812,-130.0,564.0,1258.0,33.698631286621094,281.78424072265625,-356.0,57.0,380.0,-208.7439727783203,297.09619140625,-565.0,-241.0,159.0,0.05994541511745201,-0.3713279627006832,0.3895031,0.07864626,0.9378322331909309,8.361889536820437,Philips,3.0,59
59_t2,791.9083251953125,560.8233032226562,71.0,792.0,1500.0,-243.68572998046875,365.8871765136719,-665.0,-291.0,224.0,1615.7564697265625,925.1820068359375,335.0,1634.0,2930.0,-0.3077196209708335,2.0403327206943143,0.48487908,-0.04429521,0.7081922044147537,-1.501471497918524,Philips,3.0,59
5_t1,1011.2213745117188,650.457275390625,220.0,1004.0,1788.0,130.9456787109375,391.64129638671875,-389.0,132.0,634.0,88.54999542236328,552.7166137695312,-477.0,2.0,699.0,0.12949259369114277,0.08756736909121746,0.90156746,0.30718818,0.6432392462644171,2.9908684062831754,Siemens,1.5,5
5_t2,538.9646606445312,689.6424560546875,-313.0,527.0,1369.0,41.16303253173828,755.4995727539062,-778.0,-136.0,1147.0,2338.79296875,1045.5155029296875,726.0,3096.0,3096.0,0.07637426989394519,4.3394180271739735,1.51313,0.8885358,1.2795689683074885,18.353836146973645,Siemens,1.5,5
5_t2_SPACE,58.742408752441406,21.99650001525879,32.0,58.0,87.0,33.608009338378906,25.096080780029297,7.0,27.0,71.0,150.61717224121094,102.87510681152344,33.0,125.0,300.0,0.572125138890512,2.5640278101623353,1.3159533,0.5767062,0.3744568891191017,0.7467291436580716,Siemens,1.5,5
60_t1,1531.1962890625,792.5435180664062,427.0,1606.0,2506.0,775.2938232421875,452.163330078125,148.0,830.0,1327.0,246.16253662109375,582.7665405273438,-410.0,210.0,836.0,0.5063320935884332,0.16076484655735807,0.6566229,0.3376767,0.5175975955597805,0.5832154416038241,Philips,3.0,60
60_t2,1345.74169921875,646.655517578125,500.0,1359.0,2127.0,155.21646118164062,468.16033935546875,-441.49951171875,119.0,807.0,1924.1256103515625,977.7374877929688,445.0,2011.0,3096.0,0.11533896969708987,1.4297882052988298,0.79086936,0.23790823,0.48051978880717694,3.01617710373793,Philips,3.0,60
61_t1,1096.187255859375,651.0903930664062,266.0,1101.0,1910.0,-87.53804779052734,302.8385009765625,-501.0,-56.0,280.0,7.124099254608154,459.77557373046875,-461.0,-56.0,509.0,-0.07985683763678089,0.006498980178823656,1.0060402,0.22778563,0.5939590968534053,-3.459507175219875,Siemens,1.5,61
61_t2,881.1676635742188,625.2562255859375,104.0,871.0,1669.0,-534.4471435546875,294.5367126464844,-815.0,-616.0,-140.0,2079.0029296875,1026.927490234375,564.0,2298.0,3096.0,-0.6065215112187906,2.359372697467373,1.4692837,0.22094609,0.7095769065562137,-0.5511054119189079,Siemens,1.5,61
61_t2_SPACE,1086.2052001953125,776.9968872070312,85.0,1109.0,2051.0,-506.9699401855469,314.56439208984375,-836.0,-590.0,-78.0,1823.963134765625,1324.199951171875,-119.0,2194.0,3096.0,-0.46673495912894974,1.6792067767291556,1.1334687,0.08186802,0.7153315840800489,-0.6204793771307133,Siemens,1.5,61
62_t1,640.6655883789062,506.0339050292969,-6.0,643.0,1267.0,-188.3530731201172,272.74249267578125,-534.0,-191.0,169.0,-231.76258850097656,268.3252258300781,-472.0,-288.0,63.0,-0.2939959258662795,-0.36175282759553073,0.79456466,0.21197955,0.7898565389158357,-1.448038460991212,Siemens,1.5,62
62_t2,620.9545288085938,446.41680908203125,85.0,606.0,1180.0,-496.1506652832031,431.5541076660156,-936.0,-638.0,159.0,2273.7431640625,1078.210205078125,489.0,3096.0,3096.0,-0.7990128768947691,3.6616902766831743,0.80425626,0.0317077,0.7189202874800464,-0.8698045548109642,Siemens,1.5,62
63_t1,1761.080810546875,668.1912231445312,878.0,1761.0,2645.0,250.10398864746094,232.94277954101562,-56.0,266.0,529.0,25.815397262573242,320.1782531738281,-294.0,-22.0,385.0,0.14201732652335122,0.014658837398777772,0.60270363,0.04162792,0.37942110252034045,0.9313837011131441,Philips,1.5,63
63_t2,1719.02685546875,671.798828125,848.0,1721.0,2603.0,-172.1486053466797,390.8309020996094,-582.0,-247.0,337.0,1739.253173828125,1006.8311157226562,411.0,1684.0,3096.0,-0.1001430575088919,1.0117661438989523,0.65791386,-0.023099966,0.390801822319995,-2.270311185982888,Philips,1.5,63
64_t1,504.9473571777344,391.27423095703125,28.0,509.0,961.0,-264.0711669921875,233.8920135498047,-548.0,-269.0,19.0,-118.42278289794922,515.385009765625,-528.0,-250.0,451.0,-0.5229677167639288,-0.23452500736971094,0.5132506,0.09643839,0.7748812319150865,-0.8857158359982564,Siemens,1.5,64
64_t2,385.7495422363281,379.39801025390625,-73.0,384.0,819.0,-589.4000244140625,376.30084228515625,-965.0,-725.0,6.0,1741.8138427734375,1096.3291015625,212.0,1757.0,3096.0,-1.5279344713390073,4.515400920919098,0.47228384,-0.070974946,0.9835345677168291,-0.6384472808559751,Siemens,1.5,64
65_t1,572.0076293945312,561.8895263671875,-88.0,499.0,1353.0,-371.00885009765625,236.77951049804688,-653.0,-388.0,-65.0,-234.37017822265625,428.1710510253906,-630.0,-342.0,257.0,-0.6486082184633797,-0.4097326080440639,1.1199331,0.24999183,0.9823112429105797,-0.6382044823834436,Siemens,1.5,65
65_t2,615.3152465820312,589.8818359375,-86.0,552.0,1439.0,-713.172119140625,196.20550537109375,-895.0,-752.0,-478.0,1781.3056640625,986.6669311523438,382.0,1869.0,3096.0,-1.1590353431726848,2.8949480303996915,1.6715261,0.17548184,0.9586660468036905,-0.2751166238560177,Siemens,1.5,65
65_t2_SPACE,1020.0148315429688,644.362060546875,202.0,1029.0,1818.0,-615.3212890625,259.6588439941406,-887.0,-661.0,-286.0,2086.867431640625,1233.6224365234375,70.0,2870.0,3096.0,-0.6032473934996226,2.0459187112386568,1.0746725,0.07385478,0.6317183240761657,-0.42198904707448753,Siemens,1.5,65
66_t1,1520.2584228515625,534.366943359375,775.0,1588.0,2166.0,526.4534301757812,260.6019287109375,181.0,557.0,834.0,91.12982940673828,276.27044677734375,-212.0,63.0,423.0,0.34629206581997796,0.059943643775945396,0.62080103,0.19243683,0.3514974394981878,0.4950142088140808,Philips,1.5,66
66_t2,1399.993408203125,502.96746826171875,696.0,1469.0,1979.0,-58.875328063964844,401.8251647949219,-551.0,-103.0,520.0,2201.12451171875,842.7719116210938,951.0,2322.0,3096.0,-0.04205400373811519,1.572239195734234,0.7155332,0.077078626,0.35926416864205624,-6.825017963099562,Philips,1.5,66
67_t1,911.206298828125,564.1543579101562,171.0,917.0,1630.0,443.7682800292969,343.8485412597656,-6.0,452.0,883.0,216.8266143798828,542.5979614257812,-294.0,116.0,726.0,0.4870118656038726,0.23795556990857222,1.2843069,0.9445991,0.6191291236864462,0.7748380313758055,Siemens,3.0,67
67_t2,711.7708129882812,497.6284484863281,40.0,734.0,1315.0,-98.08680725097656,576.8656616210938,-751.0,-245.0,750.0,1892.2333984375,1035.7984619140625,470.0,1926.0,3096.0,-0.1378067284065282,2.6584869191737526,1.2137812,0.59272486,0.6991414071868943,-5.881174886508759,Siemens,3.0,67
68_t1,1048.36572265625,804.1798095703125,-30.0,1043.0,2136.0,-173.31924438476562,346.61004638671875,-629.0,-173.0,282.0,-50.42811965942383,413.3811950683594,-429.0,-116.0,292.0,-0.16532326503417377,-0.04810164861509605,0.81057,0.058300957,0.7670794565523167,-1.9998359075296137,Siemens,1.5,68
68_t2,1266.869384765625,800.1704711914062,173.0,1310.0,2284.0,-653.8779296875,287.4463195800781,-987.0,-712.0,-275.0,2034.8316650390625,1127.817138671875,311.0,2384.0,3096.0,-0.5161368149190318,1.6061889946210388,0.81177694,-0.24184199,0.6316124457517204,-0.4396024196092018,Siemens,1.5,68
69_t1,249.21571350097656,93.19195556640625,154.0,237.0,367.0,134.8516845703125,39.94672775268555,84.0,138.0,181.0,90.79878234863281,49.3986930847168,46.0,82.0,134.0,0.5411042591769794,0.36433810977949793,0.12621914,-0.17316313,0.3739409280550849,0.2962271297073041,Siemens,1.5,69
69_t2,231.7818603515625,88.1177749633789,144.0,216.0,365.0,85.60635375976562,64.93791961669922,18.0,67.0,182.0,391.27490234375,175.6527099609375,155.0,401.0,603.0,0.36934017727090157,1.688117008216926,0.7338035,0.1371688,0.38017545656742946,0.7585642420931533,Siemens,1.5,69
69_t2_SPACE,109.57635498046875,47.29889678955078,61.0,101.0,181.0,32.98396682739258,23.48906707763672,9.0,26.0,67.0,276.91748046875,171.3596649169922,62.0,260.0,496.0,0.3010135401223942,2.5271645328131616,0.45738384,-0.09364053,0.4316523976940928,0.7121358837286241,Siemens,1.5,69
6_t2,809.2574462890625,537.1573486328125,145.0,775.0,1520.0,5.003874778747559,788.851806640625,-770.0,-283.0,1205.0,2624.51123046875,812.3809814453125,1291.0,3096.0,3096.0,0.006183291603321138,3.243110383797665,1.3792641,0.67685926,0.6637657156350428,157.64815945092667,Siemens,1.5,6
71_t1,1231.7515869140625,618.5996704101562,371.0,1305.0,1960.0,-182.09580993652344,365.36810302734375,-685.0,-161.0,283.0,-178.8067169189453,411.10137939453125,-484.0,-275.0,170.0,-0.14783484894458118,-0.14516459217377553,0.880079,0.1437001,0.5022113845680019,-2.0064608030309308,Siemens,1.5,71
71_t2,1277.6343994140625,622.3585205078125,435.0,1340.0,2002.0,-712.9705200195312,261.4144592285156,-1000.0,-768.0,-359.0,2096.892578125,1041.28076171875,457.0,2411.0,3096.0,-0.5580395454196192,1.641230525293799,0.877437,-0.14181799,0.4871178486632132,-0.3666553556632464,Siemens,1.5,71
72_t1,1531.5899658203125,649.544677734375,661.0,1576.0,2329.0,48.773643493652344,282.0732116699219,-343.0,81.0,378.0,-0.5680050849914551,421.8349914550781,-388.0,-85.0,429.0,0.03184510511968802,-0.00037085975835338825,0.88488764,-0.04071558,0.42409828466222915,5.783312167837537,Siemens,1.5,72
73_t1,546.791015625,515.5010986328125,-73.0,516.0,1216.0,-455.8454284667969,195.47897338867188,-691.0,-464.0,-200.0,-240.77792358398438,457.5634765625,-600.0,-346.0,207.0,-0.8336739533148267,-0.4403472556483396,0.4199105,-0.11114694,0.9427753619923739,-0.4288273208639573,Siemens,1.5,73
73_t2,402.92156982421875,452.5855407714844,-129.0,365.0,999.0,-796.5833129882812,160.81056213378906,-967.0,-838.0,-580.0,1511.9334716796875,1149.7503662109375,21.0,1461.0,3096.0,-1.9770182851188278,3.752426231702779,0.43582383,-0.24493945,1.1232596454085908,-0.20187538417344447,Siemens,1.5,73
74_t1,394.5422058105469,424.0260009765625,-198.0,445.0,903.0,330.1512145996094,333.9587707519531,-130.0,367.0,727.0,-92.13365173339844,322.013916015625,-512.0,-101.0,302.0,0.8367956809197423,-0.2335203943785908,0.13774347,0.10668173,1.0747291256982634,1.0115327612694947,Philips,3.0,74
74_t2,161.326416015625,323.6282653808594,-243.0,165.0,544.0,-29.686607360839844,686.89501953125,-697.0,-243.0,1111.0,1502.2994384765625,1055.7640380859375,157.0,1337.0,3096.0,-0.1840157855731997,9.312172589384787,0.13818452,0.05779183,2.006046321288564,-23.138212942970338,Philips,3.0,74
75_t1,805.0020751953125,496.4919738769531,137.0,862.0,1403.0,313.47509765625,257.59454345703125,-45.0,346.0,608.0,-193.3939208984375,235.06089782714844,-452.0,-211.0,67.0,0.3894090548658331,-0.24024027591640096,0.45417988,0.17087902,0.616758625298865,0.8217384556580165,Philips,3.0,75
75_t2,1018.5639038085938,522.5441284179688,284.0,1080.0,1641.0,113.79695892333984,652.4852905273438,-562.0,-91.0,1147.0,2036.3685302734375,993.0843505859375,575.0,2263.0,3096.0,0.1117229448109339,1.999254558952889,0.59129524,0.1497301,0.5130204653346361,5.733767325303727,Philips,3.0,75
77_t1,4.628559112548828,283.3760681152344,-340.0,1.0,338.0,-335.93536376953125,175.44522094726562,-557.0,-340.0,-114.0,-455.3800354003906,261.72283935546875,-687.0,-518.0,-162.0,-72.57880541699184,-98.38481608260341,0.3644625,0.05230489,61.22337427290893,-0.5222588640292388,Siemens,1.5,77
78_t1,102.01951599121094,37.63745880126953,61.0,98.0,149.0,40.48609924316406,15.123523712158203,21.0,41.0,59.0,46.43220901489258,29.612825393676758,21.0,40.0,77.0,0.39684660775890535,0.4551306493530326,0.8556568,0.11429035,0.3689241030665929,0.37354854187794384,Siemens,1.5,78
78_t2,95.14684295654297,37.72891616821289,54.0,90.0,144.0,37.26346206665039,29.45311164855957,10.0,26.0,83.0,193.50680541992188,86.2235107421875,84.0,204.0,293.0,0.3916415985765116,2.033770090243913,1.2598007,0.38277972,0.39653355381335675,0.7904018903417264,Siemens,1.5,78
78_t2_SPACE,89.90003967285156,29.105846405029297,56.0,89.0,125.0,31.6199893951416,23.66193199157715,8.0,24.0,67.0,208.52935791015625,115.09228515625,61.0,197.0,366.0,0.35172386084014706,2.3195691164256496,1.0880603,0.21820879,0.323757878051982,0.7483219221727782,Siemens,1.5,78
7_t1,1014.5159912109375,710.856689453125,155.0,977.0,1905.0,2.0953903198242188,370.3462219238281,-457.0,-2.0,470.0,23.084583282470703,519.1199340820312,-474.0,-54.0,540.0,0.002065408860887179,0.02275428229786936,1.0936915,0.33190024,0.7006855435604845,176.74322615543537,Siemens,1.5,7
7_t2,100.984130859375,36.204532623291016,59.0,99.0,145.0,41.6449089050293,31.491050720214844,11.0,32.0,90.0,266.48345947265625,111.96050262451172,111.0,275.0,406.0,0.41239062155846157,2.6388646866197414,1.6343102,0.49317133,0.3585170457642541,0.7561800659919735,Siemens,1.5,7
7_t2_SPACE,88.15055084228516,32.22858428955078,48.0,88.0,128.0,35.16453552246094,25.273773193359375,10.0,28.0,72.0,201.84133911132812,125.65286254882812,48.0,185.0,385.0,0.3989145250658859,2.289734265900606,1.4925649,0.36520287,0.3656084234981609,0.718729029094868,Siemens,1.5,7
80_t1,652.585205078125,406.6429443359375,105.0,676.0,1143.0,236.9554443359375,269.1695556640625,-145.0,274.0,557.0,-41.354164123535156,333.3998107910156,-432.0,-55.0,256.0,0.36310269085010505,-0.06336975423035317,0.28669184,0.084929824,0.6231262071963914,1.1359500740000057,Philips,3.0,80
80_t2,724.26806640625,391.85968017578125,205.0,752.0,1173.0,-149.25244140625,487.54351806640625,-670.0,-293.0,615.0,1481.5850830078125,810.5465087890625,467.0,1450.0,2548.0,-0.20607348041831125,2.045630823285731,0.42335346,0.03005293,0.5410423264677535,-3.266569824515849,Philips,3.0,80
81_t1,51.37799072265625,410.6202392578125,-395.0,2.0,558.0,-377.8697814941406,197.01223754882812,-625.0,-383.0,-130.0,-358.66644287109375,348.1419372558594,-673.0,-420.0,14.0,-7.3547012801497,-6.98093543257223,0.6885785,0.22702174,7.992142656614204,-0.52137600760557,Siemens,1.5,81
81_t2,2.617192506790161,427.34222412109375,-449.0,-59.0,544.0,-452.3067626953125,407.9364929199219,-852.0,-610.0,181.0,1760.6829833984375,1060.240478515625,275.0,1954.0,3096.0,-172.8212917851997,672.7370287410712,1.1005548,0.4956027,163.28262431202677,-0.9019022651594145,Siemens,1.5,81
81_t2_SPACE,200.21437072753906,468.5999755859375,-323.0,157.0,763.0,-349.9361267089844,476.46697998046875,-821.0,-519.0,389.0,2012.430419921875,1248.1064453125,50.0,2686.0,3096.0,-1.747807231267062,10.05137844280471,0.90081763,0.3484577,2.34049120221814,-1.3615827146029233,Siemens,1.5,81
82_t1,1151.497314453125,561.5771484375,402.0,1186.0,1826.0,-81.86390686035156,287.6263122558594,-470.0,-50.0,269.0,-181.3611602783203,279.0072021484375,-425.0,-238.0,104.0,-0.07109344134956784,-0.15750028927071616,0.5344347,-0.02440594,0.48769297235965686,-3.5134692051770635,Siemens,1.5,82
82_t2,456.31903076171875,513.5638427734375,-125.0,392.0,1137.0,-767.2418212890625,161.6473388671875,-951.0,-805.0,-546.0,2269.644775390625,1019.7687377929688,635.0,2756.0,3096.0,-1.6813715139755596,4.973811341219252,0.5397522,-0.21646589,1.1254490981686929,-0.2106862981038833,Siemens,1.5,82
83_t1,1461.760986328125,572.9249267578125,667.0,1516.0,2166.0,284.96649169921875,265.47735595703125,-77.0,311.0,601.0,158.6818389892578,281.4077453613281,-180.0,157.0,480.0,0.1949473916526489,0.10855525654662865,1.0003092,0.52213186,0.3919415908102948,0.9316090233711856,Philips,3.0,83
83_t2,1287.22412109375,507.63653564453125,606.0,1334.0,1885.0,-247.0841064453125,349.77935791015625,-634.0,-306.0,214.0,1587.306640625,814.8661499023438,546.0,1549.0,2790.0,-0.19195111574153445,1.2331237531838255,0.9290106,0.30581474,0.3943653066560226,-1.4156287280388153,Philips,3.0,83
85_t1,1304.4027099609375,760.149169921875,319.0,1300.0,2302.0,-76.79194641113281,304.8454895019531,-494.0,-47.0,299.0,-149.1256561279297,327.3427734375,-424.0,-216.0,190.0,-0.05887134836952395,-0.11432485909054163,1.2280796,0.45861173,0.5827565088099843,-3.9697586494241692,Siemens,1.5,85
85_t2,1264.08251953125,760.7215576171875,307.0,1245.0,2281.0,-706.461669921875,234.0806427001953,-1000.0,-728.0,-395.0,2084.809814453125,1102.9178466796875,379.80029296875,2479.0,3096.0,-0.558873062832143,1.6492671804186894,1.0822283,0.037401024,0.6017973868489872,-0.33134231197203345,Siemens,1.5,85
86_t1,1089.3768310546875,513.0812377929688,381.0,1124.0,1729.0,181.72488403320312,314.2226867675781,-257.0,225.0,553.0,-10.693458557128906,264.29632568359375,-314.0,-21.0,290.0,0.16681544777342977,-0.009816124450673177,0.46198946,0.0494204,0.47098600107479766,1.7291120404900309,Philips,3.0,86
86_t2,1031.9676513671875,481.1573486328125,395.0,1063.0,1617.0,-250.6009979248047,387.7873229980469,-673.0,-327.0,277.0,2025.4620361328125,854.4816284179688,737.0,2105.0,3096.0,-0.2428380360081651,1.9627185323945857,0.47643083,-0.04899672,0.46625235541938326,-1.5474292910111858,Philips,3.0,86
87_t1,2041.269287109375,666.9212036132812,1113.0,2129.0,2839.0,682.468505859375,286.0136413574219,310.0,709.0,1020.0,161.84207153320312,256.2580261230469,-126.0,125.0,512.0,0.33433536174518047,0.07928501764855403,0.84128207,0.30841902,0.32671887413295875,0.41908694464689195,Philips,3.0,87
87_t2,1582.87060546875,541.3710327148438,844.0,1657.0,2201.0,1.6445188522338867,464.5747985839844,-542.0,-65.0,624.0,2569.7373046875,853.9559936523438,1180.0,3096.0,3096.0,0.001038947116405597,1.6234664376138526,0.77696097,0.13704756,0.34201850138754963,282.49874755413515,Philips,3.0,87
88_t1,1510.476806640625,734.9517822265625,571.0,1510.0,2478.0,263.06475830078125,336.2511901855469,-200.0,290.0,669.0,161.6383514404297,376.47784423828125,-186.0,108.0,514.0,0.17416007777814885,0.10701147519961586,1.4325737,0.6783946,0.4865693922004417,1.2782068988613036,Siemens,1.5,88
88_t2,956.0486450195312,667.63232421875,147.0,912.0,1858.0,-686.2888793945312,180.41085815429688,-864.0,-729.0,-459.0,2445.136962890625,908.0647583007812,935.0,3096.0,3096.0,-0.7178388696557089,2.557544506831165,1.5184333,0.11352534,0.698324637557314,-0.2628788893917977,Siemens,1.5,88
89_t2,521.5311279296875,518.2565307617188,-49.0,456.0,1174.0,-399.7481689453125,495.8955078125,-852.0,-556.0,330.0,2224.1357421875,1051.93701171875,604.0,2821.0,3096.0,-0.7664895665301817,4.2646270161322555,1.478505,0.48681575,0.9937211836718375,-1.2405197761415154,Siemens,1.5,89
8_t1,606.9085083007812,515.5112915039062,-26.0,577.0,1280.0,-409.1624450683594,239.35240173339844,-708.0,-423.0,-73.0,-356.95489501953125,309.488037109375,-650.0,-433.0,42.0,-0.6741748365659843,-0.5881527273868324,0.749718,-0.08931664,0.8494052787261566,-0.5849813569238761,Siemens,1.5,8
8_t2,811.2456665039062,583.2861328125,79.0,805.0,1553.0,-639.0728759765625,338.56524658203125,-961.0,-753.0,-89.0,2134.91845703125,979.3729248046875,673.0,2424.0,3096.0,-0.7877673824045234,2.6316546794019953,0.6580511,-0.37567562,0.7190006137193841,-0.5297756481910578,Siemens,1.5,8
90_t1,1279.3919677734375,568.44970703125,501.0,1327.0,1951.0,259.2817077636719,294.9582214355469,-147.0,310.0,602.0,83.71929931640625,491.3793640136719,-325.0,-20.0,590.0,0.20266010268318874,0.06543678666098596,1.0825675,0.5405323,0.4443123928440999,1.1375974913232045,Siemens,1.5,90
90_t2,585.5869750976562,501.78631591796875,4.0,545.0,1202.0,-592.38671875,281.2649230957031,-864.0,-690.0,-188.0,2137.656494140625,1036.873291015625,584.0,2477.0,3096.0,-1.0116118406486039,3.6504508832931006,1.0448459,0.17291878,0.8568945970449446,-0.47479950962439205,Siemens,1.5,90
91_t2,283.8641357421875,439.9955749511719,-233.0,235.0,860.0,-611.0004272460938,318.9193115234375,-906.0,-718.0,-153.505859375,1992.63134765625,1069.7822265625,375.0,2220.0,3096.0,-2.1524396644758954,7.019665712354525,1.0786065,0.19783422,1.5500217110933843,-0.5219625025187556,Siemens,1.5,91
93_t1,1536.0875244140625,587.0599975585938,811.0,1526.0,2292.0,41.283103942871094,308.0026550292969,-387.0,71.0,416.0,-17.729175567626953,366.23553466796875,-323.0,-106.0,378.0,0.026875489358422436,-0.011541774328808468,1.11411,0.40365165,0.38217874167056193,7.460743455598144,Siemens,1.5,93
93_t2,683.6199340820312,580.1460571289062,10.0,623.0,1453.0,-598.1924438476562,325.5245666503906,-909.0,-693.0,-133.0,2454.75927734375,946.09375,768.0,3096.0,3096.0,-0.8750365709798616,3.5908245961978715,0.56278545,-0.28329533,0.8486382964523868,-0.5441803395254411,Siemens,1.5,93
94_t1,-36.91569137573242,347.9249572753906,-534.0,6.0,387.0,-50.96255111694336,279.3870544433594,-449.0,-7.0,282.0,-486.8968505859375,297.6688537597656,-792.0,-543.0,-151.0,1.3805119340378105,13.189428279147474,0.3206168,0.30984467,-9.424853056631685,-5.482203182577248,Philips,3.0,94
94_t2,-7.230760097503662,305.9988708496094,-424.0,13.0,369.0,-79.41180419921875,529.7230224609375,-612.0,-218.0,710.0,816.1170043945312,953.0339965820312,-312.0,654.0,2238.0,10.982498950440041,-112.86740346200808,0.22387648,0.18075758,-42.319052083376974,-6.670582975329653,Philips,3.0,94
95_t1,728.69873046875,414.878173828125,146.0,783.0,1228.0,415.132080078125,338.6188659667969,-58.0,442.0,827.0,45.65738296508789,347.4229736328125,-334.0,21.0,402.0,0.5696895879609855,0.06265604836866097,0.35974807,0.18849376,0.5693411500688428,0.8156894670423487,Philips,3.0,95
95_t2,470.3880310058594,380.916259765625,-49.0,504.0,929.0,350.70733642578125,880.1529541015625,-674.0,164.0,1606.0,2114.42333984375,995.464111328125,715.0,2371.0,3096.0,0.7455702793505866,4.495061940303387,0.4760637,0.41037723,0.8097915632362009,2.509650811876229,Philips,3.0,95
96_t1,951.6929931640625,551.6243896484375,274.0,946.0,1625.0,-50.8931999206543,295.83392333984375,-441.0,-42.0,320.0,-122.00468444824219,428.9262390136719,-517.0,-215.0,312.0,-0.05347648898619591,-0.12819752293690814,0.7853503,-0.02580356,0.5796243042988535,-5.812838053294065,Siemens,1.5,96
96_t2,1070.1368408203125,577.4274291992188,372.0,1048.0,1775.0,-356.9678039550781,466.2698974609375,-875.0,-469.0,330.0,2390.429931640625,957.1815185546875,767.0,3096.0,3096.0,-0.3335721096639123,2.2337609903930433,0.7231181,-0.25770983,0.5395827959880434,-1.306195947088299,Siemens,1.5,96
97_t2,518.6140747070312,513.88916015625,-98.0,484.0,1141.0,-603.8154907226562,309.0943908691406,-868.0,-699.0,-173.0,1985.8870849609375,1078.0552978515625,465.0,2156.0,3096.0,-1.1642867384566629,3.829219409931286,1.0426184,0.15038514,0.9908893418591855,-0.5119020563899636,Siemens,1.5,97
98_t1,-375.3734436035156,238.23040771484375,-679.0,-378.0,-97.0,-682.0496215820312,127.62678527832031,-844.0,-679.0,-524.0,-680.8875122070312,195.36968994140625,-873.0,-718.0,-466.0,1.8169895473997058,1.8138936720843402,0.2451086,-0.118682824,-0.6346490738996476,-0.18712243424372732,Siemens,1.5,98
98_t2,-368.43865966796875,250.2979736328125,-678.0,-378.0,-77.0,-749.8645629882812,191.9860076904297,-935.0,-817.0,-453.0,542.3507080078125,724.5010375976562,-356.0,533.0,1380.0,2.03524941084982,-1.472024434049877,0.33932757,-0.027781101,-0.679347749602946,-0.25602757807539916,Siemens,1.5,98
98_t2_SPACE,64.27952575683594,24.972984313964844,35.0,63.0,95.0,27.076995849609375,17.738039016723633,8.0,23.0,52.0,174.8922576904297,95.36895751953125,56.0,166.0,306.0,0.4212382575876668,2.7208081097428183,0.34251967,-0.018669942,0.3885060387646529,0.6550962470189721,Siemens,1.5,98
99_t2,1805.867431640625,635.8887329101562,940.0,1847.0,2605.0,-57.55717468261719,444.5289306640625,-583.0,-133.0,584.0,2808.04345703125,608.9496459960938,1900.0,3096.0,3096.0,-0.03187231445801886,1.554955478058096,1.4004426,0.44971573,0.3521237059911588,-7.723258496243961,Philips,3.0,99
9_t1,1402.150634765625,577.7387084960938,619.0,1440.0,2117.0,100.4280014038086,232.99191284179688,-214.0,123.0,377.0,-97.62760162353516,299.84222412109375,-359.0,-166.0,220.0,0.07162425979215226,-0.06962704229722574,1.1301876,0.48862886,0.41203754700765616,2.3199895175148977,Siemens,1.5,9
9_t2,678.8369140625,518.3579711914062,32.0,645.0,1363.0,-638.020751953125,222.9246063232422,-859.0,-702.0,-334.0,2081.10546875,1099.26953125,420.59912109375,2483.0,3096.0,-0.9398733890221378,3.0656928381073594,1.0591129,0.16268158,0.7635972052929405,-0.3494002444124585,Siemens,1.5,9
