series,patient,vendor,field,sequence,n_vertebrae,n_discs,voxel_volume_mm3,canal_volume_mm3,vert_vol_mean,vert_vol_std,vert_vol_cv,vert_vol_min,vert_vol_max,disc_vol_mean,disc_vol_std,disc_vol_cv,spine_length_mm,intervert_spacing_mean,intervert_spacing_std,intervert_spacing_cv,spine_tortuosity,spine_pca_ev1,spine_pca_ev2,canal_offset_from_axis_mm
100_t1,100,Philips,1.5,t1,5,5,1.0736860568178728,25862.949736628918,41532.32404982896,2659.3718110672066,0.06403137488469439,36490.29432701223,44322.8341114986,8136.607675777204,1323.495379043463,0.1626593577792287,134.18271115259935,33.54567778814984,0.12553972829858356,0.003742351819253777,1.0368586188747246,0.9798099898233671,0.02013510603889086,11.17177399926263
100_t2,100,Philips,1.5,t2,5,5,1.0736860568178728,25862.949736628918,41532.32404982896,2659.3718110672066,0.06403137488469439,36490.29432701223,44322.8341114986,8136.607675777204,1323.495379043463,0.1626593577792287,134.18271115259935,33.54567778814984,0.12553972829858356,0.003742351819253777,1.0368586188747246,0.9798099898233671,0.02013510603889086,11.17177399926263
101_t1,101,Siemens,1.5,t1,5,5,3.409525491468033,38312.837947626285,59941.50385530289,4723.328078131519,0.0787989585568874,52864.69274521185,66458.4708796949,12990.9740275915,2643.257501103208,0.20346876958488253,138.39576748859395,34.59894187214849,0.8747894938989761,0.025283706569164347,1.0180420972627846,0.9899730915025611,0.010000361490166528,18.081104488495694
101_t2,101,Siemens,1.5,t2,5,5,2.403139625249732,38529.53761162895,60022.25716401245,4645.156034942771,0.07739055900963131,53044.500948137334,66444.40749852984,12913.511090241958,2619.954179385283,0.2028847275598842,138.3610897154537,34.59027242886342,0.8646063744447782,0.024995650908008406,1.0179887237080232,0.9900366926617008,0.009936604716229811,18.05781243459437
104_t1,104,Siemens,1.5,t1,5,5,3.6750000417232265,28521.67532381396,47547.1505398151,3999.913669760711,0.08412520254838947,40505.8504598734,51674.17558667029,10304.700116991928,2058.7020911210043,0.19978282412375192,142.1561523098727,35.53903807746818,1.6882396729549118,0.04750380888967446,1.0087989077055026,0.9958954363754471,0.003967787514423704,14.895783065422236
104_t2,104,Siemens,1.5,t2,5,5,2.552083501385293,32255.78337400872,47932.72190631829,4153.4402448087985,0.0866514581192876,40445.41932995412,51820.055495628374,10405.354851848115,1802.7440957582487,0.17325157300503402,142.80373880606896,35.70093470151724,1.9080324835984848,0.05344488875573882,1.0097389120394653,0.9952501202857977,0.004636967113470469,15.269374231179249
105_t1,105,Philips,3.0,t1,5,5,1.353492197449313,20468.86250202596,28401.409572836896,2135.9073339947104,0.07520427211603933,24821.69340902295,30457.63491920189,6358.706343616873,1288.074087417303,0.20256857571514117,124.13652635650087,31.034131589125217,1.4372067313672687,0.04631051870228215,1.0138088823224618,0.9925842413285179,0.00710127235934192,14.105248882531685
105_t2,105,Philips,3.0,t2,5,5,1.353492197449313,20468.86250202596,28401.409572836896,2135.9073339947104,0.07520427211603933,24821.69340902295,30457.63491920189,6358.706343616873,1288.074087417303,0.20256857571514117,124.13652635650087,31.034131589125217,1.4372067313672687,0.04631051870228215,1.0138088823224618,0.9925842413285179,0.00710127235934192,14.105248882531685
106_t1,106,Siemens,1.5,t1,5,5,2.3394097917609598,25869.193477292694,48589.07349291678,2962.6060232456366,0.06097267986963199,43618.295567383095,52559.51979149348,9233.650448080509,2007.8880451101265,0.21745333077098736,135.30954209990907,33.82738552497727,1.0512899593492755,0.03107807307700532,1.0074685871376223,0.9962883871103424,0.0035077089852483686,15.911423651001021
106_t2,106,Siemens,1.5,t2,5,5,2.3394097917609598,24514.675207863096,48647.5587377108,2977.0021955985476,0.06119530502341166,43618.295567383095,52508.05277607474,9191.073189870458,1984.9576529080123,0.21596581943179902,135.31975551450176,33.82993887862544,1.0535310273640857,0.031141972533380236,1.007544632730637,0.9962668944573285,0.003516662392762822,16.156631967302843
107_t1,107,Siemens,1.5,t1,5,5,1.132965091983354,18930.71372194986,43891.06766343513,3400.5955823237564,0.07747807841905682,37496.612684281085,46921.74928449061,10278.71250050978,4571.241895098362,0.4447290353603769,132.91829800457424,33.22957450114356,3.24735976674503,0.09772498792102426,1.0232240446598106,0.9890896156085559,0.01083343929216554,13.918040936194439
107_t2,107,Siemens,1.5,t2,5,5,1.132965091983354,18930.71372194986,43891.06766343513,3400.5955823237564,0.07747807841905682,37496.612684281085,46921.74928449061,10278.71250050978,4571.241895098362,0.4447290353603769,132.91829800457424,33.22957450114356,3.24735976674503,0.09772498792102426,1.0232240446598106,0.9890896156085559,0.01083343929216554,13.918040936194439
107_t2_SPACE,107,Siemens,1.5,t2_SPACE,5,5,0.19775390101131052,19243.036599608604,46508.55345544405,5700.786098277691,0.12257500340747292,37515.299299152684,54849.61524620012,10298.509004526422,4600.813955565994,0.4467456360472991,131.84723593405272,32.96180898351318,3.485735207071606,0.1057507252959053,1.0253489144648351,0.9883856176263038,0.011585262274210337,13.57412618384604
108_t1,108,Siemens,1.5,t1,5,5,2.33940980538789,38733.608147807296,48180.612823924675,4424.046842168149,0.091822137222201,42710.604816966705,54803.01410101671,13042.209665037486,2057.391954960217,0.1577487256991052,130.36614517397186,32.591536293492965,1.629518396086467,0.04999820755340727,1.003375301239868,0.9985625062682455,0.0012925000855696107,17.310406718459106
108_t2,108,Siemens,1.5,t2,5,5,2.33940980538789,45426.659601022046,48468.36022998739,3990.9232592381863,0.08234079387668249,43917.74027654686,53153.73018821825,13319.663667956489,1964.876186537456,0.1475169520431974,129.8029933097251,32.45074832743128,1.7710430943860946,0.054576340629069436,1.0066861145455241,0.9974648344752034,0.0023451938833708975,17.529023773558446
109_t1,109,Philips,3.0,t1,5,5,0.5900167726712479,21545.64248763596,45776.09729763516,3459.4707091120654,0.07557373636766507,40191.94255436541,49481.7566400742,6623.646293361962,2270.772324552164,0.34282813785329536,147.62602980084478,36.906507450211194,2.098905540699536,0.05687087957404448,1.0093113609550355,0.995958552683118,0.0037936933650788754,15.580963238225989
109_t2,109,Philips,3.0,t2,5,5,0.5900167726712479,21545.64248763596,45776.09729763516,3459.4707091120654,0.07557373636766507,40191.94255436541,49481.7566400742,6623.646293361962,2270.772324552164,0.34282813785329536,147.62602980084478,36.906507450211194,2.098905540699536,0.05687087957404448,1.0093113609550355,0.995958552683118,0.0037936933650788754,15.580963238225989
10_t1,10,Siemens,3.0,t1,5,5,0.4296875026609167,29187.382993248088,48737.30498931448,3558.14066775605,0.07300651253769905,43340.85964339603,53738.867520287546,8275.179738745532,1334.5170401428184,0.1612674385662496,133.25387751534421,33.313469378836054,1.578764802416952,0.047391185362997246,1.0255339400068215,0.9876825072297737,0.011654383118386357,21.372690865372363
10_t2,10,Siemens,3.0,t2,5,5,0.5848524660492873,29186.477465723634,48711.19219231304,3533.2287904618647,0.07253422943360914,43308.909963415776,53640.32877617644,8269.813869936923,1333.7685831511894,0.1612815722491421,133.19993683340982,33.299984208352456,1.5659864136524462,0.04702664132974749,1.0255882117880555,0.9876502356289215,0.011681854734823575,21.381757336531134
110_t1,110,Siemens,1.5,t1,5,5,1.1329650492000187,56078.371040253325,48764.628461647524,3343.1121840815667,0.06855608849169972,42619.8792208063,51770.83792319486,12639.584681885248,2402.007363636996,0.19003847231463988,143.4280758538965,35.857018963474125,1.9581291957400893,0.054609369444089714,1.0079886854069875,0.995647791797429,0.004339866167758755,19.4183127581805
110_t2,110,Siemens,1.5,t2,5,5,1.1329650492000187,56078.371040253325,48764.628461647524,3343.1121840815667,0.06855608849169972,42619.8792208063,51770.83792319486,12639.584681885248,2402.007363636996,0.19003847231463988,143.4280758538965,35.857018963474125,1.9581291957400893,0.054609369444089714,1.0079886854069875,0.995647791797429,0.004339866167758755,19.4183127581805
110_t2_SPACE,110,Siemens,1.5,t2_SPACE,5,5,0.19775390101131052,56034.7543749609,50401.062141390285,4236.6127323697565,0.08405800497784692,43113.11897507985,55294.56152347557,12695.36538634391,2401.70274417069,0.1891794896076124,142.48052760072682,35.620131900181704,1.841205864244911,0.05169003498932913,1.0095033094749646,0.9949563723710886,0.005039801311356702,18.91160285266295
112_t1,112,Philips,3.0,t1,5,5,1.2895373965367238,33328.09401349163,28442.03681801398,3734.9703997820084,0.13131866833870479,23390.918835779634,33391.281345921925,5866.363524324864,1394.973229864827,0.23779181499417376,135.12623016240036,33.78155754060009,0.6792798279634139,0.020108007961060617,1.0046427890774772,0.9978006330331383,0.0021986004461438404,14.444737700092976
112_t2,112,Philips,3.0,t2,5,5,1.2895373965367238,33328.09401349163,28442.03681801398,3734.9703997820084,0.13131866833870479,23390.918835779634,33391.281345921925,5866.363524324864,1394.973229864827,0.23779181499417376,135.12623016240036,33.78155754060009,0.6792798279634139,0.020108007961060617,1.0046427890774772,0.9978006330331383,0.0021986004461438404,14.444737700092976
113_t1,113,Philips,3.0,t1,5,5,1.1282928416800835,24429.796608057168,42744.697331344956,5821.8875303473715,0.13620139792353014,32979.99976230884,47476.30619221455,11240.955923090336,2847.319129187555,0.2532986650484772,140.47956923571013,35.11989230892753,1.6238925236927075,0.04623853938412879,1.001510112061264,0.9994165370915513,0.0005061333158583418,13.871129684832892
113_t2,113,Philips,3.0,t2,5,5,1.1282928416800835,24429.796608057168,42744.697331344956,5821.8875303473715,0.13620139792353014,32979.99976230884,47476.30619221455,11240.955923090336,2847.319129187555,0.2532986650484772,140.47956923571013,35.11989230892753,1.6238925236927075,0.04623853938412879,1.001510112061264,0.9994165370915513,0.0005061333158583418,13.871129684832892
115_t1,115,Philips,3.0,t1,5,5,1.2895374289553145,23496.661492994786,28233.90619200503,4147.773965380324,0.1469075492839473,21754.496426476155,31957.316564370605,5869.716469118801,1294.4585595190936,0.2205317013742277,123.76120000805665,30.940300002014162,0.5164797372303909,0.016692783754416372,1.011105718740839,0.994319852712692,0.005660932147531408,10.856047702382387
115_t2,115,Philips,3.0,t2,5,5,1.2895374289553145,23496.661492994786,28233.90619200503,4147.773965380324,0.1469075492839473,21754.496426476155,31957.316564370605,5869.716469118801,1294.4585595190936,0.2205317013742277,123.76120000805665,30.940300002014162,0.5164797372303909,0.016692783754416372,1.011105718740839,0.994319852712692,0.005660932147531408,10.856047702382387
116_t1,116,Siemens,3.0,t1,5,5,5.418749907719253,33726.299425644625,37292.92061490544,2286.233198164567,0.061304750619365356,33384.91818145831,40077.07431749159,4803.179918202346,648.6639734895166,0.1350488602417974,128.0176832498957,32.004420812473924,0.6826271789800102,0.021329152712363787,1.0115424553780359,0.9936670476261712,0.006084474270902319,15.855718618777455
116_t2,116,Siemens,3.0,t2,5,5,2.116699182702833,42897.02563665561,34443.77578061358,1793.2080831431865,0.052061890501345104,31162.045367751107,36210.37291849736,5503.417875027366,596.3820137573746,0.10836575148391926,129.4883418428568,32.3720854607142,0.6835298791574768,0.021114792866433897,1.0148540477526464,0.99231421343752,0.007088791857954008,19.509601910817782
117_t1,117,Philips,3.0,t1,5,5,1.2895374289553172,18947.173443640477,32218.834754962812,4228.3835471877155,0.13123949327609988,24948.68063799852,35890.40572268439,4879.093816195338,1181.8267147197555,0.24222258461128146,111.3046652687995,27.826166317199874,0.49438802487909056,0.01776701897212122,1.0234100796862124,0.9891382966704514,0.010782368364391635,13.3714691533244
117_t2,117,Philips,3.0,t2,5,5,1.2895374289553172,18942.015293924655,32237.91990891135,4244.034684413208,0.131647286686138,24943.522488282702,35894.274334971255,4878.835908709547,1182.0160904702816,0.24227420486927692,111.40896380662466,27.852240951656164,0.5389204356756108,0.019349266603395702,1.02381845352465,0.9889462301718275,0.010971884084479926,13.33143978995158
118_t1,118,Siemens,1.5,t1,5,5,1.356217393479598,28236.44613224523,48320.3982688059,3840.614028518197,0.07948225110134438,41850.156327993434,52805.68043252163,9658.437789404305,1894.632223198714,0.19616342357945318,138.12774121022431,34.53193530255608,1.0079795847631778,0.029189779719312935,1.018664785083429,0.9906952900334003,0.008991160818955115,13.830615218900496
118_t2,118,Siemens,1.5,t2,5,5,1.356217393479598,29457.04178637687,49168.30538320935,4340.647362288266,0.0882814107270528,41660.28589290629,54015.42634750543,10010.51182475161,1833.0443640192714,0.18311195232664887,138.30193035773712,34.57548258943428,1.0352476942079232,0.02994167012796167,1.0169932863928115,0.9915705609988366,0.00820452901099773,14.73025577586014
118_t2_SPACE,118,Siemens,1.5,t2_SPACE,5,5,0.2029189057569561,28740.419216886476,49506.531275336085,4791.407029133436,0.09678333152620797,42132.458240128304,56109.7153875732,9979.430033783647,1604.1137842537064,0.1607420242261587,137.96527215502982,34.491318038757456,1.1730721569936666,0.03401065032294505,1.01735281497519,0.991348419223054,0.008425427982033655,14.025008165785119
11_t1,11,Siemens,1.5,t1,5,5,0.9916339040949238,35747.41060871791,46429.88600397089,1928.950026083088,0.0415454396316656,43946.23972777474,49022.41368283665,7773.814827761746,2958.0524527183925,0.3805149104085467,136.00486566976988,34.00121641744247,1.2665097278590283,0.03724895345830376,1.031007094623242,0.9827138215769182,0.017277754394293306,15.321215260403664
11_t2,11,Siemens,1.5,t2,5,5,0.9916339649525724,36877.875522621216,48915.1218963875,1239.7863582839066,0.025345666334227572,47140.295425915385,50775.62554143152,9353.488211018643,3294.7821023938313,0.3522516977690201,135.9967365506558,33.99918413766395,1.4275524634067445,0.041987844697288376,1.0299954491933252,0.9833665193697191,0.016628238266073132,14.624207362857815
11_t2_SPACE,11,Siemens,1.5,t2_SPACE,5,5,0.19127456682711255,34391.74093921532,47218.95768486178,2172.757237208358,0.046014510775720406,44992.942531041204,51264.644302735396,9349.00351263551,3434.560858409334,0.3673718652225772,135.64678139514848,33.91169534878712,1.175410835770643,0.034660928145330325,1.032422918005242,0.9823612613422866,0.017624781694304828,14.513576050034864
120_t2,120,Siemens,1.5,t2,5,5,2.2005206979441594,32701.938092148153,32242.469370417413,2570.19664504734,0.0797146339977764,28094.047750653084,34689.008282391726,6047.03087795055,1609.7906120184887,0.26621174002737624,135.7076203630558,33.92690509076395,0.7971308216229858,0.023495536049941427,1.004766872864466,0.9976337761441727,0.0023181384960381806,13.130203090555549
121_t1,121,Philips,3.0,t1,5,5,1.4745908766733455,41617.37831235183,44884.18694053397,6816.091012472899,0.15185951839794673,33691.4523502326,51736.02090808433,7409.524237108226,1010.9098166121166,0.1364338362710657,139.26125793803396,34.81531448450849,1.8476415158839927,0.05306979251059541,1.0032399109404802,0.9986561751046431,0.0013131650199604311,14.78088782364867
121_t2,121,Philips,3.0,t2,5,5,1.4745908766733455,41617.37831235183,44884.18694053397,6816.091012472899,0.15185951839794673,33691.4523502326,51736.02090808433,7409.524237108226,1010.9098166121166,0.1364338362710657,139.26125793803396,34.81531448450849,1.8476415158839927,0.05306979251059541,1.0032399109404802,0.9986561751046431,0.0013131650199604311,14.78088782364867
122_t1,122,Siemens,1.5,t1,5,5,3.6750000417232283,23049.600261688087,32434.815368240867,3112.491510048138,0.09596143756982166,26812.800304412674,35518.875403255,6482.700073599774,1740.8114831337691,0.2685318560738404,133.46598730764757,33.36649682691189,0.6371703598174017,0.019096111980910418,1.0021106080375013,0.999095556221175,0.0006129350303066369,12.222676490673216
122_t2,122,Siemens,1.5,t2,5,5,2.5520835013852943,24893.02247251216,32692.700069445895,2954.5740407890653,0.09037412127211743,27659.48098801382,35443.335667238964,7015.677545308174,1785.073956057487,0.2544407071917492,133.6272716249739,33.406817906243475,0.42915696541836446,0.012846388621113128,1.0021904432192834,0.9990190084728408,0.0008234404530634172,12.15087239206507
123_t2,123,Philips,1.5,t2,5,5,1.8230690423364941,31856.308445787898,28365.495843521978,2124.2309108612544,0.07488784693134069,24877.6001517238,30658.552084972824,4909.524931012179,1430.9203762065797,0.29145801198967985,126.0358570284886,31.50896425712215,1.0123163668988924,0.032127884580340424,1.005541472644065,0.9975446480363507,0.0022334336526281845,12.600199153345628
124_t2,124,Siemens,1.5,t2,5,5,2.3472219737109272,60739.06301371766,66078.52355951528,5074.403459987959,0.07679353573052476,57535.10501960225,70933.04804554422,13604.029115233792,2436.3134724871343,0.17908764027555266,154.05018043630807,38.51254510907702,1.2137748693181671,0.03151635047438329,1.001860212741358,0.9992201319802094,0.0006706365220988156,19.129576092263484
125_t1,125,Philips,3.0,t1,5,5,1.2895373965367318,30195.807677304114,31009.763681998098,2552.1080027584503,0.0823001435589788,26880.407030808175,34674.371055476186,6607.847527333521,762.0886281335344,0.11533084336179616,130.917315249426,32.7293288123565,1.3633300992856736,0.04165469164069651,1.0018824243117244,0.9991039377561427,0.000863834961095761,12.949583936390836
125_t2,125,Philips,3.0,t2,5,5,1.2895373965367318,30195.807677304114,31009.763681998098,2552.1080027584503,0.0823001435589788,26880.407030808175,34674.371055476186,6607.847527333521,762.0886281335344,0.11533084336179616,130.917315249426,32.7293288123565,1.3633300992856736,0.04165469164069651,1.0018824243117244,0.9991039377561427,0.000863834961095761,12.949583936390836
126_t1,126,Siemens,1.5,t1,5,5,2.339409791760997,27546.55029798574,52010.694254347196,5064.9825731598885,0.09738348325809058,43548.11327363096,56517.801159153925,11377.485581250434,1693.1668711524458,0.14881731636229942,143.25514947761525,35.81378736940381,0.9671780383511561,0.02700574581445773,1.0020701351534915,0.9992758533028213,0.000671567838684756,19.07968370981141
127_t1,127,Siemens,1.5,t1,5,5,1.1329650715197173,39275.36716930252,37036.85478099386,3738.4067460269616,0.10093747884729654,30526.610887027262,41130.03099138029,8512.646361370547,1292.3079761058984,0.15181036792157251,130.36058599924343,32.59014649981086,0.9023918436258858,0.027689100557775122,1.0178842638552126,0.9912500252876334,0.008701176299209098,13.870073172033981
127_t2,127,Siemens,1.5,t2,5,5,1.1329650624247742,39268.56906364267,37328.70628375898,3796.8985232750483,0.10171524548459929,30532.275467285242,41230.86455176238,8512.646293034784,1292.3079657318208,0.1518103679215725,130.19279760886505,32.54819940221626,0.9364691087959671,0.02877176390692142,1.0185294420391429,0.9909743600419793,0.008970820025734611,13.751790416257078
127_t2_SPACE,127,Siemens,1.5,t2_SPACE,5,5,0.19775390101131052,39616.83000519988,37646.84519410541,4034.2512374775006,0.10716040658060685,30294.711111526703,41182.249885605415,8549.17799618037,1294.5594034274682,0.1514250146629133,129.9116140230386,32.47790350575965,0.9944803208217773,0.030620212928627478,1.0194528377477623,0.9903589045188538,0.009595681909457206,13.829079387151335
129_t1,129,Siemens,1.5,t1,5,5,1.132965116994461,40268.97915333413,51975.45452119109,5030.563823322789,0.09678729834429367,43673.53932990248,56192.80387269128,10246.309925074507,2157.486573592472,0.2105622989514231,141.65878482377866,35.414696205944665,0.6535003594654603,0.018452801505488125,1.0071070816547234,0.9963572991595121,0.0035676930074046544,14.403410020113323
129_t2,129,Siemens,1.5,t2,5,5,1.132965116994461,40268.97915333413,51975.45452119109,5030.563823322789,0.09678729834429367,43673.53932990248,56192.80387269128,10246.309925074507,2157.486573592472,0.2105622989514231,141.65878482377866,35.414696205944665,0.6535003594654603,0.018452801505488125,1.0071070816547234,0.9963572991595121,0.0035676930074046544,14.403410020113323
129_t2_SPACE,129,Siemens,1.5,t2_SPACE,5,5,0.19775390101131052,40328.34854103858,53541.63139413111,6026.166233757168,0.1125510388242992,44195.821583116776,60453.96080086066,10322.555878889398,2194.4194585138885,0.21258489508414127,141.11817761244913,35.27954440311228,0.8370291242388833,0.02372562169949798,1.0078172697403562,0.996084997344723,0.0038558144112047915,14.061898193615711
12_t1,12,Siemens,1.5,t1,5,5,3.6750000942429315,29528.625757241956,40514.67103897177,2648.488302147824,0.06537109235319218,36367.80093262805,44313.15113638127,10081.26025852721,1601.7864702395125,0.1588875229051492,140.77756164285657,35.19439041071414,1.6798989241344107,0.04773200798565339,1.004846027877358,0.9978224413601945,0.002009757435880284,15.408347928316088
12_t2,12,Siemens,1.5,t2,5,5,2.5520835378573126,32153.700493464283,39708.3781822295,1928.4954980009818,0.04856646345893906,36466.72167244314,41507.086659711335,9811.229952938651,1605.919407570064,0.16368176215144775,141.72905870894562,35.432264677236404,1.7967498053079058,0.05070942604643148,1.0068943174946277,0.9964809516969171,0.0033292887619785997,16.404226570308122
130_t1,130,Philips,3.0,t1,5,5,1.5535268876031467,23671.089186409146,45016.8593274539,3902.533679809685,0.08669049192042798,38704.568877744794,50171.15083514362,5945.347398857242,2479.2252715295117,0.4170025913045964,120.94667265524741,30.236668163811853,0.4983643714640485,0.016482119285236123,1.044097292710613,0.9793658372756382,0.016493483890851805,18.71420147162104
130_t2,130,Philips,3.0,t2,5,5,1.5535268876031467,23671.089186409146,45016.8593274539,3902.533679809685,0.08669049192042798,38704.568877744794,50171.15083514362,5945.347398857242,2479.2252715295117,0.4170025913045964,120.94667265524741,30.236668163811853,0.4983643714640485,0.016482119285236123,1.044097292710613,0.9793658372756382,0.016493483890851805,18.71420147162104
131_t1,131,Philips,3.0,t1,5,5,1.2513012444464116,32625.177346451288,32970.286229669604,3952.735055447536,0.11988779921147644,26472.52912750828,36236.432737923635,7255.545135798073,1358.5853309164606,0.18724786428704687,132.50312672172822,33.125781680432056,0.9561877615457604,0.028865364469590652,1.0229590970676492,0.9885405682826983,0.011398355169963981,15.098881497293329
131_t2,131,Philips,3.0,t2,5,5,1.2513012444464116,32625.177346451288,32970.286229669604,3952.735055447536,0.11988779921147644,26472.52912750828,36236.432737923635,7255.545135798073,1358.5853309164606,0.18724786428704687,132.50312672172822,33.125781680432056,0.9561877615457604,0.028865364469590652,1.0229590970676492,0.9885405682826983,0.011398355169963981,15.098881497293329
132_t1,132,Siemens,1.5,t1,5,5,5.41874988596834,23213.924511488367,55480.412582475445,4669.274363541685,0.0841607721752337,47240.66150587198,59757.97374245885,10413.753530853955,885.778498872745,0.08505852344674311,148.7498627612759,37.18746569031897,0.7693344802796886,0.020688005111355833,1.0281643300763497,0.986285518444857,0.012600543263847517,15.339405349596568
133_t1,133,Philips,3.0,t1,5,5,0.3490884527856125,23754.77103515536,39399.868223648155,4492.683986897639,0.11402789373293107,31083.53401293651,43303.37530269688,6549.178645020319,538.5337857595739,0.0822292099436086,124.45887932066339,31.114719830165846,1.5822123490617102,0.050850927075607115,1.0336229613033705,0.9821340570221149,0.017538883996067452,11.71557129355589
133_t2,133,Philips,3.0,t2,5,5,0.3490884527856125,23754.77103515536,39399.868223648155,4492.683986897639,0.11402789373293107,31083.53401293651,43303.37530269688,6549.178645020319,538.5337857595739,0.0822292099436086,124.45887932066339,31.114719830165846,1.5822123490617102,0.050850927075607115,1.0336229613033705,0.9821340570221149,0.017538883996067452,11.71557129355589
134_t2,134,Philips,1.5,t2,5,5,1.511055143929569,27286.633789080155,37625.273083846274,5424.596881727097,0.14417428598162252,29293.315020218623,43970.19363320653,6836.01347113737,1153.2402160865279,0.1687006938994011,132.73834785129213,33.18458696282303,0.9843953290695902,0.02966423328313281,1.0085572476707336,0.9958934250593158,0.004100782639151414,14.91248657036531
136_t1,136,Siemens,1.5,t1,5,5,1.1329651124469997,35869.67546007201,54573.79650145953,3923.2859947927886,0.07188955590963629,48842.125997590156,59690.26694927018,14257.459568055532,2419.6288355443417,0.16970967541550158,144.14917105112607,36.03729276278152,0.9505527608392775,0.026376919240198488,1.0106336182578843,0.9944388517525491,0.00553916204243394,13.394502570621546
136_t2,136,Siemens,1.5,t2,5,5,1.1329651124469997,35869.67546007201,54573.79650145953,3923.2859947927886,0.07188955590963629,48842.125997590156,59690.26694927018,14257.459568055532,2419.6288355443417,0.16970967541550158,144.14917105112607,36.03729276278152,0.9505527608392775,0.026376919240198488,1.0106336182578843,0.9944388517525491,0.00553916204243394,13.394502570621546
136_t2_SPACE,136,Siemens,1.5,t2_SPACE,5,5,0.19775390101131052,35805.12356320687,55759.32274163235,4035.9922071524475,0.07238237497707266,49166.56363893708,60833.25278300035,14342.220323185902,2478.3498617700325,0.17280098938122473,143.6467400191596,35.9116850047899,1.0473722042839728,0.029165220293736544,1.0115843319212503,0.9941088415020304,0.005875556325417207,12.926975519684751
137_t1,137,Philips,3.0,t1,5,5,2.176116524108865,27834.706459876496,33672.356647450935,4490.58685839145,0.13336122877907913,25954.541783046436,37594.58907050476,6160.585879752197,1248.348358189436,0.20263468159616818,133.33464157435193,33.333660393587984,1.1167436925314775,0.0335019820609408,1.013905312606742,0.9931362035227603,0.006835535847798223,11.029830229309953
137_t2,137,Philips,3.0,t2,5,5,2.176116524108865,27834.706459876496,33672.356647450935,4490.58685839145,0.13336122877907913,25954.541783046436,37594.58907050476,6160.585879752197,1248.348358189436,0.20263468159616818,133.33464157435193,33.333660393587984,1.1167436925314775,0.0335019820609408,1.013905312606742,0.9931362035227603,0.006835535847798223,11.029830229309953
138_t1,138,Philips,1.5,t1,5,5,1.3349060693464059,29407.98070770132,47432.14943723036,4469.148407343837,0.09422192458847166,39678.74800525257,51192.31285336532,9832.384144377886,2531.8865530269736,0.25750484479135155,149.25095418857026,37.312738547142565,1.6455021668901082,0.04410027864374275,1.001576735804332,0.9992046286609828,0.0007657853358395591,14.144161869776577
138_t2,138,Philips,1.5,t2,5,5,1.3349060502513146,32516.97647807177,47487.41386922016,4181.770473752015,0.08806060665397715,40159.31361576055,51221.680054193195,9439.921624957198,2403.197012456453,0.2545780683287558,149.6146326380998,37.40365815952495,1.5697762036426977,0.04196852075130383,1.0012571021687244,0.9994090674919599,0.0005469360728731674,13.099936285420409
13_t1,13,Philips,1.5,t1,5,5,1.0940802020591716,20059.960504754912,44321.407801457455,2580.3364580237712,0.05821873866422898,40262.151435777516,47137.35142551735,9478.67323855984,3295.2755315756694,0.3476515593100394,144.71353136237616,36.17838284059404,2.0051421799478857,0.05542376475982257,1.0394184182152795,0.9793098948692802,0.020625447794735432,15.481978907540135
13_t2,13,Philips,1.5,t2,5,5,1.0940802198434103,20059.960830828928,44321.40852190052,2580.3364999670584,0.058218738664229,40262.1520902375,47137.35219173349,9478.673392635368,3295.275585140267,0.3476515593100394,144.71353110462394,36.178382776155985,2.0051421634530566,0.05542376440260845,1.039418418659869,0.9793098946353691,0.02062544802644831,15.481978954532716
140_t1,140,Philips,3.0,t1,5,5,1.428168090490882,36039.82176353741,38884.44696617714,3328.5502590667998,0.08560106980464638,32686.483087064815,42179.51638455771,8467.322974902341,1727.6672585517251,0.20403937155493368,127.50153129580089,31.875382823950222,1.0085192351040473,0.0316394391456932,1.0477502969987649,0.974030797408549,0.025812986787412007,16.615965564945903
140_t2,140,Philips,3.0,t2,5,5,1.428168090490882,36039.82176353741,38884.44696617714,3328.5502590667998,0.08560106980464638,32686.483087064815,42179.51638455771,8467.322974902341,1727.6672585517251,0.20403937155493368,127.50153129580089,31.875382823950222,1.0085192351040473,0.0316394391456932,1.0477502969987649,0.974030797408549,0.025812986787412007,16.615965564945903
141_t2_SPACE,141,Siemens,3.0,t2_SPACE,5,5,0.1717331179412506,43898.419608142474,43343.240784462,3497.726154055795,0.08069830706590092,36997.83946302714,46360.213853830304,9922.086968797284,1492.889368169357,0.1504612258352659,135.77815652978543,33.94453913244636,0.8729194867990506,0.025716050625788536,1.0005377793602486,0.9997413962625255,0.00021772907861877198,17.519585017131668
142_t1,142,Siemens,1.5,t1,5,5,1.0462494622808267,26315.266475287353,57365.0210172879,4616.582997215504,0.0804773172805815,50355.98661957619,62350.19045516359,14886.87434890143,2653.255086839374,0.17822781496339893,136.48519671148404,34.12129917787101,0.7468129080107964,0.02188700096434586,1.0628478320232297,0.9688145975674143,0.031172765168063037,14.964711725105756
142_t2,142,Siemens,1.5,t2,5,5,1.0462494622808267,26315.266475287353,57365.0210172879,4616.582997215504,0.0804773172805815,50355.98661957619,62350.19045516359,14886.87434890143,2653.255086839374,0.17822781496339893,136.48519671148404,34.12129917787101,0.7468129080107964,0.02188700096434586,1.0628478320232297,0.9688145975674143,0.031172765168063037,14.964711725105756
142_t2_SPACE,142,Siemens,1.5,t2_SPACE,5,5,0.19381396450213115,26258.303538677734,57048.248906965586,4448.991946284827,0.07798647691255611,50292.59183469351,61802.62174458157,14767.38368568958,2625.065622801567,0.17776104953143476,136.95820528046008,34.23955132011502,0.7620412901837318,0.02225617044625373,1.0638265820220614,0.9683473447445299,0.031635728003326986,15.124657588733134
143_t1,143,Philips,1.5,t1,5,5,0.8009689627299033,33341.13404259495,50748.43231581139,4872.595167290917,0.0960146933597551,44370.47665938572,56735.835506009964,7383.171704651703,2647.0672787923872,0.3585271187888838,125.53776314833583,31.384440787083957,0.72583628248513,0.023127265112330524,1.031834400608373,0.9834003190418719,0.015559648093865156,19.334470195773783
143_t2,143,Philips,1.5,t2,5,5,0.8009689594842605,38280.70948063126,52752.61664059288,5553.739277656921,0.10527893460707209,43957.977465455704,57946.09937388883,6837.391425741441,2589.444352110891,0.378718167627809,124.71942591766454,31.179856479416134,0.968882692422875,0.031073994617726926,1.025766221393778,0.9863649044881727,0.013009359493708168,18.54684728513089
144_t1,144,Philips,3.0,t1,5,5,1.2895373965367318,35873.64083425534,39877.9123579812,2912.7101088937666,0.07304068685307731,34546.706853219046,42625.658642521674,6981.555464849867,1642.7639542906163,0.23530056626513424,139.82642149728903,34.95660537432226,0.9739525083544451,0.027861758827127766,1.0051625446872359,0.9973190224607624,0.0026344678577340658,14.47583350672071
144_t2,144,Philips,3.0,t2,5,5,1.2895373965367318,35873.64083425534,39877.9123579812,2912.7101088937666,0.07304068685307731,34546.706853219046,42625.658642521674,6981.555464849867,1642.7639542906163,0.23530056626513424,139.82642149728903,34.95660537432226,0.9739525083544451,0.027861758827127766,1.0051625446872359,0.9973190224607624,0.0026344678577340658,14.47583350672071
145_t1,145,Philips,3.0,t1,5,5,1.438939528264804,29352.92743707374,38707.473310323236,4175.043503091419,0.10786143207074018,31545.8712781493,42070.274987878074,6464.291936776806,2462.1629641496625,0.3808867217369725,122.18108375628952,30.54527093907238,1.8909583659985503,0.06190674719403802,1.0293206958433752,0.9879613341340071,0.007885087441159393,16.54401521042197
145_t2,145,Philips,3.0,t2,5,5,1.438939528264804,29352.92743707374,38707.473310323236,4175.043503091419,0.10786143207074018,31545.8712781493,42070.274987878074,6464.291936776806,2462.1629641496625,0.3808867217369725,122.18108375628952,30.54527093907238,1.8909583659985503,0.06190674719403802,1.0293206958433752,0.9879613341340071,0.007885087441159393,16.54401521042197
146_t1,146,Siemens,1.5,t1,5,5,0.6806807162563102,38332.53453597411,52392.130866391446,4873.800145500108,0.09302542318672054,43484.606877318125,56967.53050492312,9688.673179049068,2013.8563764431808,0.20785677659124407,132.80146280408462,33.200365701021155,0.667586187380681,0.020107796202984227,1.014083899160254,0.9923999028647971,0.007522248298010076,15.8869314144535
146_t2,146,Siemens,1.5,t2,5,5,0.6806807162563102,37781.183155806495,53420.91170094124,5205.004679432064,0.09743384217346399,44306.86918255575,58469.11216498454,9534.294792602139,2133.0162644396087,0.2237204020684006,132.22160954615953,33.05540238653988,0.7648558325424359,0.023138602991379233,1.013175900789441,0.9929512770833004,0.006951747885065136,15.856119069902114
146_t2_SPACE,146,Siemens,1.5,t2_SPACE,5,5,0.1760000911605898,38208.56379041708,52032.87815082616,5945.76259664691,0.11426933907849773,41726.62961262611,57246.845651440395,9743.18904655909,2203.1105224118937,0.22611801042595447,133.15705478165802,33.289263695414505,0.7352396802852733,0.02208639058563949,1.0173136528010842,0.9907254074112591,0.009129327536943206,15.85262626991402
147_t2,147,Philips,1.5,t2,5,5,1.049494962097591,34259.71354271376,35867.749723639696,2900.955298811717,0.08087921102281354,31666.411491370614,39340.3186542282,5251.882689328765,1074.454756809517,0.2045846833160779,123.28995512686461,30.822488781716153,1.0677856090538984,0.03464306911151532,1.0007894632543757,0.9997482549939576,0.00018195928869710532,13.263812210954628
149_t1,149,Philips,3.0,t1,5,5,1.138267154014804,21759.11491614699,34573.27122918405,3615.8601258624867,0.10458542097139656,28608.068381854067,38396.027639227366,8536.776001680228,1678.0067690279686,0.1965621176774112,134.57788120320092,33.64447030080023,0.3713930905339092,0.011038755766206122,1.0276337420204997,0.9862541867565588,0.013656075407259867,12.482650473196399
149_t2,149,Philips,3.0,t2,5,5,1.138267154014804,21759.11491614699,34573.27122918405,3615.8601258624867,0.10458542097139656,28608.068381854067,38396.027639227366,8536.776001680228,1678.0067690279686,0.1965621176774112,134.57788120320092,33.64447030080023,0.3713930905339092,0.011038755766206122,1.0276337420204997,0.9862541867565588,0.013656075407259867,12.482650473196399
151_t2,151,Philips,1.5,t2,5,5,1.7455927394233404,26876.89140890117,38332.86743918867,4169.713917629798,0.10877646772041355,31197.23343897394,42072.27620558135,9360.56650588372,1514.2674834210286,0.1617709229958693,147.76264897118222,36.940662242795554,1.5310374158712636,0.04144585729969846,1.001328672170677,0.9993084275727497,0.0006376950268909181,14.993943971733472
152_t1,152,Siemens,1.5,t1,5,5,1.132965130258118,26253.067998341114,42838.77113321575,3346.09242573238,0.07810897318522594,38571.79785963763,47474.637853205924,9147.107275651942,4203.136188244792,0.4595044161592848,120.25574025707984,30.06393506426996,1.3228154609134086,0.0440000771051935,1.0962734431342818,0.9588892153377604,0.04005511308087382,19.363523624468
152_t2,152,Siemens,1.5,t2,5,5,1.132965130258118,26253.067998341114,42838.77113321575,3346.09242573238,0.07810897318522594,38571.79785963763,47474.637853205924,9147.107275651942,4203.136188244792,0.4595044161592848,120.25574025707984,30.06393506426996,1.3228154609134086,0.0440000771051935,1.0962734431342818,0.9588892153377604,0.04005511308087382,19.363523624468
152_t2_SPACE,152,Siemens,1.5,t2_SPACE,5,5,0.19775390101131052,26369.09842255118,44826.14236720023,6132.145330311737,0.13679841731816508,39159.82073996274,56065.406229617656,9399.124262726982,4031.791345498912,0.42895393579243546,120.17699170426944,30.04424792606736,1.3668600203384371,0.04549489884726005,1.0914422085715614,0.9607637040882431,0.03834554469303004,19.275125763143745
154_t1,154,Siemens,1.5,t1,5,5,2.3394097976097106,29263.67715829987,54795.52780745273,3580.842012893576,0.06534916545518786,49504.250727219085,59912.28491678469,9140.074079261138,1318.2668657414026,0.1442293415031017,135.69098750336667,33.92274687584167,1.445656279415975,0.042616132611758215,1.0189334080483996,0.9905438503291432,0.00873991512527305,15.48108915454766
154_t2,154,Siemens,1.5,t2,5,5,2.339409797609712,29170.1007663955,54795.52780745276,3580.8420128935786,0.06534916545518787,49504.250727219114,59912.28491678472,9140.074079261143,1318.2668657414029,0.14422934150310165,135.69098750336667,33.92274687584167,1.445656279415975,0.042616132611758215,1.0189334080483996,0.9905438503291432,0.00873991512527305,15.514319984437254
155_t1,155,Siemens,1.5,t1,5,5,2.3394098442972284,35233.85166496056,40468.51513256004,4329.377010929029,0.10698136555659567,33378.69965843285,45988.118719194914,6614.915275734842,1721.0341029989731,0.26017477643472703,140.15125394018216,35.03781348504554,0.6293575063799809,0.017962236902956185,1.0202758124781657,0.9891106289568792,0.010864749792519807,16.45401713856512
155_t2,155,Siemens,1.5,t2,5,5,2.3394098442972284,35233.85166496056,40468.51513256004,4329.377010929029,0.10698136555659567,33378.69965843285,45988.118719194914,6614.915275734842,1721.0341029989731,0.26017477643472703,140.15125394018216,35.03781348504554,0.6293575063799809,0.017962236902956185,1.0202758124781657,0.9891106289568792,0.010864749792519807,16.45401713856512
156_t1,156,Philips,3.0,t1,5,5,1.6471142906498857,28094.8284556151,49259.91766760801,4312.276250259855,0.08754128010034194,42475.78332727925,55046.55959351918,7931.51415519546,4734.90861437434,0.596974111339483,126.84137266246643,31.710343165616607,0.6781672977850726,0.02138631216455603,1.0153649344143814,0.9923970684755162,0.007232075304121732,18.687932970140512
156_t2,156,Philips,3.0,t2,5,5,1.6471142906498857,28323.777342015434,51367.23569106546,4827.177413678804,0.09397385996611878,44030.65921765274,58169.48828859136,8283.337767678275,4113.589772299028,0.4966101694356018,126.4236047695579,31.605901192389474,0.8691168264672735,0.027498561777335177,1.0147793025103173,0.9929915027176399,0.006718649106413562,17.300671757476003
159_t2,159,Siemens,1.5,t2,5,5,3.267244051557668,42601.595188260435,47342.36630707061,6083.050756034628,0.12849063598931515,38641.69539777254,54014.07866035137,10985.781398957504,1812.2299797319272,0.1649614091086774,143.40661693850348,35.85165423462587,2.3695657704631046,0.06609362443796402,1.0067369829552801,0.9965125697990855,0.0033906728460373894,16.76136128965345
15_t1,15,Philips,3.0,t1,5,5,0.6640256308438142,41474.37687687379,41346.3527352471,4604.010942515024,0.11135228715325546,33894.52430079165,46181.65457392559,6519.934864129243,1615.8208956868734,0.2478277665896086,129.18422385901556,32.29605596475389,2.0606940776778204,0.06380636941943459,1.0061086206408185,0.997124047094228,0.002269856717358195,15.745318603038454
15_t2,15,Philips,3.0,t2,5,5,0.6640256308438142,41474.37687687379,41346.3527352471,4604.010942515024,0.11135228715325546,33894.52430079165,46181.65457392559,6519.934864129243,1615.8208956868734,0.2478277665896086,129.18422385901556,32.29605596475389,2.0606940776778204,0.06380636941943459,1.0061086206408185,0.997124047094228,0.002269856717358195,15.745318603038454
160_t1,160,Philips,3.0,t1,5,5,2.6819958788214238,21638.34275033125,45634.15987814653,4657.374303035044,0.10205894697023636,37027.63510300858,49565.96583649873,7920.470229335429,1362.6401551571694,0.17204031019652002,139.85952493839397,34.964881234598494,1.7205381194198814,0.0492076065660241,1.0374312425197054,0.9874292304172906,0.010049500579205698,15.101689930947158
160_t2,160,Philips,3.0,t2,5,5,2.6819958788214238,21638.34275033125,45634.15987814653,4657.374303035044,0.10205894697023636,37027.63510300858,49565.96583649873,7920.470229335429,1362.6401551571694,0.17204031019652002,139.85952493839397,34.964881234598494,1.7205381194198814,0.0492076065660241,1.0374312425197054,0.9874292304172906,0.010049500579205698,15.101689930947158
161_t1,161,Siemens,1.5,t1,5,5,1.2507423098036239,32394.225823913857,56317.67428045169,5823.494909304459,0.10340439273654167,47987.23020023564,63761.59221147894,14022.072035208426,2654.2358515417554,0.18928984567167803,137.9552090821476,34.4888022705369,2.8267600496017704,0.08196167635594047,1.00240159986229,0.9987942827324562,0.0011196563821287465,19.758077394089216
161_t2,161,Siemens,1.5,t2,5,5,1.1329650523594121,31459.040608863797,58213.3305412999,6117.116619727947,0.10508102805401438,49253.38972122072,66005.410985407,20064.13129825377,3168.6437646888894,0.15792578894081818,138.05933048042942,34.514832620107356,2.7722892235081784,0.08032167659689364,1.0026725994300745,0.9986801032564695,0.0012263069378477143,20.776687367124172
161_t2_SPACE,161,Siemens,1.5,t2_SPACE,5,5,0.19775390101131052,31084.9356999679,59588.51062847476,6912.480879934751,0.11600358537290872,49790.872704429785,67305.14470139751,20427.028755743522,2963.419768190186,0.14507346142335817,137.6056323897178,34.40140809742945,2.9609258845624975,0.08606990377186753,1.0025002694900151,0.9988041530516845,0.0010829934412900108,20.270039415414992
162_t1,162,Siemens,1.5,t1,5,5,1.13296510729597,16414.398474504014,30962.350231248645,3015.438649403827,0.09739049609872658,25844.067062528375,34427.41071540264,10643.074217938343,1722.5547242452842,0.1618474783669185,101.003624651955,25.25090616298875,1.6715371620655006,0.0661971159084793,1.0135517468884965,0.9934957010813726,0.006349544909763848,14.130936766310557
162_t2,162,Siemens,1.5,t2,5,5,1.13296510729597,16414.398474504014,30962.350231248645,3015.438649403827,0.09739049609872658,25844.067062528375,34427.41071540264,10643.074217938343,1722.5547242452842,0.1618474783669185,101.003624651955,25.25090616298875,1.6715371620655006,0.0661971159084793,1.0135517468884965,0.9934957010813726,0.006349544909763848,14.130936766310557
162_t2_SPACE,162,Siemens,1.5,t2_SPACE,5,5,0.19775390101131052,16358.598199457629,31323.74331082916,3039.0854214700685,0.09702178284737138,26203.3806535037,35050.69243084872,10789.927448539529,1816.7639696999834,0.16837592081732594,100.80193291878523,25.200483229696307,1.7956490286946125,0.07125454747544745,1.014461730330878,0.9931755544728205,0.006663517948750188,13.762905732036502
163_t1,163,Philips,1.5,t1,5,5,1.2136763632720695,33407.65557542699,40286.044996635115,3666.916981606399,0.09102201474264048,34497.536949645306,44842.91427017642,7711.942347503384,1567.5411654364173,0.20326152541115447,130.61934476795284,32.65483619198821,1.679519278304515,0.05143248211168737,1.0413776352697324,0.9809336309536355,0.018837939116762473,16.370556907034455
163_t2,163,Philips,1.5,t2,5,5,1.1108444504611121,31806.809150053024,40496.50094823012,4099.2632664424455,0.10122512242928983,34407.29600858249,45700.140691970155,7974.085803190048,1441.795237278958,0.18081009821867794,130.1419238601284,32.5354809650321,1.7024339648485252,0.052325458679348756,1.0387642693724677,0.9822269917960142,0.01755205210619085,15.759100732824196
165_t1,165,Siemens,1.5,t1,5,5,2.3394099821510244,28012.095126276366,54725.81771245891,4353.250884286535,0.07954656625067608,47992.995783828264,60735.761956604896,8447.141563550918,1640.5476084319005,0.1942133437790126,142.5946084445564,35.6486521111391,0.7036140609002165,0.019737466053600352,1.0051952414039929,0.9974630179027802,0.002224128155574169,15.520388287083236
165_t2,165,Siemens,1.5,t2,5,5,2.3394099821510244,31888.497466700614,54357.12669927192,4276.413957936666,0.07867255349230859,47805.84298525618,60052.654241816796,8792.90635891284,1659.4130083515229,0.18872178783861104,141.6415488656274,35.41038721640685,0.7657887601570228,0.021626105229434103,1.0037367788739662,0.9981096434205337,0.0017007170500016038,15.258765861708376
166_t1,166,Siemens,1.5,t1,5,5,1.1329650817104695,42412.54783383143,41080.18089773991,4266.051198822064,0.10384694287110034,34589.423944620634,47010.12013541251,10074.098913553153,1049.5543918890785,0.10418345113497587,134.23644932566123,33.55911233141531,0.5972959797887664,0.01779832475573636,1.0203069756695644,0.988679291873823,0.011291874598850386,12.397125907606158
166_t2,166,Siemens,1.5,t2,5,5,1.1329650817104695,42412.54783383143,41080.18089773991,4266.051198822064,0.10384694287110034,34589.423944620634,47010.12013541251,10074.098913553153,1049.5543918890785,0.10418345113497587,134.23644932566123,33.55911233141531,0.5972959797887664,0.01779832475573636,1.0203069756695644,0.988679291873823,0.011291874598850386,12.397125907606158
166_t2_SPACE,166,Siemens,1.5,t2_SPACE,5,5,0.19775390101131052,42459.34457833646,41783.30309233919,4517.0598930877,0.10810681680922171,34848.39019011415,47182.30099618959,10100.952857416123,1078.144965280034,0.10673695645341615,133.75343952643422,33.438359881608555,0.6809982121800637,0.02036577794458812,1.020452895348046,0.9887547868774307,0.011167604913291348,12.26240231481095
167_t1,167,Philips,3.0,t1,5,5,1.2132139472734613,26758.646821063463,38666.09907076303,3864.0434470083064,0.09993362505839289,32057.96534275394,43350.56076397532,6622.207009797462,3134.6665581920247,0.4733567757024704,130.74250187983876,32.68562546995969,0.46153627692250165,0.014120466421751203,1.0149826230212484,0.9915754356514167,0.008354327854389606,16.969048258519305
167_t2,167,Philips,3.0,t2,5,5,1.2132139472734613,26758.646821063463,38666.09907076303,3864.0434470083064,0.09993362505839289,32057.96534275394,43350.56076397532,6622.207009797462,3134.6665581920247,0.4733567757024704,130.74250187983876,32.68562546995969,0.46153627692250165,0.014120466421751203,1.0149826230212484,0.9915754356514167,0.008354327854389606,16.969048258519305
168_t1,168,Philips,3.0,t1,5,5,1.3633417945308912,23771.22752944062,39697.513704791585,4921.089307560334,0.12396467305624602,30643.83351567084,44398.588880693,8187.68548123472,1800.5653790010347,0.21991140025196787,142.11847434505404,35.52961858626351,0.9210217859669285,0.025922647712379742,1.0050671252187713,0.9976790186176777,0.0023191456506641167,12.224358910162827
168_t2,168,Philips,3.0,t2,5,5,1.3633417945308912,23771.22752944062,39697.513704791585,4921.089307560334,0.12396467305624602,30643.83351567084,44398.588880693,8187.68548123472,1800.5653790010347,0.21991140025196787,142.11847434505404,35.52961858626351,0.9210217859669285,0.025922647712379742,1.0050671252187713,0.9976790186176777,0.0023191456506641167,12.224358910162827
169_t1,169,Philips,3.0,t1,5,5,1.7280770724707262,37191.67475371497,51926.64233525835,3138.2188709124116,0.06043562090248133,46224.333611519454,54885.45589874274,11980.067112610555,2926.4154539619053,0.2442737111949463,133.27749882093923,33.31937470523481,0.9486879729977175,0.02847256232718764,1.0267157133243003,0.985034964801329,0.014956928909212207,15.344540153928037
169_t2,169,Philips,3.0,t2,5,5,1.7280770724707262,37191.67475371497,51926.64233525835,3138.2188709124116,0.06043562090248133,46224.333611519454,54885.45589874274,11980.067112610555,2926.4154539619053,0.2442737111949463,133.27749882093923,33.31937470523481,0.9486879729977175,0.02847256232718764,1.0267157133243003,0.985034964801329,0.014956928909212207,15.344540153928037
16_t1,16,Philips,3.0,t1,5,5,1.2895373965369374,35236.60936037182,33315.19863953178,3599.4025559891975,0.10804085531455154,27607.706122459294,37562.93482372445,7259.063912585729,1496.2231621162407,0.20611792100660478,136.60405215474415,34.15101303868604,1.2259035848753665,0.03589655110630748,1.0219798530884794,0.9884563503040011,0.011542537059185894,16.052763727281793
16_t2,16,Philips,3.0,t2,5,5,1.2895373965369374,35236.60936037182,33315.19863953178,3599.4025559891975,0.10804085531455154,27607.706122459294,37562.93482372445,7259.063912585729,1496.2231621162407,0.20611792100660478,136.60405215474415,34.15101303868604,1.2259035848753665,0.03589655110630748,1.0219798530884794,0.9884563503040011,0.011542537059185894,16.052763727281793
170_t1,170,Philips,3.0,t1,5,5,1.2895373965367263,36327.55799783611,39050.80307184237,4525.770294037286,0.11589442311112413,31125.564140206963,42865.51259827732,7438.051703223838,1742.3800596168933,0.23425221135014457,127.27170257862612,31.81792564465653,0.9718995338390563,0.030545659848893264,1.0066585362766887,0.9963978675864441,0.0034500648783883582,14.395880310958805
170_t2,170,Philips,3.0,t2,5,5,1.2895373965367263,36327.55799783611,39050.80307184237,4525.770294037286,0.11589442311112413,31125.564140206963,42865.51259827732,7438.051703223838,1742.3800596168933,0.23425221135014457,127.27170257862612,31.81792564465653,0.9718995338390563,0.030545659848893264,1.0066585362766887,0.9963978675864441,0.0034500648783883582,14.395880310958805
171_t1,171,Siemens,1.5,t1,5,5,2.339409772785188,37189.597157966135,45622.70150690219,3465.4741945526316,0.07595942546340324,40338.442712135,50985.09658808039,12176.159985392345,2960.4139145584472,0.2431319823417264,127.66726586562649,31.916816466406623,1.550846696130121,0.04859026894998855,1.0043675519134012,0.998729385032738,0.0009989432101174959,16.265478372548436
171_t2,171,Siemens,1.5,t2,5,5,2.339409772785188,38239.992145946686,44968.60253443144,3151.2106330846445,0.07007579634416777,39905.65190416974,49777.961145323236,11277.358750688278,2611.2150254830417,0.23154491075524883,126.85184726126906,31.712961815317264,1.6625985147568791,0.05242646601219849,1.0033183211916237,0.9990636656823794,0.0007048897020103398,15.862104315553843
172_t1,172,Philips,3.0,t1,5,5,1.0375921987414587,29758.144259905035,32263.514382986166,4086.404702697878,0.1266571475813187,25995.834947268508,35776.1790126055,5180.0752929968585,1056.643385126987,0.20398224453522973,129.92833489102048,32.48208372275512,1.7181002939214107,0.052893783187862614,1.0136461851729948,0.99465030766538,0.005091580901872022,12.52434215916959
172_t2,172,Philips,3.0,t2,5,5,1.0375921987414587,29758.144259905035,32263.514382986166,4086.404702697878,0.1266571475813187,25995.834947268508,35776.1790126055,5180.0752929968585,1056.643385126987,0.20398224453522973,129.92833489102048,32.48208372275512,1.7181002939214107,0.052893783187862614,1.0136461851729948,0.99465030766538,0.005091580901872022,12.52434215916959
173_t1,173,Siemens,1.5,t1,5,5,3.675000093877328,37742.25096412016,47796.31622094975,5311.223954687324,0.11112203564255743,38469.90098270787,52343.02633709478,11055.870282420552,1832.5580229348677,0.16575429849685708,149.0269693301567,37.256742332539176,1.1761426341767545,0.031568584920253176,1.0035474645332179,0.9980825772650197,0.0019055599757507602,17.316616375576174
173_t2,173,Siemens,1.5,t2,5,5,2.5520835376034214,39067.29479363318,47770.92049027588,5167.191784643802,0.10816605021658776,38378.232238480254,51707.76455538292,10832.573783711483,1631.9967418414321,0.15065641595678783,149.51133990957356,37.37783497739339,1.2008572284381218,0.032127522344844645,1.003232178354023,0.998327377424604,0.0016691242137037321,16.980703223145486
174_t1,174,Philips,3.0,t1,5,5,0.3769159680437831,23550.463515311654,42411.94162177143,5792.129024677269,0.13656835323247687,31842.614812274882,48097.86976609912,11135.379210304702,2213.8904407638497,0.19881590011008438,151.66710491829733,37.91677622957433,1.0895324674652396,0.02873483918749996,1.0041427736974935,0.9977487388809827,0.0022465123592974316,14.412574505487447
174_t2,174,Philips,3.0,t2,5,5,0.3769159680437831,23550.463515311654,42411.94162177143,5792.129024677269,0.13656835323247687,31842.614812274882,48097.86976609912,11135.379210304702,2213.8904407638497,0.19881590011008438,151.66710491829733,37.91677622957433,1.0895324674652396,0.02873483918749996,1.0041427736974935,0.9977487388809827,0.0022465123592974316,14.412574505487447
175_t1,175,Philips,3.0,t1,5,5,1.4005310648966127,31285.062927660536,33891.73134564611,4664.910550798488,0.13764155342856993,26341.188268575494,38762.49828314355,5360.392597785296,1099.278822378343,0.2050743116898792,133.59964847525418,33.399912118813546,1.6966292324220376,0.050797416064647605,1.0178361921707952,0.9909425707383511,0.008958757788978698,12.381909232130312
175_t2,175,Philips,3.0,t2,5,5,1.4005310648966127,31285.062927660536,33891.73134564611,4664.910550798488,0.13764155342856993,26341.188268575494,38762.49828314355,5360.392597785296,1099.278822378343,0.2050743116898792,133.59964847525418,33.399912118813546,1.6966292324220376,0.050797416064647605,1.0178361921707952,0.9909425707383511,0.008958757788978698,12.381909232130312
177_t1,177,Siemens,1.5,t1,5,5,1.1329650588384454,29083.213060382895,36004.496604826956,3205.3695592060108,0.08902692334202172,31025.11517123199,40023.123668526925,5270.780046728216,984.7283370507773,0.18682781833441098,112.53510429267622,28.133776073169056,0.6880716741843459,0.02445713907705955,1.031376567117819,0.9854101122234267,0.011555516038055689,16.93869575411261
177_t2,177,Siemens,1.5,t2,5,5,1.1329650588384454,29083.213060382895,36004.496604826956,3205.3695592060108,0.08902692334202172,31025.11517123199,40023.123668526925,5270.780046728216,984.7283370507773,0.18682781833441098,112.53510429267622,28.133776073169056,0.6880716741843459,0.02445713907705955,1.031376567117819,0.9854101122234267,0.011555516038055689,16.93869575411261
177_t2_SPACE,177,Siemens,1.5,t2_SPACE,5,5,0.19775390101131052,28939.701381797204,36381.655286215246,3680.261458612358,0.10115706472560591,30838.138831505785,41340.84851421649,5355.056987045682,952.4514123000869,0.17786018236671322,112.20370737524081,28.050926843810203,0.7632504084087969,0.02720945417093118,1.0320157263896097,0.9852830031035157,0.011535099207894493,16.75673391481246
179_t1,179,Siemens,1.5,t1,5,5,2.3394097899994093,35804.66683594096,66684.40818197516,7028.198063842034,0.10539492297304005,55193.695175456065,75497.43274286094,14434.158404296355,1616.195945565683,0.11197022370799388,142.56862088556693,35.64215522139173,1.4225747340981867,0.03991270239585245,1.0094859414529627,0.9952361184144566,0.004639695516244461,17.826306951394237
179_t2,179,Siemens,1.5,t2,5,5,2.3394097899994093,35692.37516602099,66684.40818197516,7028.198063842034,0.10539492297304005,55193.695175456065,75497.43274286094,14434.158404296355,1616.195945565683,0.11197022370799388,142.56862088556693,35.64215522139173,1.4225747340981867,0.03991270239585245,1.0094859414529627,0.9952361184144566,0.004639695516244461,17.82219419418935
17_t1,17,Philips,3.0,t1,5,5,1.1756713700196564,30762.61706793433,58454.38051737732,4904.752388288311,0.08390735381808084,49579.23734509893,63278.160148567964,11837.12962190591,2820.612437205234,0.23828516940334765,147.95946875208583,36.98986718802146,0.7556106988957401,0.020427505053071178,1.0106581670880055,0.9947656418352048,0.005223160238618013,12.153269492569537
17_t2,17,Philips,3.0,t2,5,5,1.1756713700196564,30762.61706793433,58454.38051737732,4904.752388288311,0.08390735381808084,49579.23734509893,63278.160148567964,11837.12962190591,2820.612437205234,0.23828516940334765,147.95946875208583,36.98986718802146,0.7556106988957401,0.020427505053071178,1.0106581670880055,0.9947656418352048,0.005223160238618013,12.153269492569537
180_t1,180,Siemens,1.5,t1,5,5,2.339409858394169,32501.421162670187,37760.41452434029,3331.6130373717447,0.08823030889197982,33381.039269426394,41634.477249841024,4934.283273324982,779.1975492130995,0.15791504177019713,127.06425100498043,31.76606275124511,0.0957933286275015,0.0030155870866856727,1.024450236598482,0.9880905284902671,0.010117102820043553,12.152215419352272
181_t1,181,Siemens,1.5,t1,5,5,1.8667979179820589,19931.80137029444,38378.00495745876,4307.050879435956,0.11222706558640122,32465.482591625987,45232.513552705284,8288.956115423938,2538.6275673613604,0.30626625741660385,118.0290915052451,29.507272876311276,1.061940196845257,0.03598910008717861,1.0158559098620379,0.991350852840356,0.008523627752851455,13.583162130732978
181_t2,181,Siemens,1.5,t2,5,5,1.1103359664494994,20051.55721811151,38357.44422977111,4296.752374388006,0.11201873484190805,32417.368876459583,45154.03274760179,8283.994578486425,2541.0591473815953,0.30674321709248076,118.02649219654649,29.50662304913662,1.0723997767184783,0.03634437512326092,1.0159574492478756,0.9913041055141496,0.008573551985150512,13.588262450480414
182_t1,182,Siemens,1.5,t1,5,5,3.6749998331069857,30425.323618292736,39610.61820116033,3510.664538401409,0.08862938014682563,34710.37342369548,43376.023030161756,7819.664644885044,2383.2620710935607,0.30477804091668903,118.80245168764978,29.700612921912445,0.9861899660899267,0.033204364121466934,1.018304661995622,0.9917902781216046,0.007034484542781461,13.574484334371075
182_t2,182,Siemens,1.5,t2,5,5,2.5520833565128944,28414.89609141457,40042.18786368731,3487.694333033692,0.08710049373192581,35537.760739442056,43426.25039442341,7098.875064476267,1600.8945295736476,0.2255138335346597,118.4836414233766,29.62091035584415,1.419178838529402,0.04791138494666153,1.016536979453316,0.9924664321235955,0.006217131750661458,14.011002282102362
183_t2,183,Siemens,1.5,t2,5,5,2.6916607202747453,46414.99746041771,41023.6010377074,3040.4506720065847,0.0741146704603507,35616.05465067543,44498.53502758209,7309.473851978099,856.2402482750655,0.11714116030982841,135.97998152097364,33.99499538024341,1.14986051244097,0.033824405609692326,1.0064114220575344,0.9969458044600777,0.0029405400970476717,16.17011054729424
184_t1,184,Philips,1.5,t1,5,5,0.952979455234156,23785.4142231893,35832.9804962595,3718.7077800759394,0.10377891340811363,28907.678795072887,39540.070577120365,9450.125469883984,2349.02346059655,0.24857061084347576,134.552695032378,33.6381737580945,2.423117605212278,0.07203475499704239,1.0025255039786063,0.9986777237793443,0.0013201986198256015,15.70544421414261
184_t2,184,Philips,1.5,t2,5,5,0.9529794618245379,26600.515717908325,36286.98015967766,4432.323463039999,0.12214638538494937,28626.55005374729,40621.70253973275,9539.324412863625,2311.8591157335704,0.24235040299248714,134.04482746454943,33.51120686613736,2.6612396764337043,0.07941342390514895,1.0022533789347996,0.9988365298836108,0.0011228139069678266,14.512290122869594
185_t1,185,Siemens,1.5,t1,5,5,1.1329650973310994,26697.189553510027,45707.437514648,5012.045843338335,0.109654929610353,39277.633994274554,52659.08475885217,11165.59762721745,1309.441123778111,0.11727461148932997,134.97221953614985,33.74305488403746,2.0155097352042537,0.05973109850696161,1.0037150849118175,0.9980629865343689,0.0018488585510250497,12.061857011081225
185_t2,185,Siemens,1.5,t2,5,5,1.1329650973310994,26697.189553510027,45707.437514648,5012.045843338335,0.109654929610353,39277.633994274554,52659.08475885217,11165.59762721745,1309.441123778111,0.11727461148932997,134.97221953614985,33.74305488403746,2.0155097352042537,0.05973109850696161,1.0037150849118175,0.9980629865343689,0.0018488585510250497,12.061857011081225
185_t2_SPACE,185,Siemens,1.5,t2_SPACE,5,5,0.19775390101131052,26724.06667486648,47027.10373467591,5111.480011050772,0.10869221374740479,39534.76213628019,52544.00251430925,11215.49384351587,1334.6466281499668,0.11900025507317094,134.83315661779238,33.708289154448096,2.135305865640869,0.06334661055792852,1.0052999320594875,0.9975001370626027,0.002212774187168825,11.75129868487581
186_t1,186,Philips,3.0,t1,5,5,0.1747232513554512,26915.068531799123,40149.06186991452,2629.4161984610564,0.06549134839016986,36452.51193028778,43684.30730388991,5453.67178920797,1314.7087215404965,0.24106854470819378,119.15274766084575,29.788186915211437,1.3991865954398721,0.04697119027158289,1.041544796332355,0.9843954688064935,0.009363252960091448,17.703579572574633
186_t2,186,Philips,3.0,t2,5,5,0.1747232513554512,26915.068531799123,40149.06186991452,2629.4161984610564,0.06549134839016986,36452.51193028778,43684.30730388991,5453.67178920797,1314.7087215404965,0.24106854470819378,119.15274766084575,29.788186915211437,1.3991865954398721,0.04697119027158289,1.041544796332355,0.9843954688064935,0.009363252960091448,17.703579572574633
187_t1,187,Philips,1.5,t1,5,5,1.2088957514743033,26606.58659419794,38469.72238256558,3539.6936955482834,0.09201245749442857,32410.495097026072,42846.89211950373,5762.8060472780035,1300.5877847818695,0.22568654473391264,141.35630553058735,35.33907638264684,0.32992755102612886,0.009336054724625993,1.0035623226068098,0.9984051737073413,0.0015867045106220258,13.459030036443814
187_t2,187,Philips,1.5,t2,5,5,1.2088957189054526,30644.297578534315,39285.00061898293,3552.6508250966453,0.09043275471860288,32989.55527321089,43161.20385208137,5974.120863686965,1094.7361819597702,0.18324640678329818,140.66774668798152,35.16693667199538,0.47942686679226376,0.013632886801142607,1.0027658325238362,0.9986298616971898,0.0013675272624166087,12.709881106402536
188_t1,188,Philips,3.0,t1,5,5,1.2142261962818641,35082.6374891719,80957.31741089701,10286.856371259215,0.1270651832378352,64519.12316563313,92051.7021663244,23564.24494600288,4366.161649051564,0.18528756847743516,158.48084903907545,39.62021225976886,0.33137968732673484,0.008363904896673768,1.0011355027705517,0.9994694313427519,0.000519273240276373,21.325507213004066
188_t2,188,Philips,3.0,t2,5,5,1.2142261962818641,35082.6374891719,80957.31741089701,10286.856371259215,0.1270651832378352,64519.12316563313,92051.7021663244,23564.24494600288,4366.161649051564,0.18528756847743516,158.48084903907545,39.62021225976886,0.33137968732673484,0.008363904896673768,1.0011355027705517,0.9994694313427519,0.000519273240276373,21.325507213004066
189_t1,189,Philips,1.5,t1,5,5,1.2741222096671234,29150.642034974117,35614.7736534993,3024.429339433336,0.08492063908248854,30420.94187801224,38804.66601762191,6360.927719542147,1472.7467456467627,0.2315301809077575,124.02347820253766,31.005869550634415,0.8765393546370299,0.028270110380410052,1.0155603441854193,0.9919526200448509,0.00793029101510791,12.350427595119145
189_t2,189,Philips,1.5,t2,5,5,1.2741222342906744,29688.322181207004,36228.90125871475,3006.954343974641,0.08299877278920588,31079.663661052422,39375.473528519,6210.326594379605,1299.7584139664884,0.2092898649070695,123.73875231941433,30.934688079853583,0.7984579567138408,0.025811088013971015,1.0146095660666914,0.9924280046896076,0.007470980197410001,12.077606755876674
18_t1,18,Siemens,1.5,t1,5,5,1.1329651192681947,38055.16539109939,39468.19948785068,3018.833844330356,0.07648775174706487,34566.76578887262,43354.04325391674,7929.622869758094,2291.887682495604,0.289028585613621,136.1543906617422,34.03859766543555,2.284766755678125,0.06712282268896724,1.031648467658443,0.9861895766522126,0.012024963314386636,16.970791202644996
18_t2,18,Siemens,1.5,t2,5,5,1.1329651192681947,38055.16539109939,39468.19948785068,3018.833844330356,0.07648775174706487,34566.76578887262,43354.04325391674,7929.622869758094,2291.887682495604,0.289028585613621,136.1543906617422,34.03859766543555,2.284766755678125,0.06712282268896724,1.031648467658443,0.9861895766522126,0.012024963314386636,16.970791202644996
18_t2_SPACE,18,Siemens,1.5,t2_SPACE,5,5,0.19775390101131052,38244.81343998341,39740.54484567256,3080.341625218322,0.07751130834215897,34662.69927706453,43531.763983520796,7948.678500369424,2285.752602869209,0.28756385137013357,136.07738616782,34.019346541955,2.2808862145925715,0.0670467380018492,1.031831469435485,0.9861144928567784,0.012277560771411731,16.965137746796845
190_t1,190,Siemens,1.5,t1,5,5,2.3394099366333587,28501.03125800421,28326.511276731362,1762.5652885063255,0.06222316865240563,25104.20803001257,29778.349083406025,5513.5213386575,1138.5458007348518,0.20650066097541922,126.57086586767724,31.64271646691931,0.6368239089417926,0.020125450025997495,1.0046108345365896,0.9977575568567039,0.002166104834542795,12.486929506146023
190_t2,190,Siemens,1.5,t2,5,5,2.3394099366333583,28501.031258004205,28326.511276731355,1762.565288506325,0.06222316865240563,25104.208030012567,29778.349083406018,5513.521338657499,1138.5458007348516,0.2065006609754192,126.57086586767876,31.64271646691969,0.636823908941265,0.02012545002598058,1.0046108345365898,0.9977575568567039,0.0021661048345428535,12.48692950614597
191_t1,191,Siemens,1.5,t1,5,5,1.0788674107449492,32405.94041654604,38801.466427442094,3812.533339942062,0.0982574549616937,33420.075782646294,44110.572955717995,7483.240134409117,1049.3782104338004,0.14023046054724264,134.69814446387997,33.67453611596999,0.624607667178715,0.018548367378474373,1.0077120038878458,0.9962213725637533,0.003689662162816418,14.947170652682692
191_t2,191,Siemens,1.5,t2,5,5,1.0788674107449492,30991.54524105941,40401.85834454116,4098.0179854732905,0.10143142304311824,34252.96142374139,45129.02379146122,7638.165494592091,1030.4380963459653,0.13490648992556228,134.43133375410284,33.60783343852571,0.5217600574175719,0.015524953679979326,1.007743313151043,0.9963786464745443,0.003529724973309065,14.376608696680272
191_t2_SPACE,191,Siemens,1.5,t2_SPACE,5,5,0.1953093272857132,30446.575721242545,40406.374866177495,4068.2425084946813,0.10068318481844406,34251.7873447501,44187.17282377433,8071.7048161984985,1154.1782207014248,0.14299063791148447,135.02822691492634,33.757056728731584,0.5130217657310393,0.015197467298574997,1.0087080214374968,0.9956924932966597,0.004235353821804299,14.881333764685463
192_t1,192,Philips,3.0,t1,5,5,1.2895374613738781,27976.515224506285,41453.72914081696,4972.485104390493,0.11995266065205192,32736.197994437272,45711.52393078123,4492.748515426591,497.8543248510536,0.11081286280360203,124.59115083898817,31.147787709747043,1.7148035044262948,0.05505378168124869,1.0137052362052004,0.9931026250028755,0.0062747165534581565,11.980133257959046
192_t2,192,Philips,3.0,t2,5,5,1.2895374613738781,27976.515224506285,41453.72914081696,4972.485104390493,0.11995266065205192,32736.197994437272,45711.52393078123,4492.748515426591,497.8543248510536,0.11081286280360203,124.59115083898817,31.147787709747043,1.7148035044262948,0.05505378168124869,1.0137052362052004,0.9931026250028755,0.0062747165534581565,11.980133257959046
193_t1,193,Philips,3.0,t1,5,5,0.6305500300333472,36137.45277124116,31010.576587046024,2593.185073960638,0.08362260104005557,26973.669184766528,33893.32521435248,4780.325887688812,806.926026361154,0.1688014677909932,137.55878188937453,34.38969547234363,1.524298771858103,0.044324288160212166,1.0173683760517598,0.9914025354290474,0.008252621468252466,14.21799587489688
193_t2,193,Philips,3.0,t2,5,5,0.6305500300333472,36137.45277124116,31010.576587046024,2593.185073960638,0.08362260104005557,26973.669184766528,33893.32521435248,4780.325887688812,806.926026361154,0.1688014677909932,137.55878188937453,34.38969547234363,1.524298771858103,0.044324288160212166,1.0173683760517598,0.9914025354290474,0.008252621468252466,14.21799587489688
195_t1,195,Philips,3.0,t1,5,5,1.3649317947384578,32423.954784012065,41504.84601440703,4864.834825762331,0.11721124863524769,33397.15115366058,46785.76712825012,7889.851746306182,1557.2273732882572,0.19737092956370308,139.84731317233383,34.96182829308346,1.3954599632147873,0.03991381547660232,1.0145475128950119,0.9923557941788951,0.0075797678491058675,14.066869531677137
195_t2,195,Philips,3.0,t2,5,5,1.3649317947384578,32423.954784012065,41504.84601440703,4864.834825762331,0.11721124863524769,33397.15115366058,46785.76712825012,7889.851746306182,1557.2273732882572,0.19737092956370308,139.84731317233383,34.96182829308346,1.3954599632147873,0.03991381547660232,1.0145475128950119,0.9923557941788951,0.0075797678491058675,14.066869531677137
196_t1,196,Philips,3.0,t1,5,5,1.400993542711335,34456.03518944257,48212.11058661662,7617.341701193735,0.1579964371712916,34862.32331682886,54826.48130046538,11109.318396283803,2107.4874612594326,0.1897044792562982,140.37530958685443,35.09382739671361,1.457749338439803,0.04153862506818835,1.0112603440042363,0.994235080734485,0.005734778689496218,16.912010573851948
196_t2,196,Philips,3.0,t2,5,5,1.400993542711335,34456.03518944257,48212.11058661662,7617.341701193735,0.1579964371712916,34862.32331682886,54826.48130046538,11109.318396283803,2107.4874612594326,0.1897044792562982,140.37530958685443,35.09382739671361,1.457749338439803,0.04153862506818835,1.0112603440042363,0.994235080734485,0.005734778689496218,16.912010573851948
197_t2,197,Siemens,1.5,t2,5,5,1.137469078575821,44148.58734676334,44239.5848730494,3496.8335562064594,0.07904309152631127,38534.03997491309,48110.39214744292,6495.630920115084,3082.675480129393,0.47457676060122833,142.95443755254382,35.738609388135956,2.98924505353016,0.08364189610921154,1.0113396980942246,0.9946909127064077,0.005308957584497337,15.167961334566213
198_t1,198,Philips,3.0,t1,5,5,0.9430930375917698,40634.10661767899,65004.00794626536,6185.485338891362,0.09515544555351887,54532.4687126689,71542.09473867406,8473.313705547014,2082.3209460815224,0.2457504842194549,135.32194744775694,33.830486861939235,2.4037008141954432,0.0710513219630815,1.0105172710874855,0.9947430797581697,0.0049225433362280495,17.440559532866278
198_t2,198,Philips,3.0,t2,5,5,0.9430930375917698,40634.10661767899,65004.00794626536,6185.485338891362,0.09515544555351887,54532.4687126689,71542.09473867406,8473.313705547014,2082.3209460815224,0.2457504842194549,135.32194744775694,33.830486861939235,2.4037008141954432,0.0710513219630815,1.0105172710874855,0.9947430797581697,0.0049225433362280495,17.440559532866278
19_t1,19,Philips,3.0,t1,5,5,2.015358930958344,26536.231043928517,50411.78522720583,3336.928174895467,0.06619341409664302,44164.57561302115,53304.228364917246,10921.230046863267,1748.996710396764,0.16014649475304302,146.4632143165851,36.615803579146274,1.0524705377931833,0.028743614366355044,1.0172129312478118,0.9919288192966823,0.008035031552309104,12.564458028056917
19_t2,19,Philips,3.0,t2,5,5,2.0153589309583437,28067.903831456853,50411.785227205815,3336.9281748954645,0.06619341409664299,44164.575613021145,53304.22836491723,10921.230046863266,1748.9967103967635,0.160146494753043,146.4632143165851,36.615803579146274,1.0524705377931838,0.028743614366355058,1.0172129312478118,0.9919288192966823,0.008035031552309111,12.41885260044888
1_t1,1,Philips,3.0,t1,5,5,1.0391178892973447,27340.230785302436,39632.78759211216,3948.7899749708804,0.09963442429562488,32517.116109781808,43159.76153196521,5876.835134710063,1198.1307019384406,0.203873458158113,127.8882010006341,31.972050250158524,0.5604204624092985,0.017528449318214113,1.0259492412476368,0.9883577360358722,0.009901688245007109,12.998254410730674
1_t2,1,Philips,3.0,t2,5,5,1.0391178892973447,27340.230785302436,39632.78759211216,3948.7899749708804,0.09963442429562488,32517.116109781808,43159.76153196521,5876.835134710063,1198.1307019384406,0.203873458158113,127.8882010006341,31.972050250158524,0.5604204624092985,0.017528449318214113,1.0259492412476368,0.9883577360358722,0.009901688245007109,12.998254410730674
200_t1,200,Siemens,1.5,t1,5,5,1.1329650715197201,35237.479654406336,32587.247759107406,5047.8825852873715,0.15490361820680612,25010.203953797823,38940.00950813278,9667.590955277772,2427.0220049798727,0.25104723774591464,139.11346031810376,34.77836507952594,1.345416967398418,0.038685457591865535,1.0147503172024424,0.9924565465835645,0.007489259809678859,15.76500326347052
200_t2,200,Siemens,1.5,t2,5,5,1.1329650715197201,35237.479654406336,32587.247759107406,5047.8825852873715,0.15490361820680612,25010.203953797823,38940.00950813278,9667.590955277772,2427.0220049798727,0.25104723774591464,139.11346031810376,34.77836507952594,1.345416967398418,0.038685457591865535,1.0147503172024424,0.9924565465835645,0.007489259809678859,15.76500326347052
200_t2_SPACE,200,Siemens,1.5,t2_SPACE,5,5,0.1977539010113105,36760.86816679453,33438.64218058471,5419.603954573705,0.16207607729121426,25629.498832768873,41228.12879064003,9052.738529715569,2365.5149918794373,0.261303801508753,139.09183183027352,34.77295795756838,1.2110565642445617,0.03482753942653802,1.0153433220763068,0.9922980187430328,0.007602969508763417,16.47890300463207
201_t2,201,Siemens,1.5,t2,5,5,2.5895421028902588,51306.597684564695,44459.848364522855,3854.623665986243,0.08669898363985594,38032.60486514923,48875.01764995074,8538.756130070338,2837.759422593974,0.33233873638812983,153.72124559031482,38.430311397578706,1.3219247042799203,0.034397970149240266,1.0058439287562524,0.9972499956403096,0.0027281805446179174,15.58879609238862
202_t1,202,Philips,3.0,t1,5,5,1.2134630135310596,53638.70558711343,48117.44887554711,5046.626683744238,0.10488142662752206,39783.38489861579,52763.79875435753,8340.616677204383,612.1766843236483,0.07339705300170182,139.99439961413378,34.998599903533446,1.0267664436336668,0.02933735767898546,1.0233699895428794,0.9879543199854827,0.012009935496766726,15.033805665803209
202_t2,202,Philips,3.0,t2,5,5,1.2134630135310596,53638.70558711343,48117.44887554711,5046.626683744238,0.10488142662752206,39783.38489861579,52763.79875435753,8340.616677204383,612.1766843236483,0.07339705300170182,139.99439961413378,34.998599903533446,1.0267664436336668,0.02933735767898546,1.0233699895428794,0.9879543199854827,0.012009935496766726,15.033805665803209
203_t1,203,Philips,3.0,t1,5,5,1.0614836138123054,41057.12469864616,47472.307067082205,7779.5737530550805,0.1638760412899654,35298.5760937144,55404.13722293328,7605.317796242406,1989.5455532108035,0.2615992660022422,146.48041653583346,36.620104133958364,1.6053539086740578,0.04383804870684104,1.0087690398165923,0.9960412113341871,0.003826330206674077,11.424017088419127
203_t2,203,Philips,3.0,t2,5,5,1.0614836138123054,41057.12469864616,47472.307067082205,7779.5737530550805,0.1638760412899654,35298.5760937144,55404.13722293328,7605.317796242406,1989.5455532108035,0.2615992660022422,146.48041653583346,36.620104133958364,1.6053539086740578,0.04383804870684104,1.0087690398165923,0.9960412113341871,0.003826330206674077,11.424017088419127
204_t1,204,Philips,3.0,t1,5,5,1.289537396537022,25881.01554849803,38364.511269414324,5874.679528621751,0.1531279647319598,28728.31412005178,44115.07433553152,7011.472732451095,673.6326129186695,0.0960757659087663,118.59125335775512,29.64781333943878,1.5255609251909916,0.051456102604424646,1.0256886833002836,0.9867945645956578,0.012484906722046905,16.46821643600485
204_t2,204,Philips,3.0,t2,5,5,1.289537396537022,25881.01554849803,38364.511269414324,5874.679528621751,0.1531279647319598,28728.31412005178,44115.07433553152,7011.472732451095,673.6326129186695,0.0960757659087663,118.59125335775512,29.64781333943878,1.5255609251909916,0.051456102604424646,1.0256886833002836,0.9867945645956578,0.012484906722046905,16.46821643600485
205_t1,205,Philips,3.0,t1,5,5,1.1406198238076974,42291.9018271418,38128.86759420847,4605.112965605537,0.12077759598360127,30446.564956898867,43013.91417561208,10092.43232501527,2371.2174744518784,0.23495004951130952,142.41295126399308,35.60323781599827,1.026950834463899,0.028844310165589485,1.0033576073205022,0.9985792034978057,0.0013829029394505543,14.869423905983302
205_t2,205,Philips,3.0,t2,5,5,1.1406198238076974,42291.9018271418,38128.86759420847,4605.112965605537,0.12077759598360127,30446.564956898867,43013.91417561208,10092.43232501527,2371.2174744518784,0.23495004951130952,142.41295126399308,35.60323781599827,1.026950834463899,0.028844310165589485,1.0033576073205022,0.9985792034978057,0.0013829029394505543,14.869423905983302
207_t1,207,Philips,3.0,t1,5,5,0.22784172281073356,49484.032410371976,33660.24248778828,4700.1784322383955,0.13963590529520367,25278.583462405266,37820.81461969053,6317.686426785144,1397.0781629738353,0.22113762358489844,137.66429521550776,34.41607380387694,0.7159995892919553,0.020804220532886542,1.014936582844056,0.9923083352847891,0.007131352356791378,15.988741198348201
207_t2,207,Philips,3.0,t2,5,5,0.22784172281073356,49484.032410371976,33660.24248778828,4700.1784322383955,0.13963590529520367,25278.583462405266,37820.81461969053,6317.686426785144,1397.0781629738353,0.22113762358489844,137.66429521550776,34.41607380387694,0.7159995892919553,0.020804220532886542,1.014936582844056,0.9923083352847891,0.007131352356791378,15.988741198348201
208_t2,208,Siemens,1.5,t2,5,5,1.8068669116536678,33273.45417810229,34883.37259638571,3443.9973506140304,0.09872890991540381,28947.81479160341,38706.70298144487,7154.831596766193,1433.0887407282614,0.20029664169537997,137.7340767733312,34.4335191933328,1.0869486594595419,0.03156658642285981,1.0350987836389978,0.9831702981294058,0.016659497615096535,17.354788512698534
209_t1,209,Siemens,3.0,t1,5,5,1.4805949878674656,29623.744517252253,37939.654326108655,1979.8666761186264,0.05218462611969967,34602.98546145054,40082.667511548025,10527.918720730402,2156.561004415715,0.2048421023776766,133.56278883629565,33.39069720907391,1.6945422375672934,0.05074893246334497,1.0482966265910802,0.9782609693425764,0.02158833794775538,14.734809249574422
209_t2,209,Siemens,3.0,t2,5,5,1.4805949878674656,29623.744517252253,37939.654326108655,1979.8666761186264,0.05218462611969967,34602.98546145054,40082.667511548025,10527.918720730402,2156.561004415715,0.2048421023776766,133.56278883629565,33.39069720907391,1.6945422375672934,0.05074893246334497,1.0482966265910802,0.9782609693425764,0.02158833794775538,14.734809249574422
209_t2_SPACE,209,Siemens,1.5,t2_SPACE,5,5,0.21234435854621303,30594.575179338375,36349.701860144676,2689.4142428426144,0.07398724350450313,33125.50758885068,40990.10559632678,10355.822021940265,1999.6097557107184,0.1930903941255715,132.4981633396004,33.1245408349001,1.9924648537380318,0.060150716161437794,1.0435520842292103,0.9796745814816504,0.02022518698493362,15.385014357104971
20_t2,20,Philips,1.5,t2,5,5,1.688025347112041,39028.8340505775,58790.54678921816,4238.529664708343,0.07209542853725702,51948.98005737306,63837.74257708317,10642.662208471997,1487.400505392774,0.13975831199535227,144.9362816038558,36.23407040096395,2.3139867919042665,0.06386218181666685,1.0050455872917954,0.9974645362845636,0.002467620321619181,17.841941740076734
210_t1,210,Philips,3.0,t1,5,5,1.2895373965367292,22862.208503199672,33745.38831501105,2666.281100232095,0.07901171784845179,28901.112131181173,37038.093103327934,7054.801188973138,793.3576982477306,0.11245642180360406,123.14242532743191,30.785606331857977,1.3596507697574336,0.04416514507139726,1.0257709049963388,0.9863673977273821,0.013517572050337049,13.733583739815055
210_t2,210,Philips,3.0,t2,5,5,1.2895373965367292,22862.208503199672,33745.38831501105,2666.281100232095,0.07901171784845179,28901.112131181173,37038.093103327934,7054.801188973138,793.3576982477306,0.11245642180360406,123.14242532743191,30.785606331857977,1.3596507697574336,0.04416514507139726,1.0257709049963388,0.9863673977273821,0.013517572050337049,13.733583739815055
212_t1,212,Siemens,1.5,t1,5,5,4.229936008071115,38069.42407264003,38237.775525761266,2947.68140227892,0.07708820300733839,33513.782991947446,41677.5594875247,8108.787327472326,980.684915895036,0.12094100835182904,124.55793577963637,31.13948394490909,2.2600242172469174,0.07257744608887144,1.016756114142782,0.9924400960921336,0.0069289659750122745,16.10258493601632
212_t2,212,Siemens,1.5,t2,5,5,3.0961206680684983,38373.31956004097,38412.33068045863,2998.2501322940734,0.07805436637614292,33645.54329990037,41775.95617424825,7972.510720276383,1098.3803895923254,0.13777095172776987,124.67926722047699,31.169816805119247,2.343488566795902,0.0751845473282029,1.0165792121164623,0.9925021218850286,0.006843757150864001,16.22245741318987
213_t1,213,Philips,3.0,t1,5,5,1.289537461374092,32305.49248234375,48132.24365328025,4536.220677415229,0.09424494544845681,40042.717250588306,53272.08206682511,9689.068669780376,1307.1604587049478,0.1349108467753875,141.37835196203946,35.344587990509865,1.573183970416246,0.044509896984473295,1.0020431471505795,0.9992312237713841,0.0007459969727731788,13.766199534685228
213_t2,213,Philips,3.0,t2,5,5,1.289537461374092,32305.49248234375,48132.24365328025,4536.220677415229,0.09424494544845681,40042.717250588306,53272.08206682511,9689.068669780376,1307.1604587049478,0.1349108467753875,141.37835196203946,35.344587990509865,1.573183970416246,0.044509896984473295,1.0020431471505795,0.9992312237713841,0.0007459969727731788,13.766199534685228
214_t1,214,Siemens,1.5,t1,5,5,3.5813477708506114,26322.906115751994,41295.80487612423,2382.1314170271307,0.057684586223052274,37288.992990096565,43753.32571648192,8217.760594993813,1256.653239863774,0.15291918343658198,146.56660333758964,36.64165083439741,1.5384785341971647,0.04198715121079958,1.0131155583551184,0.9932498703208434,0.006689681996466696,17.414327587142356
214_t2,214,Siemens,1.5,t2,5,5,3.581347762216499,26315.743356766834,40912.60056600884,2329.10263693202,0.05692873600577455,37217.36594495385,43559.93283183927,8217.76057518198,1256.6532368341639,0.1529191834365819,146.73882549637523,36.68470637409381,1.4630997071234315,0.03988309711963923,1.012925702971622,0.9933569797722703,0.006575218890395988,17.578531019986535
215_t1,215,Philips,3.0,t1,5,5,1.1397733606931175,27926.726883702766,39285.480241698235,3060.3143028028094,0.07789937361016509,34108.857592102235,42323.20420261753,8610.987740036504,1697.3456516652868,0.197113931979433,132.3469268956174,33.08673172390435,0.9825200753911668,0.029695289446836484,1.009530836695646,0.9952912150335861,0.004682651092925761,14.908040220131776
215_t2,215,Philips,3.0,t2,5,5,1.1397733606931175,27926.726883702766,39285.480241698235,3060.3143028028094,0.07789937361016509,34108.857592102235,42323.20420261753,8610.987740036504,1697.3456516652868,0.197113931979433,132.3469268956174,33.08673172390435,0.9825200753911668,0.029695289446836484,1.009530836695646,0.9952912150335861,0.004682651092925761,14.908040220131776
217_t1,217,Philips,1.5,t1,5,5,1.4246810744322072,25414.885686796144,44019.225965376565,2871.9575555094502,0.06524325434001034,38822.559278277644,46622.68816079398,8106.720249734144,1577.9790733391021,0.19465073725602547,139.05088151509725,34.76272037877431,0.9226958985101301,0.026542683899776636,1.0074347454325174,0.9961293897678194,0.003827251259915541,12.468416532337196
217_t2,217,Philips,1.5,t2,5,5,1.4246809894006602,26906.52516582087,43924.909456607515,2505.261169102972,0.057035090113910565,39235.714448094186,45742.232526686996,7754.2536891099135,1444.6682233720803,0.18630654622519957,138.99049313100397,34.74762328275099,0.9784127566588634,0.028157688619369705,1.0072143064455799,0.9962919778657263,0.003672897996318984,11.59607745540385
218_t1,218,Philips,3.0,t1,5,5,0.9414081268777047,30199.43130210989,55021.91594674508,4772.853922444075,0.08674459695412372,46353.994759331305,59540.29839250731,16463.910167713424,1768.9434561867997,0.10744370190113094,149.42304998550736,37.35576249637684,1.1850583852809407,0.03172357639322394,1.0222798123130676,0.9901647885964064,0.009679476657007788,16.749534940459426
218_t2,218,Philips,3.0,t2,5,5,0.9414081268777047,30199.43130210989,55021.91594674508,4772.853922444075,0.08674459695412372,46353.994759331305,59540.29839250731,16463.910167713424,1768.9434561867997,0.10744370190113094,149.42304998550736,37.35576249637684,1.1850583852809407,0.03172357639322394,1.0222798123130676,0.9901647885964064,0.009679476657007788,16.749534940459426
219_t1,219,Siemens,1.5,t1,5,5,2.3394098279790883,28033.147968673413,46601.97953727463,3167.792628036438,0.06797549502167985,41470.7180205853,50807.302644049836,14203.024947626642,1961.8879427102108,0.1381316972929803,139.22072104465602,34.805180261164004,0.5846067135475466,0.016796543191585106,1.0094646155650373,0.9951694210856327,0.004811554456296009,14.972877239497
21_t2,21,Siemens,1.5,t2,5,5,1.7000412432398804,44507.07974802007,57148.586432751814,4820.317338656147,0.0843470965695422,48432.474978660954,61617.99486122946,10903.04450939465,1522.8405802563166,0.13967113304400025,147.14075047877267,36.78518761969317,1.8112019555994303,0.04923726295281399,1.0117864925151838,0.993904086071907,0.005864369331941514,19.085348207541767
220_t1,220,Siemens,1.5,t1,5,5,1.1329650740225001,30604.785544569797,41914.2695064772,3279.3696593792224,0.07823993351172319,37123.86658049526,46649.83692287644,9383.89652209876,1556.297604865523,0.1658476946330871,130.33503213667373,32.58375803416843,0.6106851976942012,0.018742012417776243,1.0224967543038954,0.9886387103118852,0.009855941691672011,21.418051899282354
220_t2,220,Siemens,1.5,t2,5,5,1.1329650740225001,30604.785544569797,41914.2695064772,3279.3696593792224,0.07823993351172319,37123.86658049526,46649.83692287644,9383.89652209876,1556.297604865523,0.1658476946330871,130.33503213667373,32.58375803416843,0.6106851976942012,0.018742012417776243,1.0224967543038954,0.9886387103118852,0.009855941691672011,21.418051899282354
220_t2_SPACE,220,Siemens,1.5,t2_SPACE,5,5,0.19775390101131052,30534.586593453423,42165.877789235674,3252.337359015056,0.077131973281138,37184.65477666177,47141.76144648227,9363.014400402317,1570.9467504093234,0.16778215681712738,130.38297157590492,32.59574289397623,0.5997556958420477,0.018399816742722067,1.0246675225813742,0.9877466994626721,0.010623605849046317,21.41177961406127
221_t1,221,Philips,3.0,t1,5,5,0.24625761100407492,21890.824072596235,35084.17408518396,4453.7908061908265,0.12694586440533204,27811.59581396721,41349.11546369422,9010.713741205704,536.3609847391807,0.05952480570838903,110.4032050899017,27.600801272475426,0.6419324397538524,0.02325774652035236,1.0226508201023854,0.989651352930541,0.008255623676623733,11.513341816417162
221_t2,221,Philips,3.0,t2,5,5,0.24625761100407492,21890.824072596235,35084.17408518396,4453.7908061908265,0.12694586440533204,27811.59581396721,41349.11546369422,9010.713741205704,536.3609847391807,0.05952480570838903,110.4032050899017,27.600801272475426,0.6419324397538524,0.02325774652035236,1.0226508201023854,0.989651352930541,0.008255623676623733,11.513341816417162
222_t1,222,Siemens,1.5,t1,5,5,2.339409870021109,19943.469141929952,36212.19326003075,1746.625656083791,0.048233081148708855,33161.13490754922,37970.961600312614,8108.862491467167,1294.3854815784082,0.15962602435797504,135.8143275449625,33.95358188624063,2.1907086216453755,0.06452069266168173,1.0053424627862306,0.9973405974152092,0.0026458677146290427,13.797559222661574
222_t2,222,Siemens,1.5,t2,5,5,2.339409870021109,21454.727917963588,36949.5752510614,2024.5402775767516,0.05479197700705898,33678.144488823884,38873.973810140764,8193.081246787926,1209.9082268734232,0.14767438408446937,135.20141736115568,33.80035434028892,2.4312214568693054,0.07192887483937908,1.0039063228451581,0.9981098533804835,0.0018663699497602276,13.215036356683042
223_t1,223,Philips,3.0,t1,5,5,1.3195625597122946,27927.222013751005,45972.240017816635,4602.958261458472,0.10012473309272261,38767.4284417875,50326.796464867206,9560.75857013946,997.3912014543198,0.10432134585736863,145.63681071877156,36.40920267969289,0.969420817549717,0.026625708507767135,1.0033523566124882,0.9983366121209715,0.0016498441564670914,15.705294355342131
223_t2,223,Philips,3.0,t2,5,5,1.3195625597122946,27927.222013751005,45972.240017816635,4602.958261458472,0.10012473309272261,38767.4284417875,50326.796464867206,9560.75857013946,997.3912014543198,0.10432134585736863,145.63681071877156,36.40920267969289,0.969420817549717,0.026625708507767135,1.0033523566124882,0.9983366121209715,0.0016498441564670914,15.705294355342131
224_t1,224,Siemens,1.5,t1,5,5,2.0764565527738803,33503.62647900656,55988.7439063738,7494.546624768659,0.13385809542898988,44257.594965822485,63940.326629566094,11328.316369313183,1981.4564649941897,0.17491182276314923,146.87418198451599,36.718545496128996,2.260741971545694,0.06156948596408945,1.0009485267442593,0.9995855029043469,0.0004144856100947388,18.843691065571974
224_t2,224,Siemens,1.5,t2,5,5,2.0764565527738803,33503.62647900656,55988.7439063738,7494.546624768659,0.13385809542898988,44257.594965822485,63940.326629566094,11328.316369313183,1981.4564649941897,0.17491182276314923,146.87418198451599,36.718545496128996,2.260741971545694,0.06156948596408945,1.0009485267442593,0.9995855029043469,0.0004144856100947388,18.843691065571974
225_t1,225,Siemens,1.5,t1,5,5,3.6749999740670347,47352.37466585374,55138.22961091217,3922.172091774003,0.07113344261234283,48484.27465786639,58818.37458494289,10643.534924892945,3569.678190896398,0.335384645804815,154.42821328312914,38.607053320782285,1.1719483616999875,0.030355809648625123,1.0214189989387965,0.9889747128464994,0.010984096833055823,19.26591251890017
225_t2,225,Siemens,1.5,t2,5,5,2.5520834544017865,47402.39808205878,55064.26302886383,3892.7347805395466,0.07069439535582335,48384.950212003474,58583.075695793006,10625.344254056397,3532.1360911220304,0.3324255672726632,154.4071528459112,38.6017882114778,1.1611035997974053,0.03007901067785674,1.0214020464858018,0.9890014556078113,0.010955710793151979,19.243883395848083
226_t1,226,Siemens,1.5,t1,5,5,3.6750000417232807,30337.125344425684,32073.930364144104,2371.841268790695,0.07394919306310553,28168.875319808947,35599.72540417342,6957.510078990515,2130.397746068985,0.3062011728164238,125.90047671908097,31.475119179770243,0.9466331808945722,0.030075602747931588,1.0056116184384103,0.9977949309818204,0.0021672512329551637,15.946416708693487
226_t2,226,Siemens,1.5,t2,5,5,2.5520835013853316,30739.84577418632,33210.77302022759,2366.3863952161587,0.07125357768019644,29190.731088845423,35657.71068135585,7592.958833321638,2052.0347293530426,0.27025495256838544,126.20771059410205,31.551927648525513,1.3635170951097346,0.04321501717101759,1.0039268389698952,0.99838642833102,0.001519109714540814,16.077539545082903
227_t1,227,Philips,3.0,t1,5,5,0.359184847080478,19573.419056803566,41956.884846256544,4566.986765414856,0.10884951974270152,35298.89084683397,47618.571916847286,8106.6583246675555,1109.971460555652,0.13692096251030422,118.66246488338706,29.665616220846765,2.19134580669268,0.07386820453615815,1.0118602583549061,0.9961384362938461,0.0036957895693147816,12.092178163104656
227_t2,227,Philips,3.0,t2,5,5,0.359184847080478,19573.419056803566,41956.884846256544,4566.986765414856,0.10884951974270152,35298.89084683397,47618.571916847286,8106.6583246675555,1109.971460555652,0.13692096251030422,118.66246488338706,29.665616220846765,2.19134580669268,0.07386820453615815,1.0118602583549061,0.9961384362938461,0.0036957895693147816,12.092178163104656
228_t1,228,Philips,3.0,t1,5,5,1.4753964702055413,35903.77310245185,49053.096603511716,4905.059143638199,0.09999489294804369,41055.857576409595,54608.8495517177,12331.068618683874,2519.520931693208,0.20432299986358543,146.13238128966594,36.533095322416486,1.7700470788474034,0.048450509414167085,1.004340359607205,0.9976129466209026,0.0023866349972655274,15.918440013642366
228_t2,228,Philips,3.0,t2,5,5,1.4753964702055413,35903.77310245185,49053.096603511716,4905.059143638199,0.09999489294804369,41055.857576409595,54608.8495517177,12331.068618683874,2519.520931693208,0.20432299986358543,146.13238128966594,36.533095322416486,1.7700470788474034,0.048450509414167085,1.004340359607205,0.9976129466209026,0.0023866349972655274,15.918440013642366
229_t1,229,Philips,3.0,t1,5,5,1.511519683490213,27544.42319224215,48188.15442147808,4178.517865423124,0.08671255240189703,40410.47873811084,51891.9822539025,6750.144602530594,1265.019494522981,0.18740628075563473,133.19429174151378,33.298572935378445,0.5227266090521158,0.01569816850909965,1.0096446148618634,0.995113286695958,0.004684092065040993,12.707399056417394
229_t2,229,Philips,3.0,t2,5,5,1.511519683490213,27544.42319224215,48188.15442147808,4178.517865423124,0.08671255240189703,40410.47873811084,51891.9822539025,6750.144602530594,1265.019494522981,0.18740628075563473,133.19429174151378,33.298572935378445,0.5227266090521158,0.01569816850909965,1.0096446148618634,0.995113286695958,0.004684092065040993,12.707399056417394
22_t1,22,Siemens,1.5,t1,5,5,1.1329651163522285,18642.94098957592,27942.99844366482,1162.2317319552808,0.041592949815261494,26110.31407145346,29519.406106557315,10604.553489056858,1819.2812209999493,0.17155660753442542,138.96361561993407,34.74090390498352,1.3859495821124264,0.03989388376027874,1.013366370570082,0.9932963563732621,0.006476616726601612,14.330507866698962
22_t2,22,Siemens,1.5,t2,5,5,1.1329651163522285,18642.94098957592,27942.99844366482,1162.2317319552808,0.041592949815261494,26110.31407145346,29519.406106557315,10604.553489056858,1819.2812209999493,0.17155660753442542,138.96361561993407,34.74090390498352,1.3859495821124264,0.03989388376027874,1.013366370570082,0.9932963563732621,0.006476616726601612,14.330507866698962
22_t2_SPACE,22,Siemens,1.5,t2_SPACE,5,5,0.19775390101131052,18677.460442716256,28569.941137686255,983.9084912651854,0.03443859007351345,27296.564218294225,29886.74481374037,10742.189656835399,1905.5742064965839,0.1773915996059557,138.62314952607755,34.65578738151939,1.507952151214734,0.04351227500947987,1.0124144952723149,0.9937036026636645,0.006073954232851091,14.094972202519074
231_t1,231,Philips,3.0,t1,5,5,0.7381483063447439,39589.10811418765,37430.17194779055,2762.1017414958364,0.07379345586091755,32888.19778919007,40213.581581355305,4974.23380679596,1311.0086970593052,0.26355992660983535,131.88877993231802,32.972194983079504,0.33790200788118524,0.010248089581375701,1.0170728863746599,0.990744185604507,0.009224705793559133,10.811883447486492
231_t2,231,Philips,3.0,t2,5,5,0.7381483063447439,39589.10811418765,37430.17194779055,2762.1017414958364,0.07379345586091755,32888.19778919007,40213.581581355305,4974.23380679596,1311.0086970593052,0.26355992660983535,131.88877993231802,32.972194983079504,0.33790200788118524,0.010248089581375701,1.0170728863746599,0.990744185604507,0.009224705793559133,10.811883447486492
232_t1,232,Philips,3.0,t1,5,5,1.2895374613738828,28800.529662324298,37233.33093723267,4928.8711982202585,0.13237792789823902,29787.025820275318,42816.51232999703,7998.485057917645,927.7594629649615,0.1159918979965561,135.41168833025833,33.85292208256458,0.8491781105996463,0.02508433713723644,1.0038469510292256,0.997929700315762,0.0020597636288536983,13.879846978911091
232_t2,232,Philips,3.0,t2,5,5,1.2895374613738828,28800.529662324298,37233.33093723267,4928.8711982202585,0.13237792789823902,29787.025820275318,42816.51232999703,7998.485057917645,927.7594629649615,0.1159918979965561,135.41168833025833,33.85292208256458,0.8491781105996463,0.02508433713723644,1.0038469510292256,0.997929700315762,0.0020597636288536983,13.879846978911091
233_t1,233,Siemens,1.5,t1,5,5,3.674999883940911,33273.448949201,27541.919130206767,1644.7726282015046,0.05971888234896421,25232.549203138293,29741.77406073379,5246.4298343140445,1057.599841245667,0.2015846727480241,130.65555987474323,32.66388996868581,1.229133757443596,0.03762974215936746,1.0035349431476213,0.9983506890268544,0.0016436753195662184,13.483553817970543
233_t2,233,Siemens,1.5,t2,5,5,2.5520833918141963,33304.68826317526,27501.761046868145,1622.6132557644148,0.059000340123644385,25291.146412878687,29775.156932296228,5213.3959527980405,1003.8942392636662,0.19256052069570395,130.67885235530517,32.66971308882629,1.2110609784001607,0.03706983820480408,1.0035081458759134,0.9983679973685706,0.0016248308465665227,13.45187871235579
234_t1,234,Siemens,1.5,t1,5,5,1.1329650768670467,43756.24423368221,39905.295937411116,1942.3955864819889,0.04867513298306348,36770.381569720004,42726.37897881007,12488.220856274707,3324.252569378563,0.2661910457571938,127.39286796267575,31.848216990668938,2.671328950478456,0.08387687609831082,1.0365558952871665,0.9796687295584496,0.019603108607809797,16.67275062288994
234_t2,234,Siemens,1.5,t2,5,5,1.1329651168571153,43747.18205720379,41461.085044409505,2994.903348588936,0.07223408035224009,37074.01751891538,45955.33106995831,12976.076076387913,3135.3886663835283,0.24162841277486646,127.90168580079276,31.97542145019819,2.519723685323345,0.07880189129790899,1.0420738259911855,0.9765419126740723,0.022876708264230727,16.59278038438262
234_t2_SPACE,234,Siemens,1.5,t2_SPACE,5,5,0.19775390101131052,43638.946597868926,42713.89339971822,4198.751895771334,0.09829944220910175,37123.35106734827,47657.108112517744,13706.599734555348,2321.852004213639,0.16939664462223106,128.47125517332898,32.117813793332246,2.5531360220995785,0.07949283343281656,1.0483261546357596,0.9729420391468928,0.026726255397437806,16.483904122237732
236_t1,236,Philips,3.0,t1,5,5,1.4731379861593308,23262.321939441994,43980.82920438405,5703.126833405563,0.12967301746182336,33674.46122561614,49859.82827954871,5611.477216878122,418.171333026945,0.07452072188214097,120.78051669785134,30.195129174462835,1.1717664905608567,0.03880647384518772,1.0242963381925434,0.9880960907367023,0.010916817000926005,11.944346351155994
236_t2,236,Philips,3.0,t2,5,5,1.4731379861593308,23262.321939441994,43980.82920438405,5703.126833405563,0.12967301746182336,33674.46122561614,49859.82827954871,5611.477216878122,418.171333026945,0.07452072188214097,120.78051669785134,30.195129174462835,1.1717664905608567,0.03880647384518772,1.0242963381925434,0.9880960907367023,0.010916817000926005,11.944346351155994
237_t1,237,Philips,1.5,t1,5,5,1.0590232298953155,56233.074484211356,28564.821775320364,2268.1529890452284,0.07940371576219261,24747.254836193733,31111.98444786458,5646.711861801823,1192.0799388836244,0.21111046004448344,137.00572588592925,34.25143147148231,0.25093656586227997,0.007326308860148206,1.0138624989903602,0.993426077549189,0.006570209098474332,14.981097448843931
237_t2,237,Philips,1.5,t2,5,5,1.637937328598439,56220.560866812826,28536.471726307725,2213.643643086685,0.07757243657581994,24850.785149495518,31147.01624062792,5689.211517153819,1213.2658978242735,0.21325730185388542,136.92727666288528,34.23181916572132,0.25335803021177794,0.007401243532668658,1.0137174115463357,0.9935060347227418,0.006490361024899131,14.94598950739537
239_t1,239,Siemens,1.5,t1,5,5,1.1329650866578018,33441.73046287834,38793.1777531978,2807.2036896154564,0.07236333428199376,34181.55666446588,41278.449967290355,8304.86067821902,2555.430156449863,0.30770295318161506,143.31529330981337,35.82882332745334,0.6402782417533042,0.017870479192173185,1.00655254662987,0.9965858174496969,0.0033452943762020816,15.90488887832788
239_t2,239,Siemens,1.5,t2,5,5,1.1329650866578018,33441.73046287834,38793.1777531978,2807.2036896154564,0.07236333428199376,34181.55666446588,41278.449967290355,8304.86067821902,2555.430156449863,0.30770295318161506,143.31529330981337,35.82882332745334,0.6402782417533042,0.017870479192173185,1.00655254662987,0.9965858174496969,0.0033452943762020816,15.90488887832788
239_t2_SPACE,239,Siemens,1.5,t2_SPACE,5,5,0.19775390101131052,33819.08113535028,38841.51606089494,3295.1527735718787,0.08483584338999037,33882.75789147592,42447.67709817679,8279.283472080133,2568.2846382291455,0.31020614850186734,143.29870331695415,35.82467582923854,0.6488195489859265,0.01811096776084121,1.0076117381576943,0.9960605323276767,0.0038836303788598154,16.08541980250373
23_t1,23,Siemens,1.5,t1,5,5,2.733400552509008,22638.023375879602,45303.9274373948,1467.5162998068618,0.03239269491226369,43666.073826331405,47834.50966890764,7664.455149235259,948.742817268757,0.1237847699276341,121.2262372149903,30.306559303747576,0.18326600456321712,0.006047073926354789,1.0166915321198529,0.9906353074819988,0.009185193721313704,14.595688042135848
23_t2,23,Siemens,1.5,t2,5,5,2.733400552509008,22638.023375879602,45303.9274373948,1467.5162998068618,0.03239269491226369,43666.073826331405,47834.50966890764,7664.455149235259,948.742817268757,0.1237847699276341,121.2262372149903,30.306559303747576,0.18326600456321712,0.006047073926354789,1.0166915321198529,0.9906353074819988,0.009185193721313704,14.595688042135848
241_t1,241,Siemens,1.5,t1,5,5,1.1329651533742984,43823.092132517864,50726.701998088814,6853.427022604436,0.13510492014368777,39096.36151264029,57452.66292761067,12074.236232540574,3232.959563020171,0.26775685855037434,135.3168398666417,33.82920996666042,2.03525672624058,0.06016270342246772,1.0706086261332468,0.9677577498254366,0.028783194284270702,17.001118841511904
241_t2,241,Siemens,1.5,t2,5,5,1.1329651533742984,40369.814345033,53122.69670444478,6871.280358556401,0.12934735592934385,42805.68942478774,59871.543530064795,12728.183719068216,3503.880840398757,0.27528521882894874,134.5834692365034,33.64586730912585,2.0937794901231213,0.06222991581361972,1.0634592274386474,0.9709173175669683,0.0261313043344825,17.2138325029355
241_t2_SPACE,241,Siemens,1.5,t2_SPACE,5,5,0.19775390101132245,41213.49500196769,53906.25003681901,5469.731537707824,0.10146748352875394,43097.89192470458,57532.93792902606,11619.38641094207,2941.706310693423,0.25317225941665855,133.89134131309143,33.47283532827286,2.2617929701177846,0.0675710004227625,1.0684224902961275,0.9686375996391859,0.02941584959953089,17.11384335645023
242_t1,242,Philips,3.0,t1,5,5,1.5029832208961948,24934.491634667873,59944.080992291296,8003.118982324916,0.1335097452466425,46832.95716312543,69153.76097665483,10513.367630168883,2304.0329820366396,0.21915270758962593,136.96411004155732,34.24102751038933,1.9218038644864373,0.056125765031535,1.0095945779048596,0.9949600352706844,0.004623278189792417,16.5958483371888
242_t2,242,Philips,3.0,t2,5,5,1.5029832208961948,24934.491634667873,59944.080992291296,8003.118982324916,0.1335097452466425,46832.95716312543,69153.76097665483,10513.367630168883,2304.0329820366396,0.21915270758962593,136.96411004155732,34.24102751038933,1.9218038644864373,0.056125765031535,1.0095945779048596,0.9949600352706844,0.004623278189792417,16.5958483371888
243_t1,243,Philips,3.0,t1,5,5,1.214011593580171,29416.714924041124,27531.597721529834,2235.3209336692794,0.0811911083504336,23503.26445171211,29844.04700498134,5202.525283128465,788.3464878465834,0.15153150536397247,126.15314169596971,31.538285423992427,1.3054530622183143,0.04139264530928508,1.0056178595833203,0.9971172253606098,0.002880676098373928,10.586143137349893
243_t2,243,Philips,3.0,t2,5,5,1.214011593580171,29416.714924041124,27531.597721529834,2235.3209336692794,0.0811911083504336,23503.26445171211,29844.04700498134,5202.525283128465,788.3464878465834,0.15153150536397247,126.15314169596971,31.538285423992427,1.3054530622183143,0.04139264530928508,1.0056178595833203,0.9971172253606098,0.002880676098373928,10.586143137349893
244_t1,244,Philips,3.0,t1,5,5,1.159774006719548,32102.544505997084,50440.19523584255,5423.118514016955,0.1075158113219061,40828.68413255496,54969.808596486415,6331.6702122847,814.8389602976259,0.1286925776261493,131.1937475333002,32.79843688332505,1.8740229517637848,0.05713756903813153,1.0066677679592946,0.9962670782612423,0.0036858852068502473,15.609740968893341
244_t2,244,Philips,3.0,t2,5,5,1.159774006719548,32102.544505997084,50440.19523584255,5423.118514016955,0.1075158113219061,40828.68413255496,54969.808596486415,6331.6702122847,814.8389602976259,0.1286925776261493,131.1937475333002,32.79843688332505,1.8740229517637848,0.05713756903813153,1.0066677679592946,0.9962670782612423,0.0036858852068502473,15.609740968893341
245_t1,245,Philips,3.0,t1,5,5,0.6607672895121067,27150.267158762952,38266.48742368303,4719.011099500963,0.12331968302322881,30470.62278856129,42263.997371773374,5559.43166703906,1608.0900957158362,0.2892544044115037,119.92075086336372,29.98018771584093,3.2358038439225547,0.10793140705429342,1.0178903654969342,0.9924947210874412,0.007360830330594338,14.284169641326411
245_t2,245,Philips,3.0,t2,5,5,0.6607672895121067,26468.35531598646,39092.57868903107,4987.141012097482,0.1275725771832191,31321.03029016337,44669.19030559744,5256.403788068809,1432.4230897289267,0.2725100938745034,118.77063448243968,29.69265862060992,3.552045512384597,0.11962706195393003,1.0126987771031888,0.9945032558829972,0.005349511479154549,14.279892082055458
246_t2,246,Siemens,1.5,t2,5,5,3.065758047944967,36899.46386506562,44465.14157578421,4653.240408134329,0.10464917558406002,37221.368460099846,49407.756700681086,9860.704185410194,1454.0740138369124,0.14746147805431045,143.7381245713898,35.93453114284745,1.7841459484887245,0.04964990196745194,1.005935487399421,0.9968140251500117,0.0031238133466085917,15.809784568094452
249_t1,249,Siemens,1.5,t1,5,5,2.3394099366333587,35509.903428157755,37665.90362575905,1992.3405041967453,0.05289506722027024,34284.05262136187,40439.04016464424,8486.911368118499,1533.65220912075,0.18070793279189767,131.6885818235969,32.922145455899226,0.8209806397196366,0.02493703336616926,1.0303550248529825,0.9846531880810918,0.015316176539389428,16.96118807901667
249_t2,249,Siemens,1.5,t2,5,5,2.3394099366333587,40130.23805300864,37135.325452130615,2136.8219024158734,0.0575414884991475,33991.6263792827,40148.953332501704,8376.95910109673,1601.9341814890242,0.19123098992799134,130.64552159281138,32.661380398202844,0.8100741664369241,0.02480220237358668,1.027644201585763,0.9864287013177778,0.013528090137072782,17.19479481392722
24_t1,24,Philips,3.0,t1,5,5,1.6808163899742123,21537.981221129558,41871.1532539256,3644.714350728531,0.08704595091100872,36661.96709811752,46240.93970458055,6758.898867364302,2065.557552603499,0.3056056309078913,119.20115404400748,29.80028851100187,0.8389378651302111,0.028152004797553767,1.017446770913375,0.9923135612116957,0.006820507843896312,16.302102465943236
24_t2,24,Philips,3.0,t2,5,5,1.6808163899742123,21537.981221129558,41871.1532539256,3644.714350728531,0.08704595091100872,36661.96709811752,46240.93970458055,6758.898867364302,2065.557552603499,0.3056056309078913,119.20115404400748,29.80028851100187,0.8389378651302111,0.028152004797553767,1.017446770913375,0.9923135612116957,0.006820507843896312,16.302102465943236
250_t1,250,Siemens,3.0,t1,5,5,0.429687487477792,28848.788221771476,33339.108403411905,2426.7108147536997,0.07278871364494413,28839.335097046966,35474.56927867903,5704.788896247653,843.4541273282861,0.1478501908954197,133.3896421027695,33.347410525692375,1.773579594575136,0.053184927003813054,1.006214354671236,0.9970295442980277,0.0029648313838460272,13.60556501659655
250_t2,250,Siemens,3.0,t2,5,5,0.5848524453833671,32103.135579538404,32003.71066382323,2308.7090691480516,0.07213879332304426,28424.413698077024,34946.68816899233,5732.138817202382,818.0832718061312,0.14271867759919388,133.2264236134519,33.30660590336298,1.73025625838542,0.0519493419235106,1.0089980713124298,0.9957224510628956,0.004224837450856105,13.800871946296818
251_t1,251,Philips,3.0,t1,5,5,1.2895373757900648,22505.00628228821,62129.39495061501,8053.143405468275,0.12961889314823527,52619.57261911359,76741.65877064255,7815.6281271884245,2931.623776374257,0.37509765417010343,124.34401187477202,31.086002968693005,1.699766635057547,0.05467948506501133,1.0154585128345561,0.9955413476720559,0.003965785480779068,21.11776153358658
251_t2,251,Philips,3.0,t2,5,5,1.2895373757900648,22505.00628228821,62129.39495061501,8053.143405468275,0.12961889314823527,52619.57261911359,76741.65877064255,7815.6281271884245,2931.623776374257,0.37509765417010343,124.34401187477202,31.086002968693005,1.699766635057547,0.05467948506501133,1.0154585128345561,0.9955413476720559,0.003965785480779068,21.11776153358658
252_t1,252,Philips,3.0,t1,5,5,1.1000289028486026,32851.26315467067,38482.531114133235,4609.285048957641,0.11977603643812344,30651.20534897346,42561.21828011528,7124.22718640869,1648.017412003726,0.23132578016991742,142.23788481777495,35.55947120444374,2.0540549375500405,0.05776393371376548,1.0127549192686338,0.9937905727411551,0.006125751622641676,13.452991857868712
252_t2,252,Philips,3.0,t2,5,5,1.1000289028486026,32851.26315467067,38482.531114133235,4609.285048957641,0.11977603643812344,30651.20534897346,42561.21828011528,7124.22718640869,1648.017412003726,0.23132578016991742,142.23788481777495,35.55947120444374,2.0540549375500405,0.05776393371376548,1.0127549192686338,0.9937905727411551,0.006125751622641676,13.452991857868712
253_t1,253,Philips,3.0,t1,5,5,0.5195755579637322,25792.769848435597,38805.227952302484,3886.971461927699,0.10016618035862015,32749.88656956997,43800.21953634263,6463.3121108456435,1269.2222783621796,0.1963733541866846,121.17027901390831,30.29256975347708,0.9639194568316376,0.03182032639277808,1.0729365409266831,0.9620238836344711,0.03561481168202304,16.47793619732264
253_t2,253,Philips,3.0,t2,5,5,0.5195755579637322,25792.769848435597,38805.227952302484,3886.971461927699,0.10016618035862015,32749.88656956997,43800.21953634263,6463.3121108456435,1269.2222783621796,0.1963733541866846,121.17027901390831,30.29256975347708,0.9639194568316376,0.03182032639277808,1.0729365409266831,0.9620238836344711,0.03561481168202304,16.47793619732264
254_t1,254,Philips,3.0,t1,5,5,1.3269471937812387,34556.358820451016,43538.464375156225,3787.1060821997776,0.08698299622071107,36396.8345782256,47374.66871237778,7906.747548864888,2197.36951916109,0.2779106713071356,132.56873845108157,33.14218461277039,1.8455291925604698,0.055685200421258525,1.0163602704454828,0.9925722613256809,0.007345691907783366,17.74812364519294
254_t2,254,Philips,3.0,t2,5,5,1.3269471937812387,34556.358820451016,43538.464375156225,3787.1060821997776,0.08698299622071107,36396.8345782256,47374.66871237778,7906.747548864888,2197.36951916109,0.2779106713071356,132.56873845108157,33.14218461277039,1.8455291925604698,0.055685200421258525,1.0163602704454828,0.9925722613256809,0.007345691907783366,17.74812364519294
255_t1,255,Philips,3.0,t1,5,5,1.0961690380759865,19236.670449195488,39924.01100338074,1751.3884303917644,0.04386804798354198,36797.298439172795,41891.1959591119,12541.927666050207,2152.9640173831967,0.17166133266826786,138.45636244407405,34.61409061101851,1.6675100709137054,0.04817431402871801,1.0103003416829797,0.9958228472034357,0.00417434977790476,17.812604863360374
255_t2,255,Philips,3.0,t2,5,5,1.0961690380759865,19236.670449195488,39924.01100338074,1751.3884303917644,0.04386804798354198,36797.298439172795,41891.1959591119,12541.927666050207,2152.9640173831967,0.17166133266826786,138.45636244407405,34.61409061101851,1.6675100709137054,0.04817431402871801,1.0103003416829797,0.9958228472034357,0.00417434977790476,17.812604863360374
256_t1,256,Siemens,3.0,t1,5,5,0.42968751596553434,31819.649619795713,38142.32954222216,3269.7147755268556,0.08572404503787323,32386.83714087022,41335.07966085247,7959.61748324875,1228.7589731234436,0.1543741235944319,137.34726654768343,34.33681663692086,0.8105763440596453,0.023606624709294352,1.0176314548220147,0.9908745320604831,0.009091532347910974,14.199715185850685
256_t2,256,Siemens,3.0,t2,5,5,0.5848524841583489,34457.75380915744,36985.36927519299,3990.319490338052,0.10788913477239387,30240.38254589159,40838.49441132503,7713.385472570801,1107.637949977241,0.14359945498848192,137.7971049882155,34.449276247053874,0.9240364933160198,0.026823103239942348,1.0185351584064193,0.9907242083180116,0.009229287454051166,15.740734184049469
257_t1,257,Philips,3.0,t1,5,5,1.554102489835059,24676.039333601067,39443.74283300974,5742.52327757968,0.145587686794618,30382.703676275403,45805.61678539853,7777.039679632604,1392.360447877837,0.17903476197045887,128.77238450375364,32.19309612593841,1.4499223744230112,0.045038301651725544,1.0029366568830056,0.9988714105355158,0.0005981279352197883,13.436857034947952
257_t2,257,Philips,3.0,t2,5,5,1.554102489835059,24676.039333601067,39443.74283300974,5742.52327757968,0.145587686794618,30382.703676275403,45805.61678539853,7777.039679632604,1392.360447877837,0.17903476197045887,128.77238450375364,32.19309612593841,1.4499223744230112,0.045038301651725544,1.0029366568830056,0.9988714105355158,0.0005981279352197883,13.436857034947952
25_t1,25,Philips,3.0,t1,5,5,1.254242392848984,23073.04305884991,49116.132103966214,6848.942796726331,0.13944385486684663,37410.28785150665,55371.0389171041,9389.258552867494,3157.721559309878,0.3363121317332885,124.97276091134121,31.243190227835303,0.6068748190063226,0.019424226994132095,1.005000362039867,0.997887554360894,0.0018472456581722304,14.655695607710848
25_t2,25,Philips,3.0,t2,5,5,1.254242392848984,23073.04305884991,49116.132103966214,6848.942796726331,0.13944385486684663,37410.28785150665,55371.0389171041,9389.258552867494,3157.721559309878,0.3363121317332885,124.97276091134121,31.243190227835303,0.6068748190063226,0.019424226994132095,1.005000362039867,0.997887554360894,0.0018472456581722304,14.655695607710848
28_t1,28,Philips,3.0,t1,5,5,0.9798101200688182,17233.880201890443,48719.49052422987,6448.127574340931,0.13235211421461923,37765.801267932526,55081.985519908754,9025.031015953884,1387.84616393437,0.15377743982054162,141.98588345673159,35.496470864182896,1.5152315026242693,0.042686821132778795,1.0188659731854421,0.9895537284270373,0.010302017523450054,13.364382444243251
28_t2,28,Philips,3.0,t2,5,5,0.9798101200688182,17233.880201890443,48719.49052422987,6448.127574340931,0.13235211421461923,37765.801267932526,55081.985519908754,9025.031015953884,1387.84616393437,0.15377743982054162,141.98588345673159,35.496470864182896,1.5152315026242693,0.042686821132778795,1.0188659731854421,0.9895537284270373,0.010302017523450054,13.364382444243251
29_t1,29,Philips,3.0,t1,5,5,1.4400034761355034,20350.129124746934,38931.35797940901,4507.432957413917,0.1157789810413991,30571.27379835674,43797.705726661334,7107.569157509618,1916.5084977568201,0.2696433133868141,117.04342687819627,29.260856719549068,1.404523007283984,0.04800006441184026,1.0519945579810455,0.9731455005006576,0.025136508730314644,12.869519084886967
29_t2,29,Philips,3.0,t2,5,5,1.4400034761355034,20350.129124746934,38931.35797940901,4507.432957413917,0.1157789810413991,30571.27379835674,43797.705726661334,7107.569157509618,1916.5084977568201,0.2696433133868141,117.04342687819627,29.260856719549068,1.404523007283984,0.04800006441184026,1.0519945579810455,0.9731455005006576,0.025136508730314644,12.869519084886967
2_t1,2,Siemens,1.5,t1,5,5,3.458437948162123,23368.665215731464,54020.10906270273,3137.779132161442,0.05808539054446057,48604.886923470476,56642.29671499925,9471.278164836789,2552.9265979402653,0.2695440418399176,138.39468684998852,34.59867171249713,0.9935808140414001,0.028717310950481263,1.0173112108446651,0.991039787001683,0.00893385314510602,14.791209341644803
2_t2,2,Siemens,1.5,t2,5,5,2.4443413680963757,23595.227226234314,54100.11863180347,3059.09196240393,0.05654501394393621,48840.38487593368,56879.82363560266,9483.555639940318,2570.832428678148,0.27108318085370847,138.4140124219382,34.60350310548455,0.9525515736150733,0.027527605245958372,1.0171716180117107,0.9911307388683934,0.008849010989038501,14.779568259624122
30_t1,30,Philips,3.0,t1,5,5,1.2895374289553025,28760.55327799011,43204.919927204246,4294.578187157329,0.09940021169795575,36315.95307423923,49544.02802046273,7126.241739892792,1787.7393490824536,0.25086706490388416,131.55961615240767,32.88990403810192,0.6132140159544064,0.018644445275486886,1.0242357972144545,0.9868960006840009,0.013037397696655021,12.8106909532708
30_t2,30,Philips,3.0,t2,5,5,1.2895374289553025,28760.55327799011,43204.919927204246,4294.578187157329,0.09940021169795575,36315.95307423923,49544.02802046273,7126.241739892792,1787.7393490824536,0.25086706490388416,131.55961615240767,32.88990403810192,0.6132140159544064,0.018644445275486886,1.0242357972144545,0.9868960006840009,0.013037397696655021,12.8106909532708
31_t1,31,Siemens,1.5,t1,5,5,2.3394098814449125,27193.300461915664,48490.35225863757,4138.174620741205,0.08534016413551777,41866.079238338156,52767.72928587144,9803.06316720676,2552.28593097566,0.26035596093204577,131.93161295043672,32.98290323760918,1.6707399746400906,0.05065472746907883,1.0185840692265637,0.9901683266676796,0.009797289897903736,15.259451556076115
31_t2,31,Siemens,1.5,t2,5,5,2.2311528557033666,27722.07423211433,49714.54793078241,4696.274565462507,0.09446479473173792,42206.718571340585,55401.756559970294,8386.457354017815,2229.552723809023,0.26585155443983516,131.65732550431113,32.91433137607778,1.80955279043682,0.054977656078166834,1.0217482874323034,0.9881677782911437,0.01178766123201946,15.035603425703215
32_t1,32,Philips,3.0,t1,5,5,1.065854701828296,30194.5978480938,39987.244506611445,5068.9217539695655,0.12676346711340603,31638.83096907114,46624.74807677698,8250.78124685284,2440.4400083953356,0.2957829004769957,146.43777050660253,36.60944262665063,2.365178002317151,0.0646056818301672,1.009322516724291,0.9958191281149631,0.004134319194625371,16.655038068889656
32_t2,32,Philips,3.0,t2,5,5,1.065854701828296,30194.5978480938,39987.244506611445,5068.9217539695655,0.12676346711340603,31638.83096907114,46624.74807677698,8250.78124685284,2440.4400083953356,0.2957829004769957,146.43777050660253,36.60944262665063,2.365178002317151,0.0646056818301672,1.009322516724291,0.9958191281149631,0.004134319194625371,16.655038068889656
33_t1,33,Siemens,1.5,t1,5,5,5.767287218938322,28277.009234454592,51641.443215817526,3485.5728147862683,0.06749565073577676,45694.21663564833,54962.24719648221,9615.221251413972,2218.768864085707,0.23075588237342168,148.33056725723148,37.08264181430787,0.6273380316207444,0.016917296096706193,1.0043776479965478,0.9977394986541396,0.0022317912008473803,14.71587925133247
33_t2,33,Siemens,1.5,t2,5,5,4.4609907549401315,28545.8798408619,51909.87282078535,3356.835044991612,0.06466660121824637,46363.07691609279,55316.28536125763,9552.765602628799,2117.4751324372714,0.2216609535415136,148.34300721980333,37.08575180495083,0.4833735851038117,0.0130339432687268,1.0042748788216247,0.9977726050375703,0.002173181013584909,14.69874252540494
34_t1,34,Siemens,1.5,t1,5,5,1.1329650715197086,42172.358857178115,50263.31561892896,3328.399989668475,0.06621926844028199,44765.715905886726,53641.36427617212,10655.989683671467,2967.0905217329896,0.27844344915982444,145.9950695148859,36.498767378721475,0.5742049497292356,0.015732173740858797,1.0045690282473565,0.9977776820284194,0.0020028195257994893,18.419135930187814
34_t2,34,Siemens,1.5,t2,5,5,1.1329650715197204,46358.66479644392,54055.57630632028,4187.308108588345,0.07746301852115776,46826.57937098156,58136.96967996293,10555.835571349235,2457.7959441146454,0.2328376496111423,145.51293508855485,36.378233772138714,0.8517094771325684,0.023412612125904637,1.0041040126756562,0.9977818358600056,0.0020703525277026916,17.902033946083986
34_t2_SPACE,34,Siemens,1.5,t2_SPACE,5,5,0.19775390101131052,42346.427100859,51748.79452756257,4157.768016426431,0.08034521488634698,45042.4060333462,56788.196737813996,10690.061728528817,3002.6190649596347,0.2808794879964514,145.3719778125518,36.34299445313795,0.5978988469930969,0.0164515570604412,1.005041192625793,0.9975099124385567,0.0022350219854253305,17.911492634269937
35_t1,35,Siemens,1.5,t1,5,5,1.1329651329106236,34582.62771696388,50992.26810901477,6253.947764214815,0.12264502043417046,39021.5851077077,56056.848846151835,15040.565325441692,4142.510141000177,0.2754225025034772,135.8906724857825,33.97266812144562,1.1466964145260916,0.03375349885463447,1.0262726717830235,0.9855368010299823,0.014377551873473114,19.78433850764913
35_t2_SPACE,35,Siemens,1.5,t2_SPACE,5,5,0.19775390101131052,34769.88189141266,52199.19881250593,6804.214531638511,0.13035093806858108,39063.514590170234,56819.639608074795,15318.84773872036,4226.971606138828,0.2759327384300983,135.47799068834428,33.86949767208607,1.3357960097720067,0.03943949871075053,1.0294818171848077,0.9841208349883672,0.015697497252495377,19.433919765479434
36_t1,36,Philips,3.0,t1,5,5,1.2895374289553172,21122.623086288095,51934.83041374645,3034.079282133228,0.058420895148049774,46229.916828048124,54519.0634213729,8249.170933027164,1756.611085423814,0.21294395517868095,129.07248800386864,32.26812200096716,1.9536295578558118,0.06054363987458757,1.0318819434798336,0.9840301140031458,0.014547837881732471,14.792624496264883
36_t2,36,Philips,3.0,t2,5,5,1.2895374289553172,21122.623086288095,51934.83041374645,3034.079282133228,0.058420895148049774,46229.916828048124,54519.0634213729,8249.170933027164,1756.611085423814,0.21294395517868095,129.07248800386864,32.26812200096716,1.9536295578558118,0.06054363987458757,1.0318819434798336,0.9840301140031458,0.014547837881732471,14.792624496264883
37_t1,37,Philips,3.0,t1,5,5,0.9841469300786078,34708.89393001234,37914.65414005039,6494.238395900773,0.1712857084733555,27237.25043685555,44743.25602909382,6424.9048183251825,1619.4158039376537,0.2520528863429601,135.3735485959475,33.84338714898688,0.6245336687144052,0.018453639582972445,1.008298707875712,0.995899828145631,0.004039275957512712,12.467728432487613
37_t2,37,Philips,3.0,t2,5,5,0.9841469300786078,34708.89393001234,37914.65414005039,6494.238395900773,0.1712857084733555,27237.25043685555,44743.25602909382,6424.9048183251825,1619.4158039376537,0.2520528863429601,135.3735485959475,33.84338714898688,0.6245336687144052,0.018453639582972445,1.008298707875712,0.995899828145631,0.004039275957512712,12.467728432487613
38_t1,38,Philips,3.0,t1,5,5,0.7797323549144829,29409.16523030955,35541.76020171196,4934.002394897569,0.13882267976868265,28315.980468719445,43757.02029309095,4739.992985525142,1348.8691851622218,0.284571979174096,113.64636049314986,28.411590123287464,2.1975314555336585,0.0773463028995501,1.0393068113225374,0.9792729683913477,0.019791062255419895,14.151772854109327
38_t2,38,Philips,3.0,t2,5,5,0.7797323549144829,29409.16523030955,35541.76020171196,4934.002394897569,0.13882267976868265,28315.980468719445,43757.02029309095,4739.992985525142,1348.8691851622218,0.284571979174096,113.64636049314986,28.411590123287464,2.1975314555336585,0.0773463028995501,1.0393068113225374,0.9792729683913477,0.019791062255419895,14.151772854109327
39_t1,39,Philips,3.0,t1,5,5,1.440227040215455,24162.68905369469,25235.946244063245,2968.3734626355836,0.1176248131901887,20150.21651965443,27597.630544608546,5938.632177624406,1338.6414423577073,0.22541241860397485,124.01862259781956,31.00465564945489,1.0039993299774375,0.03238221192742353,1.0076077015598726,0.9966684403491392,0.00330671223637264,11.483626863978959
39_t2,39,Philips,3.0,t2,5,5,1.440227040215455,24162.68905369469,25235.946244063245,2968.3734626355836,0.1176248131901887,20150.21651965443,27597.630544608546,5938.632177624406,1338.6414423577073,0.22541241860397485,124.01862259781956,31.00465564945489,1.0039993299774375,0.03238221192742353,1.0076077015598726,0.9966684403491392,0.00330671223637264,11.483626863978959
3_t1,3,Siemens,1.5,t1,5,5,2.6410073799211484,35938.82842596699,45742.24782023429,3392.359330058959,0.07416249729114391,39580.777602878254,48705.45810050582,8268.994106533115,1828.3326147058783,0.22110701630097435,133.7676424411549,33.44191061028872,0.7748600651428401,0.023170328818008592,1.017036952767675,0.9905413704201818,0.00932358533374849,12.925713319698751
3_t2,3,Siemens,1.5,t2,5,5,1.7575380504335134,35975.04635432359,45779.64812247198,3280.4242389953247,0.07165682510751002,39838.11498917645,48733.01506242046,8299.09467414705,1832.2379273213019,0.22077563870056854,133.7606434089596,33.4401608522399,0.7877864892613673,0.02355809509237452,1.0169671694981306,0.9905440396949546,0.009326711257597362,13.009106612941265
40_t1,40,Philips,3.0,t1,5,5,1.138311864905964,50141.49933724281,39528.562495978535,3069.654907777559,0.07765662887664716,34202.8566048295,42101.60263541198,7326.4028249077655,1290.3919367068806,0.17612899093125226,145.28488006648482,36.321220016621204,0.431222866141208,0.011872477464795323,1.0048105680737227,0.9978500355090698,0.00211278860514011,15.880700785111067
40_t2,40,Philips,3.0,t2,5,5,1.138311864905964,50141.49933724281,39528.562495978535,3069.654907777559,0.07765662887664716,34202.8566048295,42101.60263541198,7326.4028249077655,1290.3919367068806,0.17612899093125226,145.28488006648482,36.321220016621204,0.431222866141208,0.011872477464795323,1.0048105680737227,0.9978500355090698,0.00211278860514011,15.880700785111067
41_t2_SPACE,41,Siemens,1.5,t2_SPACE,5,5,0.1977539010113105,24669.601397259972,25434.908994173744,2669.998828896225,0.10497379131601489,21412.7924015047,28445.909890971958,8694.289808742467,2298.9941297803175,0.2644257530348924,134.20562196555858,33.551405491389644,0.7396795785916728,0.02204615776175153,1.014689448602022,0.9923479801449804,0.007610459736828303,16.255887021991214
42_t2,42,Philips,1.5,t2,5,5,1.3349060499221672,45721.867115884146,44544.212998642804,3326.948766785395,0.07468868665132242,39047.33686627331,48224.815959488216,12532.097996669305,2977.3368195001135,0.23757688619187384,156.19004191406248,39.04751047851562,0.9031709695083879,0.02313005255495924,1.0019402101644492,0.9991490101454288,0.0008431049797275113,18.439555012322106
44_t1,44,Philips,3.0,t1,5,5,1.2895374289553025,28422.694471603823,46084.71491354723,4688.0796948458565,0.10172743183158396,38236.074305953676,51213.97899095984,8233.180668908024,2397.945608321257,0.29125385495024,140.26024504798525,35.06506126199631,0.8349649469295559,0.023811877603490603,1.0040923912035316,0.9978850713269088,0.002101836069122546,15.516643752288163
44_t2,44,Philips,3.0,t2,5,5,1.2895374289553025,28422.694471603823,46084.71491354723,4688.0796948458565,0.10172743183158396,38236.074305953676,51213.97899095984,8233.180668908024,2397.945608321257,0.29125385495024,140.26024504798525,35.06506126199631,0.8349649469295559,0.023811877603490603,1.0040923912035316,0.9978850713269088,0.002101836069122546,15.516643752288163
45_t1,45,Siemens,1.5,t1,5,5,1.1329650637967992,30037.16977138074,35743.00842567418,2824.7585557480306,0.07902968105278481,32264.579086805246,40369.81115320755,10027.42059363995,2407.2903617904735,0.24007074793664637,146.26042315535236,36.56510578883809,1.1048189829676083,0.030215117914546463,1.005928395328777,0.9974092312224399,0.0024805371038691586,15.57408576418945
45_t2,45,Siemens,1.5,t2,5,5,1.1329650637967992,30037.16977138074,35743.00842567418,2824.7585557480306,0.07902968105278481,32264.579086805246,40369.81115320755,10027.42059363995,2407.2903617904735,0.24007074793664637,146.26042315535236,36.56510578883809,1.1048189829676083,0.030215117914546463,1.005928395328777,0.9974092312224399,0.0024805371038691586,15.57408576418945
45_t2_SPACE,45,Siemens,1.5,t2_SPACE,5,5,0.19775390101131052,29561.04413877474,36004.53859698668,2683.808802668827,0.07454084699459092,32539.217888005078,40530.255273971125,10019.280496298452,2390.5582140170445,0.23859579686387844,146.0921667627589,36.52304169068972,1.1062061622038797,0.03028789802263015,1.0061479077889193,0.9973426561988327,0.002535799503400666,15.46006009114564
47_t1,47,Siemens,1.5,t1,5,5,3.675000041723194,43489.95049375228,43295.17549154095,3672.869394058274,0.08483322569684196,38146.50043308675,47925.67554411217,9341.115106052015,1583.7543046047917,0.16954659980356018,148.84246977159142,37.210617442897856,1.092106292536015,0.029349319296083275,1.001666455133618,0.9993049742495724,0.0006246611504728594,20.35017647078953
47_t2,47,Siemens,1.5,t2,5,5,2.552083501385293,42566.2007196053,41893.47150864014,3841.0159338573444,0.09168531027716742,36185.99196614207,46481.09681073034,10632.490283471408,1559.1483317676518,0.14663999591811566,149.9192954171362,37.47982385428405,1.0492672991742813,0.02799552375842735,1.0020592094264993,0.9992477886981291,0.0006962821599183619,20.397341096000382
48_t1,48,Philips,3.0,t1,5,5,1.2895374289553132,30925.68662120632,47000.54439559168,4096.44768219828,0.08715745178863285,41147.84982053509,53183.10264497503,8816.309494281686,1248.349601076729,0.14159548299505778,132.16489548449155,33.04122387112289,2.4908245329621455,0.07538535929170156,1.0040177987594305,0.9980488645940495,0.0018401701486186843,13.564422645573766
48_t2,48,Philips,3.0,t2,5,5,1.2895374289553132,30925.68662120632,47000.54439559168,4096.44768219828,0.08715745178863285,41147.84982053509,53183.10264497503,8816.309494281686,1248.349601076729,0.14159548299505778,132.16489548449155,33.04122387112289,2.4908245329621455,0.07538535929170156,1.0040177987594305,0.9980488645940495,0.0018401701486186843,13.564422645573766
4_t1,4,Philips,3.0,t1,5,5,1.0593457149751166,29748.546367931227,42099.45805882611,5200.229559552607,0.12352248222022857,32726.367172726277,47430.0856965809,9051.261657890393,1022.7925329830931,0.11299999620400751,128.4594383108727,32.11485957771818,2.849373041716414,0.08872444342535304,1.0102123842829358,0.9944405128178015,0.005357711903202583,16.53691625644709
4_t2,4,Philips,3.0,t2,5,5,1.0593457149751166,29748.546367931227,42099.45805882611,5200.229559552607,0.12352248222022857,32726.367172726277,47430.0856965809,9051.261657890393,1022.7925329830931,0.11299999620400751,128.4594383108727,32.11485957771818,2.849373041716414,0.08872444342535304,1.0102123842829358,0.9944405128178015,0.005357711903202583,16.53691625644709
50_t1,50,Siemens,1.5,t1,5,5,1.58226743935501,36333.607209909096,52241.407591696494,2671.9728088951533,0.0511466465409682,47649.983936176126,55877.77462082218,11383.148412207815,1519.0774102107964,0.1334496709699109,135.38064217538667,33.84516054384667,0.6071299488618306,0.01793845675736385,1.045488672047069,0.9798886363944633,0.01806995922742632,20.929744247159505
50_t2,50,Siemens,1.5,t2,5,5,1.582267439355011,38115.24034662286,53302.476136528,2619.4039809857195,0.04914225699902619,48112.00602846782,55100.8813080989,11617.323993232361,1675.275414576841,0.14420493183738078,135.07200597736107,33.76800149434027,0.6569341084066309,0.019454337814949967,1.0446907137022836,0.980653579053758,0.017613818721241282,20.61273612835909
50_t2_SPACE,50,Siemens,1.5,t2_SPACE,5,5,0.19775390101131052,31653.280411474407,50166.090956208645,2941.0950788768314,0.058627152780235434,44806.28787553869,52837.667057311046,13049.305318373954,2243.0918607930894,0.1718935840695462,135.9347205845861,33.983680146146526,0.48502480118337116,0.014272285964837421,1.0510393627720063,0.977915711406456,0.019698450140847458,20.925647964191217
51_t1,51,Philips,3.0,t1,5,5,1.4025225658525897,25725.0689028682,30817.347834965785,3571.403620413487,0.11588938929914415,25100.946361063798,34294.48178022752,5780.075998391692,512.7361631061854,0.08870751236642119,117.17547388858114,29.293868472145284,2.3456669374324175,0.08007364884780739,1.0144644154497329,0.9932998243085788,0.006143223601961782,11.647613351498748
51_t2,51,Philips,3.0,t2,5,5,1.4025225658525897,25725.0689028682,30817.347834965785,3571.403620413487,0.11588938929914415,25100.946361063798,34294.48178022752,5780.075998391692,512.7361631061854,0.08870751236642119,117.17547388858114,29.293868472145284,2.3456669374324175,0.08007364884780739,1.0144644154497329,0.9932998243085788,0.006143223601961782,11.647613351498748
52_t1,52,Siemens,1.5,t1,5,5,1.1329650748337847,21790.317284278182,55580.094269135945,4058.6276300187187,0.07302304329254271,50218.67694200751,60694.07202392068,13165.960541628447,871.2339066675208,0.06617321265036705,147.71887242070193,36.92971810517548,0.7348658481718638,0.019899037573993198,1.0070382457661171,0.9961403276758423,0.0038282069906943428,14.592478820921986
52_t2,52,Siemens,1.5,t2,5,5,0.8815131044937733,23496.731800281526,59056.26522507674,4060.192533266489,0.06875125810601432,53759.95819065726,63580.89568782238,12797.102040557005,1824.2221742378783,0.14254963103806567,147.4493988471442,36.86234971178605,0.9692309993619523,0.026293250618586006,1.008265187439655,0.9954444565557918,0.0045284139347435805,14.40509588195695
52_t2_SPACE,52,Siemens,1.5,t2_SPACE,5,5,0.19775390101131052,22542.164930180297,57466.76947374421,3931.5971151772937,0.0684151406313798,50593.95129643672,62140.406068685115,13229.696426876471,873.0986203792323,0.0659953631744346,147.27401619862582,36.818504049656454,0.8243593848478666,0.022389812028649182,1.0077001414600166,0.9958049897035638,0.004182600258815351,14.210198601623944
53_t1,53,Siemens,1.5,t1,5,5,1.9181583660073651,44372.75748084838,48436.18416339838,3247.283513316801,0.06704251314187268,42420.07226425288,51151.529146318404,6615.728204359402,2416.0134745048076,0.36519237185602443,142.51447911513355,35.62861977878339,0.8774786330420028,0.024628476727143262,1.0130193106919605,0.9927232168474196,0.007141453505550825,16.700094233377584
53_t2,53,Siemens,1.5,t2,5,5,1.9181583660073651,44372.75748084838,48436.18416339838,3247.283513316801,0.06704251314187268,42420.07226425288,51151.529146318404,6615.728204359402,2416.0134745048076,0.36519237185602443,142.51447911513355,35.62861977878339,0.8774786330420028,0.024628476727143262,1.0130193106919605,0.9927232168474196,0.007141453505550825,16.700094233377584
55_t1,55,Siemens,1.5,t1,5,5,1.132965069155881,38855.03704670094,49067.58418007205,3053.8210410568295,0.06223703677461842,45887.35123095149,54817.38190603815,12237.608897980333,1673.9457638916977,0.13678699636887087,145.80391723364875,36.45097930841219,1.0434833831392272,0.028627032879152612,1.003440535756889,0.9982579984161833,0.001643591093383742,14.998867764011807
55_t2,55,Siemens,1.5,t2,5,5,1.0244406890125413,34097.48389309342,55468.95577099745,3313.0685952677322,0.05972833901805678,51088.857161055435,61277.944253974165,13041.744635543057,1947.9697651780107,0.14936420085002663,145.00695390299364,36.25173847574841,0.8907599096954608,0.02457150876478266,1.0043412997171508,0.9976832331033993,0.0021915715335541035,14.501796518901562
55_t2_SPACE,55,Siemens,1.5,t2_SPACE,5,5,0.19775390101131052,38552.320756056,50702.122680289904,3565.8582414953325,0.0703295651738371,46388.121329728165,55716.96385603573,12251.842937155743,1676.5301930352236,0.1368390210056373,145.2364650804055,36.30911627010138,1.168210393642204,0.03217402442273603,1.0041505197185452,0.9978860556011658,0.0020759169681219456,14.562465535895912
56_t1,56,Philips,3.0,t1,5,5,1.2895374613738828,37508.77613898213,40371.29139573987,4031.149662062974,0.09985188788110841,33384.835337508455,44754.68713444198,7328.183485495501,1073.3322816166867,0.14646634923117136,131.80384144266094,32.950960360665235,1.6241273353804864,0.049289226098528725,1.0017148645778298,0.9993199590601637,0.0006796777361134386,15.237654846209773
56_t2,56,Philips,3.0,t2,5,5,1.2895374613738828,37508.77613898213,40371.29139573987,4031.149662062974,0.09985188788110841,33384.835337508455,44754.68713444198,7328.183485495501,1073.3322816166867,0.14646634923117136,131.80384144266094,32.950960360665235,1.6241273353804864,0.049289226098528725,1.0017148645778298,0.9993199590601637,0.0006796777361134386,15.237654846209773
57_t1,57,Siemens,1.5,t1,5,5,1.1329651169944572,31113.488042901783,53918.71628985981,4180.248956474633,0.07752871811714088,47428.18572762197,59063.73747915505,13730.857438902623,4174.827037334763,0.3040470746937139,143.9158869684481,35.97897174211202,1.2560251270660874,0.03490997841930979,1.0031211637819262,0.9983585398192109,0.0016328525996397167,16.82642272427079
57_t2,57,Siemens,1.5,t2,5,5,1.1329651169944572,31174.668159219484,53950.89249918245,4235.631776188385,0.07850902144487358,47463.307646248795,59111.32201406881,13699.587601673577,4083.5363119888834,0.29807731668433785,143.929965375238,35.9824913438095,1.3046588158786523,0.03625815687448525,1.0031693908918204,0.9983423095931906,0.0016493506949988531,16.813636394250064
57_t2_SPACE,57,Siemens,1.5,t2_SPACE,5,5,0.19775390101131052,31697.57728530094,54794.75831405958,4375.742733464075,0.07985695836788315,47905.88251998997,59730.7747848623,13772.095826570294,4200.219797019892,0.3049804365227021,143.4852770761578,35.87131926903945,1.360969526336597,0.037940325420683665,1.004134104011257,0.9978030809115002,0.002174219636716768,16.647816908723392
58_t1,58,Siemens,1.5,t1,5,5,1.9983665829160118,29749.683319870666,49310.09510676917,3688.1849323204065,0.0747957375530209,44861.33141988155,54421.51715255175,9161.711436036749,2952.828442381916,0.3223009655998591,144.32428468407355,36.08107117101839,3.2760027875154396,0.09079560781296435,1.0068277749334722,0.9967627124803997,0.0030965428182174117,20.53427352612145
58_t2,58,Siemens,1.5,t2,5,5,0.5384177126159595,31091.469232721196,48949.60024122482,4268.05748800999,0.08719289773515819,44204.63262348289,55268.03978231562,9222.126265228677,2941.715274747585,0.31898449339596424,143.81645305281393,35.95411326320348,3.2431076811755104,0.09020129789974834,1.005973966711084,0.9972650850807452,0.002655857669565876,21.106659607861804
59_t1,59,Philips,3.0,t1,5,5,1.2895374289553083,37846.634002409344,61968.721148447345,8313.825121481206,0.13416163779732146,47707.726721630585,70451.29835611535,11792.046065338922,2290.0592510784245,0.19420372328850843,135.75910759363316,33.93977689840829,0.7581752874188628,0.022338841227162565,1.009433081130825,0.9953201159190006,0.004491805073243779,20.432792282028856
59_t2,59,Philips,3.0,t2,5,5,1.2895374289553083,37846.634002409344,61968.721148447345,8313.825121481206,0.13416163779732146,47707.726721630585,70451.29835611535,11792.046065338922,2290.0592510784245,0.19420372328850843,135.75910759363316,33.93977689840829,0.7581752874188628,0.022338841227162565,1.009433081130825,0.9953201159190006,0.004491805073243779,20.432792282028856
5_t1,5,Siemens,1.5,t1,5,5,1.1329650715197204,31507.758638963423,42152.64526493411,2478.649352702916,0.05880175104372043,38240.97005900512,45541.7969798782,11645.747970151206,2566.4884491364965,0.22037987218292632,146.94893408206616,36.73723352051654,0.8666845128624995,0.023591447417467746,1.0031189968082246,0.9983708290402065,0.0016215598628572126,16.492026564692853
5_t2,5,Siemens,1.5,t2,5,5,1.1329650715197201,31507.758638963416,42152.64526493409,2478.649352702916,0.05880175104372044,38240.970059005114,45541.79697987819,11645.747970151204,2566.488449136496,0.22037987218292632,146.94893408206616,36.73723352051654,0.8666845128624995,0.023591447417467746,1.0031189968082246,0.9983708290402065,0.0016215598628572126,16.492026564692853
5_t2_SPACE,5,Siemens,1.5,t2_SPACE,5,5,0.19775390101131052,31327.381982607767,40675.011129511404,2222.9631469978976,0.05465181410571381,36935.28710748651,43840.45782299945,12568.407381894649,2675.906492906832,0.21290736460067286,146.97116668712692,36.74279167178173,0.7605264267755047,0.020698656584648818,1.0040771845536656,0.9979574041585325,0.0020319012007096555,17.326322533620935
60_t1,60,Philips,3.0,t1,5,5,1.0178901719555884,36353.94749139384,55819.87556183812,5456.824525620492,0.09775773361542767,46510.4556271667,61436.79710872345,8777.47053080743,3272.8369701108622,0.3728678961238048,138.6374761162301,34.65936902905752,3.0781783248822134,0.0888123012943931,1.01336781095208,0.9935416752210149,0.005761130247761949,18.95679405715098
60_t2,60,Philips,3.0,t2,5,5,1.0178901719555884,36353.94749139384,55819.87556183812,5456.824525620492,0.09775773361542767,46510.4556271667,61436.79710872345,8777.47053080743,3272.8369701108622,0.3728678961238048,138.6374761162301,34.65936902905752,3.0781783248822134,0.0888123012943931,1.01336781095208,0.9935416752210149,0.005761130247761949,18.95679405715098
61_t1,61,Siemens,1.5,t1,5,5,1.0025821614810886,27808.621413000954,50155.77675954982,2655.386852136412,0.05294279191141861,46384.46370092256,53503.79962959977,10283.485230311526,2700.5078605453314,0.26260628571579353,127.72604095003554,31.931510237508885,3.577133250555292,0.11202518214604683,1.0028246284818132,0.9987752759140243,0.0010360745429686983,15.284183158843348
61_t2,61,Siemens,1.5,t2,5,5,1.0025821614810893,28675.854982682114,50781.78906117866,2793.471847304184,0.055009323203221286,46572.94914728104,54256.738832872106,10205.283821716006,2632.9567556412685,0.25799936597927364,127.39408801508685,31.848522003771713,3.587904730670777,0.11265529779516531,1.0026687560860796,0.9988085595836447,0.0010384020441214982,15.887035083556603
61_t2_SPACE,61,Siemens,1.5,t2_SPACE,5,5,0.1917871362858636,27115.057115231684,51543.02302138939,2945.6345734946135,0.05714904560937822,46363.5812614261,54005.33970673633,11554.63795724168,2983.124481490686,0.2581755042892591,127.3416610796488,31.8354152699122,3.712797379157696,0.11662475101013299,1.003274641564978,0.9986301717849917,0.0011258053401545036,15.199821524733357
62_t1,62,Siemens,1.5,t1,5,5,3.6750000618478094,47635.3508016713,42587.37071671715,2509.0564417213873,0.05891550474931029,39344.55066214265,45492.825765614034,12099.570203627727,1894.2871146893772,0.15655821511093235,137.35351544305468,34.33837886076367,2.8918586071560926,0.08421651525490155,1.016979288400216,0.9913799155805244,0.008617469331627662,18.727103816614434
62_t2,62,Siemens,1.5,t2,5,5,2.5520835153607226,51881.30578376813,41735.752976803116,2175.2428101856494,0.05211940973952614,38375.679820479185,44013.23230591102,11344.011225778413,1730.746950080798,0.1525692205018103,138.22716464275692,34.55679116068923,2.64310990080334,0.07648597604195562,1.0162471829407949,0.9916251657996189,0.008365314904969954,18.76215182629011
63_t1,63,Philips,1.5,t1,5,5,1.1369511839787356,28190.704606752748,49877.82105091034,7476.601477046938,0.14989831792001426,35636.59791062949,55816.344475068065,8634.234681371314,694.680485634056,0.08045652119380717,124.37299184012214,31.093247960030535,1.3464758167176714,0.04330444405320817,1.0178646615837346,0.9921818453877422,0.006866089541293472,17.544283391353378
63_t2,63,Philips,1.5,t2,5,5,1.1369511839787356,28190.704606752748,49877.82105091034,7476.601477046938,0.14989831792001426,35636.59791062949,55816.344475068065,8634.234681371314,694.680485634056,0.08045652119380717,124.37299184012214,31.093247960030535,1.3464758167176714,0.04330444405320817,1.0178646615837346,0.9921818453877422,0.006866089541293472,17.544283391353378
64_t1,64,Siemens,1.5,t1,5,5,3.6750000417232265,24280.725275665358,31242.64535470584,4922.61151167007,0.15756065005963443,22917.30026018604,36463.35041397785,8469.405096155348,3282.2705692818995,0.387544406250195,141.12028609892556,35.28007152473139,0.5817487549260066,0.016489443750651124,1.0051054563143533,0.9978589546669484,0.002138891223129481,13.878918498542333
64_t2,64,Siemens,1.5,t2,5,5,3.6750000417232265,26243.17529794556,30364.320344733987,4715.648931592836,0.15530230474632242,22961.400260686718,35144.02539899921,8566.425097256842,3196.6349426429633,0.3731585703897179,142.0015416689447,35.500385417236174,0.7275160585310751,0.020493187608544978,1.0066433452752799,0.9970784085152635,0.0028937248475538993,15.251219124256604
65_t1,65,Siemens,1.5,t1,5,5,1.6224040657008776,28620.83012302918,41167.52972472035,2859.055223897752,0.06944927818151163,37112.49300290758,44371.1287928533,5794.902841870395,981.1724634553138,0.1693164648708114,120.51903517163453,30.129758792908632,1.2816114896274786,0.042536400587751134,1.0233343855750432,0.9881640785547365,0.011329575772035904,11.91406771514289
65_t2,65,Siemens,1.5,t2,5,5,1.6224040657008776,27329.396486731282,42773.70974976422,3075.24362103366,0.07189564896345264,38207.615747255666,46193.08855863538,6120.357097449991,753.3984716064114,0.12309714279912037,120.25790975259349,30.064477438148373,1.2790262916631963,0.04254277475118389,1.0221293837787173,0.9885960297724508,0.011082431176520566,12.204206235554185
65_t2_SPACE,65,Siemens,1.5,t2_SPACE,5,5,0.21769388533697176,29664.057285442457,39238.93098299555,3491.4093855998585,0.08897819838957599,34245.425102359026,42825.17651125976,5660.302251423671,632.4592140468104,0.111735943763027,120.86097911081049,30.215244777702623,1.3815089916047885,0.04572225053176716,1.0271086999131163,0.9866232710098114,0.012831065010495376,13.071921426906739
66_t1,66,Philips,1.5,t1,5,5,1.0813750182843291,29932.46050611023,35500.6767502599,3995.296055731714,0.11254140544524871,29726.999252636208,40227.150680177045,5297.439939571271,1735.4919446477597,0.3276095556428745,122.81681482185769,30.704203705464423,1.9509441861587213,0.06353997012505204,1.0046636033413847,0.9975579908921667,0.0024314469599679795,11.57998169208313
66_t2,66,Philips,1.5,t2,5,5,1.081375010812524,34565.07084561152,34918.24792414288,4061.249664068526,0.11630737237708112,29300.93729297615,39360.96901856506,5238.396827378028,1621.397896742455,0.30952177740112374,123.05326054526003,30.763315136315008,2.0154769271299675,0.06551559603375672,1.005645081313878,0.997180339947194,0.002809466842816642,11.151696020494729
67_t1,67,Siemens,3.0,t1,5,5,1.1744763571102654,34445.042601329864,34572.1209431692,3961.8180041476016,0.11459574640098506,29018.96183148044,38953.857336276174,7686.008176200999,1431.3014107958847,0.18622168725083782,143.53704811428253,35.88426202857063,0.5097636298125009,0.014205771583281636,1.017777496242954,0.9907165196031608,0.00918292853754518,14.78400764962275
67_t2,67,Siemens,3.0,t2,5,5,1.4494544832176581,34388.30761433894,34626.59793137992,3880.4908037169525,0.11206676472828729,29174.619838205024,38964.23541785708,7639.204908350344,1485.792685429013,0.19449572347573854,143.4299738672978,35.85749346682445,0.5336527305447182,0.014882599951902846,1.0180005860956858,0.9906577341747349,0.009267944871140552,14.796429311915098
68_t1,68,Siemens,1.5,t1,5,5,3.675000086688085,18536.7004372547,42639.55600580717,4341.170816719856,0.10181088227392945,37363.72588135776,47253.151114635395,6486.37515300447,916.7574809620033,0.1413358708580653,114.43387909137746,28.608469772844366,2.069426509228983,0.07233614819878681,1.0181106449383301,0.9901786872948438,0.009784077344724366,13.772010579553221
68_t2,68,Siemens,1.5,t2,5,5,2.552083532610893,19023.230652081595,44601.23264932101,3574.711921995072,0.08014827639633613,38980.52387709878,47726.514143356304,6902.36512229942,943.7791235599298,0.13673271506760334,115.02970480478123,28.757426201195308,1.9584966038958282,0.06810402955374438,1.018715425343393,0.9901452043589036,0.009607583732649532,14.32387966532336
69_t1,69,Siemens,1.5,t1,5,5,1.1329650743607413,40869.44912741502,39469.10429550514,3516.120921476275,0.08908539943422789,34514.64802532562,44233.222433192066,10019.716524631523,1677.362563772218,0.16740618955124614,134.36161609115166,33.590404022787915,1.5385986316744096,0.04580470751797495,1.0037587012877833,0.9980476148726627,0.001868623275897142,16.673263342052923
69_t2,69,Siemens,1.5,t2,5,5,1.1329650743607413,40869.44912741502,39469.10429550514,3516.120921476275,0.08908539943422789,34514.64802532562,44233.222433192066,10019.716524631523,1677.362563772218,0.16740618955124614,134.36161609115166,33.590404022787915,1.5385986316744096,0.04580470751797495,1.0037587012877833,0.9980476148726627,0.001868623275897142,16.673263342052923
69_t2_SPACE,69,Siemens,1.5,t2_SPACE,5,5,0.19775390101131052,40570.992577579455,40571.98134708451,3908.792566131171,0.0963421661045414,35228.47318785789,44887.56472885434,10107.083228347474,1594.4135539077158,0.15775209502933968,134.0438826886658,33.51097067216645,1.4652196659480765,0.043723581757214185,1.004059777384724,0.9979184959709615,0.0020498020640875862,16.078581596521424
6_t2,6,Siemens,1.5,t2,5,5,2.5779133390163773,41690.014518572854,30748.834725119545,2501.003995280698,0.08133654551915624,26521.57243180049,33634.035334146676,8193.639756729655,1944.4027181576887,0.2373063468601605,143.40778277659882,35.851945694149705,1.120865058725593,0.0312637162927672,1.0038450594292176,0.9981957431251883,0.0017001163230487542,16.15424945992091
71_t1,71,Siemens,1.5,t1,5,5,3.6750000417232283,26044.72529569252,39161.535444611065,4022.7809458575157,0.10272275844616001,31781.400360822478,43059.97548887107,4635.64505262968,1992.9448988334866,0.4299174928638984,120.78892665995221,30.197231664988053,2.8275646584338925,0.09363655217813527,1.0125618420788804,0.9937698612749729,0.006031255520297545,14.438576547750737
71_t2,71,Siemens,1.5,t2,5,5,2.5520835013852943,29139.68941881729,39329.648423148494,3770.8435495992285,0.09587788604232221,32332.345879050292,42788.231984225844,4563.125300476907,1775.6376580060085,0.3891275257816021,121.4810059832688,30.3702514958172,2.6982133173550733,0.08884395697963482,1.0120946675295166,0.9939685513088851,0.005853055625197157,14.971977650596378
72_t1,72,Siemens,1.5,t1,5,5,2.339409906209067,23312.219715373354,39310.97618195593,4683.174562499645,0.11913147465031056,32800.86629495733,45646.56608995132,10862.815958491181,1830.537411713541,0.1685140776303641,118.56593385415371,29.641483463538428,1.9527255152709515,0.06587813048132263,1.0110901658911213,0.9963085114385899,0.00327564366580538,14.232663844478491
73_t1,73,Siemens,1.5,t1,5,5,3.810705230096277,30165.54260144213,55402.31905827774,3764.293709743859,0.06794469570460031,48563.627452346955,59100.22741356316,12141.66900413276,3234.761662071911,0.2664182050236148,139.4734632428193,34.86836581070482,0.3265605190608987,0.009365524063666971,1.014359358076264,0.9928787911841928,0.007076905398801197,15.893308172086394
73_t2,73,Siemens,1.5,t2,5,5,2.6664117671705423,30245.10867501546,55229.38693340345,3812.6872584920407,0.06903366975790343,48408.7056329812,59058.354231060344,12125.240870031326,3186.928807949642,0.2628342679629925,139.3398873986144,34.8349718496536,0.3866068432997959,0.011098239004422802,1.0140380329481349,0.9930457837869704,0.0069064992233768135,15.815938899990693
74_t1,74,Philips,3.0,t1,5,5,1.2895374613738855,18262.429527976965,31642.670227192408,2986.7962583568356,0.09439140998252751,26841.722258497426,35488.07093700933,6959.11786405031,763.8589493327847,0.10976376090405911,124.3449996196721,31.086249904918024,1.0173473806857072,0.03272660368482584,1.0181455711528418,0.9908671691105998,0.00911374922397507,14.67784239566311
74_t2,74,Philips,3.0,t2,5,5,1.2895374613738855,18262.429527976965,31642.670227192408,2986.7962583568356,0.09439140998252751,26841.722258497426,35488.07093700933,6959.11786405031,763.8589493327847,0.10976376090405911,124.3449996196721,31.086249904918024,1.0173473806857072,0.03272660368482584,1.0181455711528418,0.9908671691105998,0.00911374922397507,14.67784239566311
75_t1,75,Philips,3.0,t1,5,5,1.253794739151739,40857.40916473772,31294.716689227404,4656.428713724453,0.1487928061456884,24111.726628627093,36564.41597788216,5847.698663403711,1704.3906938483224,0.2914634956337276,135.99713292268703,33.99928323067176,0.8040860362805051,0.02365008788053259,1.0056190187867073,0.9968624786953687,0.003103516867809047,14.921638950363757
75_t2,75,Philips,3.0,t2,5,5,1.253794739151739,38458.89982874044,31068.030600388774,4874.410068876583,0.15689472344010072,23723.050259490054,36930.524041714474,6319.877762168256,1725.1134178871362,0.2729662634005243,136.2253190271569,34.056329756789225,0.8737806762069442,0.025656924349951527,1.005401023968366,0.9969836119467324,0.002998496297435908,13.59134205272532
77_t1,77,Siemens,1.5,t1,5,5,2.339409837033591,39007.3196226981,40809.13307918138,2375.2471275721105,0.05820381243981469,37110.05824486386,44079.160149386924,8296.483046055928,1802.933607242679,0.21731299843971563,152.13722763174778,38.034306907936944,1.4251943860298626,0.03747128584410868,1.0071115862523992,0.9966174950489874,0.003362829006600822,14.478449315379873
78_t1,78,Siemens,1.5,t1,5,5,1.132965122678803,33507.44350322559,41107.82673220408,3100.319641207004,0.07541920572459254,35741.650725148196,43758.5119332234,8475.485489735587,2462.178134674337,0.2905058521610601,141.88503027395618,35.471257568489044,0.6287012342164863,0.017724244284335555,1.016791181888415,0.9914741921128414,0.008510690438646048,15.012627677428371
78_t2,78,Siemens,1.5,t2,5,5,1.132965122678803,33507.44350322559,41107.82673220408,3100.319641207004,0.07541920572459254,35741.650725148196,43758.5119332234,8475.485489735587,2462.178134674337,0.2905058521610601,141.88503027395618,35.471257568489044,0.6287012342164863,0.017724244284335555,1.016791181888415,0.9914741921128414,0.008510690438646048,15.012627677428371
78_t2_SPACE,78,Siemens,1.5,t2_SPACE,5,5,0.19775390101131052,33960.47517457337,42101.726423747605,4106.5632652199265,0.09753907058081132,35481.400427251356,46847.89914957946,8542.573015886592,2428.137886142794,0.2842396408701681,141.4072579527565,35.35181448818913,0.7468895418843906,0.02112733257677404,1.0172551223823085,0.9911795614438788,0.008802678436928576,14.735327166596326
7_t1,7,Siemens,1.5,t1,5,5,1.1329650715197201,34591.689563640095,49567.90165803066,6742.41282749549,0.1360237694549075,40058.246033722746,58010.07759195271,11732.533094629614,1670.5142720633671,0.142383086294299,145.0469989980737,36.26174974951842,2.346435528963103,0.06470828200986813,1.0014656499079018,0.9992528736678932,0.0007085557054949159,16.536610100939345
7_t2,7,Siemens,1.5,t2,5,5,1.1329650715197301,33012.336253941896,47254.38698198782,6268.002863468525,0.13264382978574518,39487.231637677156,56148.61597944631,10255.373234382292,2115.0063048705138,0.20623396696862453,145.47266424267843,36.36816606066961,2.0822199059835365,0.057253915485041613,1.002121516181467,0.9989480353499113,0.0009834362300411197,16.962834693009768
7_t2_SPACE,7,Siemens,1.5,t2_SPACE,5,5,0.19775390101131052,33362.665131816175,48402.04705762735,7473.290601020319,0.15440030030388258,39649.65715276776,60303.27232829004,10345.020722044283,1986.1185314251115,0.19198787366301515,145.19489901556932,36.29872475389233,2.223965414256658,0.06126841726080697,1.0025942252527111,0.9987011353519522,0.0012215687391396379,16.573768208378596
80_t1,80,Philips,3.0,t1,5,5,1.401233307870906,29466.535231217284,34336.101222730256,5887.841861182113,0.17147671551260465,25356.717939231916,41350.39491527044,6199.896894005611,1773.6187962323231,0.2860723051615829,124.50272892731982,31.125682231829956,0.486985740220243,0.0156457852583947,1.0005906490140668,0.9998163113839709,0.00017466479892434207,14.080215995120263
80_t2,80,Philips,3.0,t2,5,5,1.4012333078709067,31075.1510686531,34337.22220937657,5888.066059592745,0.17147764672661475,25356.717939231927,41350.39491527046,6213.0684870996,1790.9456670033687,0.28825461536790853,124.50253492349091,31.125633730872728,0.48724577744556963,0.01565416407770303,1.000589089864169,0.999816725352878,0.00017432269002762944,14.016819778130479
81_t1,81,Siemens,1.5,t1,5,5,0.9036274523427217,33830.908188259156,40493.534119872515,3691.3695021253625,0.09115947971342403,34111.032698485404,45107.27516604398,8039.392718002727,2127.585830028309,0.2646450925657576,140.56654682591164,35.14163670647791,3.294804539096088,0.09375785671612537,1.0045628952301935,0.9976018095613871,0.00232837618721196,14.838101846578493
81_t2,81,Siemens,1.5,t2,5,5,0.9036274523427217,33310.418775709746,40619.319061238624,4034.540419197987,0.09932565371456425,33724.28014888272,45963.01036341254,7518.903305453318,2213.2531086301547,0.29435850132890046,139.993851320129,34.99846283003225,3.623215893324301,0.10352500082418511,1.004883386802945,0.9975406758452071,0.0024334162850790575,14.843307582227478
81_t2_SPACE,81,Siemens,1.5,t2_SPACE,5,5,0.18709065084047335,34502.13528409506,40168.92400740215,4875.949451103224,0.12138611057156289,31951.1542598852,45293.711115224396,7509.070362133239,2057.5800068652547,0.2740126150956349,139.81887131589482,34.954717828973706,3.745442609090258,0.1071512757567074,1.006843795027613,0.9965242012050232,0.003460640431705721,14.778572164959519
82_t1,82,Siemens,1.5,t1,5,5,3.1687501259148214,40021.31409030419,60817.82116668316,4538.878568559495,0.07463073292480847,54435.95841309072,67966.52145074701,6904.706524368396,1524.0627426809594,0.22072809862405735,131.30156083292619,32.825390208231546,2.091268123457016,0.06370885799653324,1.0103158169055582,0.9949793507928287,0.004363305773423966,17.199608209766925
82_t2,82,Siemens,1.5,t2,5,5,2.2005207916307814,38896.40551286569,60843.95978443278,4060.4696081737216,0.06673578811372188,54920.597917521045,66920.0377942837,7238.833196148618,1536.2759673404314,0.21222701583423675,131.45407517691584,32.86351879422896,2.2445549704067007,0.06829928908284948,1.0096464445246585,0.9952822640315631,0.004290165065923916,17.13500967073309
83_t1,83,Philips,3.0,t1,5,5,1.172061492991758,20804.091500603707,44621.78751198782,5271.377929497818,0.11813462040447485,35832.26396374403,49798.54871423382,6487.360363709381,1992.3305138270844,0.3071095795714203,126.2181098943193,31.554527473579824,0.9483331351722494,0.030053789776008397,1.0136217570695152,0.9933693522051281,0.006332868008140376,13.146630066399467
83_t2,83,Philips,3.0,t2,5,5,1.172061492991758,20804.091500603707,44621.78751198782,5271.377929497818,0.11813462040447485,35832.26396374403,49798.54871423382,6487.360363709381,1992.3305138270844,0.3071095795714203,126.2181098943193,31.554527473579824,0.9483331351722494,0.030053789776008397,1.0136217570695152,0.9933693522051281,0.006332868008140376,13.146630066399467
85_t1,85,Siemens,1.5,t1,5,5,4.2187500478965605,24316.875276075774,42927.46923736666,4491.380923571879,0.10462720033032624,36230.62541133566,48169.688046882926,6477.468823540379,1547.191365899597,0.23885740063723707,116.63609569775085,29.15902392443771,1.6596178073876502,0.05691609608361242,1.0255820170947099,0.9868093740083935,0.012562264995556816,17.72749966362022
85_t2,85,Siemens,1.5,t2,5,5,2.9296875332615007,27208.008121399558,43353.51611720369,4368.537626371816,0.10076547458253976,37034.18010795863,48187.50054708516,6223.2422581540795,1335.166836448564,0.21454521309999547,116.73268613346978,29.183171533367446,1.7786630332509192,0.0609482431070671,1.0262010591195836,0.986393105469751,0.013061865550520598,17.33993040840998
86_t1,86,Philips,3.0,t1,5,5,1.3637601516568756,27152.464619488394,42406.39466780088,7707.125766663682,0.18174442385491668,30210.01487950311,50884.61877862134,7829.892534722787,1273.8748017474945,0.16269377850312927,126.66509474193981,31.666273685484953,1.2722564787000783,0.04017701897407808,1.0077769042837557,0.9967687932176592,0.003225441652820768,14.835451936292943
86_t2,86,Philips,3.0,t2,5,5,1.3637601516568756,27152.464619488394,42406.39466780088,7707.125766663682,0.18174442385491668,30210.01487950311,50884.61877862134,7829.892534722787,1273.8748017474945,0.16269377850312927,126.66509474193981,31.666273685484953,1.2722564787000783,0.04017701897407808,1.0077769042837557,0.9967687932176592,0.003225441652820768,14.835451936292943
87_t1,87,Philips,3.0,t1,5,5,1.5114486360981358,45307.18431567772,57932.31477300545,5470.931398702896,0.09443660969080024,48369.379252412546,63627.453233823224,13270.51902494163,1953.8982381509113,0.14723600745973878,144.0404948788642,36.01012371971605,0.529669775819796,0.014708912969654542,1.032174549823906,0.9828457713995993,0.016588679382972503,14.33401491750506
87_t2,87,Philips,3.0,t2,5,5,1.5114486360981358,45307.18431567772,57932.31477300545,5470.931398702896,0.09443660969080024,48369.379252412546,63627.453233823224,13270.51902494163,1953.8982381509113,0.14723600745973878,144.0404948788642,36.01012371971605,0.529669775819796,0.014708912969654542,1.032174549823906,0.9828457713995993,0.016588679382972503,14.33401491750506
88_t1,88,Siemens,1.5,t1,5,5,2.462896395762709,29737.01108243895,43945.95296887316,3214.662497020575,0.07315036493343345,38201.98599467538,47105.356465357574,5879.426275964739,1140.499643731359,0.19398145162458347,129.74920440703778,32.437301101759445,2.02088558412753,0.062301286342775125,1.0075166651423506,0.9967996462835746,0.003120424765566551,13.951911490456844
88_t2,88,Siemens,1.5,t2,5,5,1.608371113961503,29759.69072162969,43978.01304327217,3230.920522014849,0.07346672344736868,38174.68838987627,47167.09128803504,5871.841262850655,1141.4311437570786,0.194390667707345,129.73185537955283,32.43296384488821,2.0330945489409915,0.06268605480104557,1.0075468418570606,0.9967654663621993,0.0031574927170019257,13.969734981482166
89_t2,89,Siemens,1.5,t2,5,5,2.3697915544940065,30918.6704114833,27152.12371477053,2717.233460827008,0.10007443577420265,22358.983316650952,29793.01942309865,6819.786135522851,1148.7828485426458,0.16844851520473264,127.82913815086641,31.957284537716603,0.8379533596411609,0.026221043864105294,1.0070039798135966,0.9966493549237126,0.003343277816344865,11.800143733209199
8_t1,8,Siemens,1.5,t1,5,5,2.339409808149759,33610.30071368759,30015.095720523037,3262.352532308726,0.10869039241737513,24977.878521614977,33722.592384478776,5725.471564465721,629.2822793208875,0.10990924891260197,127.50170782034887,31.875426955087217,1.6613545323115204,0.05212022837066261,1.010627260398637,0.9941361694449649,0.005858862956148818,11.541996548794451
8_t2,8,Siemens,1.5,t2,5,5,2.339409808149759,32496.7416450083,30015.095720523037,3262.352532308726,0.10869039241737513,24977.878521614977,33722.592384478776,5852.267576067437,728.9183520250717,0.12455314842505626,127.50170782034888,31.87542695508722,1.6613545323115138,0.052120228370662394,1.010627260398637,0.9941361694449649,0.005858862956148779,11.862131418556508
90_t1,90,Siemens,1.5,t1,5,5,3.9990976513465326,27365.82522816432,45407.354372449074,2464.2160658832777,0.054269095831278855,41262.68956659352,47973.175425553,7901.41713953048,976.7542024431801,0.12361759734928018,138.30555167493873,34.57638791873468,1.3483348364141565,0.03899582685106278,1.0044718746212071,0.9976260102652096,0.0023663798776812715,16.458097293437948
90_t2,90,Siemens,1.5,t2,5,5,2.900717154985376,31606.214120720655,45761.13369361829,2370.3750460637566,0.05179887067339684,41877.65356652387,48227.32341878686,8416.140753474569,985.3059432097585,0.11707336795703888,138.46583990248575,34.61645997562144,1.5010019730827577,0.04336093217330238,1.0044865595588217,0.9977003993311891,0.002276602996602593,16.42694636159298
91_t2,91,Siemens,1.5,t2,5,5,2.2005207291730184,31346.417787069648,35651.95664576958,2332.65975442971,0.06542866013236054,31830.53234748771,38018.39663792224,7990.970975918899,1459.6680167837246,0.18266466255258476,132.86448254886358,33.216120637215894,0.639389270028744,0.019249366204202714,1.0032042624299007,0.9985055019847531,0.0014578317628245712,15.606603912801592
93_t1,93,Siemens,1.5,t1,5,5,3.479293451031154,41236.58598162124,61252.96120540347,6102.026475656697,0.09962010579691619,52533.851817119394,68103.69001048381,8728.85140994696,2456.567848705929,0.2814308244388887,137.99786082328043,34.49946520582011,3.6105445197467345,0.10465508662834665,1.0128238314213993,0.9944814951570073,0.004356960260185633,19.16747701305584
93_t2,93,Siemens,1.5,t2,5,5,2.1697079202947944,41393.68770338409,61703.021720511475,6037.575178020945,0.09784893850691138,52982.097705678585,68445.60605361959,8783.845544521446,2539.0984479998133,0.28906456006429543,138.09188656305386,34.522971640763465,3.6032346068289334,0.10437208720973386,1.0127937968352851,0.9944985816363381,0.004322847587789908,19.264709600368914
94_t1,94,Philips,3.0,t1,5,5,1.1380480777316917,28818.79147239963,39467.052116503975,4898.659948810147,0.12412023918963205,30993.601348944892,43745.4300599285,9594.200514509255,956.7798622130429,0.09972481404428749,143.98404079699688,35.99601019924922,1.0819629888412003,0.030057858714124024,1.0224970554895894,0.9886741277158693,0.011228331559553894,16.86263650113816
94_t2,94,Philips,3.0,t2,5,5,1.1380480777316917,28818.79147239963,39467.052116503975,4898.659948810147,0.12412023918963205,30993.601348944892,43745.4300599285,9594.200514509255,956.7798622130429,0.09972481404428749,143.98404079699688,35.99601019924922,1.0819629888412003,0.030057858714124024,1.0224970554895894,0.9886741277158693,0.011228331559553894,16.86263650113816
95_t1,95,Philips,3.0,t1,5,5,1.2895373965367318,39321.863832594565,41494.73434575896,3640.1765505027142,0.08772622859012869,35475.17377872549,45068.04247156224,7154.869290944403,1303.6850880782918,0.18220949049737464,148.44707321921916,37.11176830480479,0.8974882398440708,0.02418338658704858,1.0072045533253553,0.9962481164060826,0.0037244745746344023,18.724495904480523
95_t2,95,Philips,3.0,t2,5,5,1.2895373965367318,40661.693187596225,43565.98931207626,4039.966467461153,0.09273211813283203,36259.212515819825,48077.822755078974,7861.277876767225,1216.219427736027,0.15471014341451697,148.0387082143184,37.0096770535796,0.8345440251919929,0.022549346323228053,1.0072433919414807,0.9964074616495787,0.003588937930767901,15.825043733645206
96_t1,96,Siemens,1.5,t1,5,5,2.3394099293487205,32899.121836431055,45516.96323136632,4469.292537504743,0.09818960273748881,39744.235289705415,51410.872607367484,8863.088458330563,1668.3917162316388,0.18824044508587634,133.92110838182094,33.480277095455236,1.9102505321261376,0.0570559952858169,1.0119101919089055,0.9942127741602965,0.005773147997888434,15.040093655785709
96_t2,96,Siemens,1.5,t2,5,5,2.3394099293487205,38497.329797362545,45248.39897147708,3946.282482184961,0.08721374837312038,40665.96280186881,51006.154689590156,8457.434776581493,1779.4656080012066,0.21040252216056335,134.39015141998308,33.59753785499577,1.992117978279301,0.059293570465702564,1.0122471492221004,0.993479428476615,0.006460887150578426,15.549495602276865
97_t2,97,Siemens,1.5,t2,5,5,2.603038011994124,28167.474327788415,52100.32641766479,3532.343644377841,0.067798877420856,46068.566736272005,55751.86814089015,9051.804382908367,2125.2243009494046,0.23478460327338235,129.55736512916496,32.38934128229124,1.7195870002875295,0.05309113838717392,1.0289327028894113,0.9847459557634083,0.014740722005166438,17.754702372606463
98_t1,98,Siemens,1.5,t1,5,5,1.1329650715197204,28767.11613095722,33400.263494429964,3571.360281535438,0.10692611099104114,27560.508329788718,38102.748320279716,7265.025224613055,1102.173344660733,0.1517095000478042,132.40752411660216,33.10188102915054,1.9193516397739414,0.05798315926770751,1.006015729451015,0.9970200335931836,0.0029379023468576763,14.04243172006096
98_t2,98,Siemens,1.5,t2,5,5,1.1329650715197201,27127.71567246818,34164.78832469146,3459.049008119793,0.10124602486179847,27994.433952180763,37707.343510319326,7281.566514657241,1298.2480600431,0.1782924124128819,131.52582530651017,32.88145632662754,1.9222719392837218,0.05846066914399584,1.0057362640321676,0.9972039650585304,0.002762406581251563,13.288911366539873
98_t2_SPACE,98,Siemens,1.5,t2_SPACE,5,5,0.19775390101131052,26015.316693641944,29478.1457034708,2756.43689439894,0.09350781158783651,25257.12823716458,33361.67636231112,6516.267893784097,1457.0847780405918,0.22360725522511324,132.47065465669488,33.11766366417372,1.9002386150721426,0.057378401880679684,1.0072248928947585,0.9963913711514045,0.003592653500593892,14.751172222298772
99_t2,99,Philips,3.0,t2,5,5,0.8425332673017383,43601.09658286496,41027.66297121853,3925.060409320878,0.09566863245596909,34222.01625126201,44816.87208758137,7175.687330955445,1215.034678836283,0.16932659169731423,134.18743577916658,33.546858944791644,2.51719649000254,0.07503523635834616,1.0037876576041684,0.9983170136379732,0.001446462865658272,13.770529740506747
9_t1,9,Siemens,1.5,t1,5,5,2.2264531603343296,30760.6768631791,47930.63834504538,4414.844385832754,0.09210902542233967,39849.05866366383,51428.841550562676,7566.823710712252,1688.9965831478537,0.22321077478741358,134.38633706916767,33.59658426729192,1.535489233666919,0.04570373051768243,1.0047896376858128,0.9977913545514188,0.0020173290300472776,14.903893046698734
9_t2,9,Siemens,1.5,t2,5,5,1.4106072612007101,33713.51354269697,47740.02790517235,4570.381336288673,0.09573478560521535,39169.74242902132,52069.74583270181,7647.74832732577,1591.780786624138,0.20813718214766944,134.40426166439414,33.601065416098535,1.4811176357058013,0.04407948430695255,1.0043868375996272,0.9980013188861356,0.0018258615822785524,14.45806998830302
