series,patient,vendor,field,sequence,spec_lambda2,spec_lambdamax,spec_gap,spec_entropy,spec_mean,connected,n_nodes,relvol_mean,relvol_std,relvol_max,rel_spacing_cv,rel_tortuosity,rel_canal_vol,rel_disc_vert
100_t1,100,Philips,1.5,t1,0.31068087418353724,2.0000000000000004,1.6893191258164633,2.665063216149552,1.0,1,17,0.6333320379791846,0.4707355683953535,1.3369025207067602,0.06381457960656754,1.033251809021271,0.16711281508834502,0.17871776561742234
100_t2,100,Philips,1.5,t2,0.31068087418353724,2.0000000000000004,1.6893191258164633,2.665063216149552,1.0,1,17,0.6333320379791846,0.4707355683953535,1.3369025207067602,0.06381457960656754,1.033251809021271,0.16711281508834502,0.17871776561742234
101_t1,101,Siemens,1.5,t1,0.37586509150060426,2.0,1.6241349084993957,2.373811436422657,0.9999999999999999,1,13,0.6234876889403809,0.4001367462872657,1.1688537533605845,0.05124249154697376,1.0168925673481446,0.1422489181166735,0.20864107458748513
101_t2,101,Siemens,1.5,t2,0.37550113249300376,2.000000000000001,1.6244988675069971,2.373635338276838,1.0000000000000002,1,13,0.6231124977596613,0.4008934611044105,1.1677495195793415,0.05163100484654027,1.016940928933395,0.14269021490465497,0.20738686357461122
104_t1,104,Siemens,1.5,t1,0.33224525230475244,2.000000000000001,1.6677547476952483,2.532827063285758,1.0000000000000002,1,15,0.640774526678141,0.43115562128065743,1.210068846815835,0.06609547946159224,1.006331575393201,0.16450700762232603,0.20858126383083356
104_t2,104,Siemens,1.5,t2,0.33193208412463987,1.9999999999999996,1.6680679158753597,2.5326268240883367,1.0000000000000002,1,15,0.6460935367401441,0.43897046638170595,1.241335933608557,0.07170478020980862,1.0068980297457573,0.17733370480122243,0.2071524453562292
105_t1,105,Philips,3.0,t1,0.333550134524637,2.0000000000000013,1.6664498654753643,2.5323005040791795,1.0,1,15,0.6592470136785918,0.43858272187434183,1.343675561132861,0.05523336582367265,1.0103608371937662,0.19195365159040872,0.2207185205780025
105_t2,105,Philips,3.0,t2,0.333550134524637,2.0000000000000013,1.6664498654753643,2.5323005040791795,1.0,1,15,0.6592470136785918,0.43858272187434183,1.343675561132861,0.05523336582367265,1.0103608371937662,0.19195365159040872,0.2207185205780025
106_t1,106,Siemens,1.5,t1,0.332960998954281,1.9999999999999996,1.6670390010457186,2.53037090191113,1.0,1,15,0.6119921606017267,0.4231701195451583,1.1900524392181788,0.04030481067337339,1.0085998316625049,0.13085590187131582,0.18055587084667013
106_t2,106,Siemens,1.5,t2,0.3328547137104991,2.0000000000000018,1.6671452862895026,2.530584361705661,0.9999999999999999,1,15,0.60949112223247,0.42218629031542154,1.1877636492840835,0.04035498895251108,1.0086512765715734,0.12635510062141853,0.17969730416244575
107_t1,107,Siemens,1.5,t1,0.3350164930895704,1.9999999999999998,1.6649835069104295,2.5324440464598412,0.9999999999999998,1,15,0.6308295670471303,0.4481980920149215,1.2586342382550482,0.1409572830435778,1.0194850766926695,0.1196528504382785,0.23212479323414362
107_t2,107,Siemens,1.5,t2,0.3350164930895704,1.9999999999999998,1.6649835069104295,2.5324440464598412,0.9999999999999998,1,15,0.6308295670471303,0.4481980920149215,1.2586342382550482,0.1409572830435778,1.0194850766926695,0.1196528504382785,0.23212479323414362
107_t2_SPACE,107,Siemens,1.5,t2_SPACE,0.3323017398597449,1.999999999999999,1.667698260140254,2.5315075248093324,0.9999999999999996,1,15,0.6235498814529875,0.45895100938658867,1.4001655787937988,0.1447801275317053,1.0216279291198778,0.11476571970885248,0.2214125976904066
108_t1,108,Siemens,1.5,t1,0.34922551729124396,2.000000000000001,1.650774482708757,2.530952071222303,0.9999999999999998,1,15,0.6937067182727151,0.46998335216740056,1.4210825886504637,0.1343037525592633,1.0041220869990894,0.20301179837863767,0.28350259792003774
108_t2,108,Siemens,1.5,t2,0.347748911097385,2.0,1.652251088902615,2.5298903484176978,1.0000000000000002,1,15,0.7090712456841892,0.4944815046841986,1.641000267668124,0.12982133524699727,1.0091774443211745,0.23442860966687484,0.28500977394210253
109_t1,109,Philips,3.0,t1,0.3542703660790779,1.9999999999999991,1.6457296339209213,2.5362323850591073,1.0,1,15,0.5969837963988716,0.46245070283249423,1.2387557052333051,0.12249910466123351,1.018043450399452,0.12689831549228012,0.15235267679101594
109_t2,109,Philips,3.0,t2,0.3542703660790779,1.9999999999999991,1.6457296339209213,2.5362323850591073,1.0,1,15,0.5969837963988716,0.46245070283249423,1.2387557052333051,0.12249910466123351,1.018043450399452,0.12689831549228012,0.15235267679101594
10_t1,10,Siemens,3.0,t1,0.3656556721008976,2.0,1.6343443278991023,2.5370741299831248,1.0000000000000002,1,15,0.6097818907134243,0.4408716296695061,1.2182785972724741,0.04888034549561187,1.0188423362829826,0.1467353186752018,0.15994016142499307
10_t2,10,Siemens,3.0,t2,0.36576053583164775,2.0000000000000004,1.6342394641683526,2.5370723001614452,1.0,1,15,0.6097643710180521,0.44088056586450114,1.2166369145754925,0.048616174460071035,1.0188836218164272,0.14677256137079442,0.15986537652503152
110_t1,110,Siemens,1.5,t1,0.36288392488369764,1.9999999999999991,1.6371160751163014,2.5351689526903227,1.0,1,15,0.703328503017649,0.5136499105806741,1.7892112561937117,0.15112827993249814,1.0064006959659695,0.25560160802767307,0.25153089843871734
110_t2,110,Siemens,1.5,t2,0.36288392488369764,1.9999999999999991,1.6371160751163014,2.5351689526903227,1.0,1,15,0.703328503017649,0.5136499105806741,1.7892112561937117,0.15112827993249814,1.0064006959659695,0.25560160802767307,0.25153089843871734
110_t2_SPACE,110,Siemens,1.5,t2_SPACE,0.3599452258743195,1.9999999999999993,1.64005477412568,2.5341899643972603,0.9999999999999998,1,15,0.6966280646830251,0.5111599822414057,1.7348960743756638,0.14900355077130298,1.0076493446337722,0.24784229633938057,0.24493212798138758
112_t1,112,Philips,3.0,t1,0.37227843074911177,1.9999999999999978,1.627721569250886,2.378290582107323,0.9999999999999998,1,13,0.6935026932205403,0.5214412359031204,1.7630246800882974,0.07267589308499715,1.0041282699124072,0.2938374466813829,0.20875172196312095
112_t2,112,Philips,3.0,t2,0.37227843074911177,1.9999999999999978,1.627721569250886,2.378290582107323,0.9999999999999998,1,13,0.6935026932205403,0.5214412359031204,1.7630246800882974,0.07267589308499715,1.0041282699124072,0.2938374466813829,0.20875172196312095
113_t1,113,Philips,3.0,t1,0.3541123494800554,2.000000000000001,1.6458876505199456,2.373755355883211,1.0,1,13,0.6561048520932942,0.4235742811465217,1.2512848979268165,0.10368613000983395,1.001316728779857,0.15336997625974516,0.26819053660905895
113_t2,113,Philips,3.0,t2,0.3541123494800554,2.000000000000001,1.6458876505199456,2.373755355883211,1.0,1,13,0.6561048520932942,0.4235742811465217,1.2512848979268165,0.10368613000983395,1.001316728779857,0.15336997625974516,0.26819053660905895
115_t1,115,Philips,3.0,t1,0.319210678979787,2.0000000000000004,1.6807893210202134,2.529239314933003,1.0000000000000002,1,15,0.6592903217532925,0.5013763814750922,1.4734120724810524,0.09437715927530987,1.0092208112349288,0.21048743892586463,0.20227753625976225
115_t2,115,Philips,3.0,t2,0.319210678979787,2.0000000000000004,1.6807893210202134,2.529239314933003,1.0000000000000002,1,15,0.6592903217532925,0.5013763814750922,1.4734120724810524,0.09437715927530987,1.0092208112349288,0.21048743892586463,0.20227753625976225
116_t1,116,Siemens,3.0,t1,0.3162262113677052,2.0,1.6837737886322948,2.5277352019548243,0.9999999999999998,1,15,0.6334269085929475,0.5117209035075257,1.6198333903914186,0.02748079669132511,1.010544182746445,0.23140477005591692,0.1259386055003994
116_t2,116,Siemens,3.0,t2,0.37368475387973793,1.999999999999999,1.626315246120261,2.538604820132916,0.9999999999999999,1,15,0.695134663571904,0.5932930777474366,2.274851231696484,0.03551650167933282,1.0120222809472101,0.324978747385212,0.16459553169743918
117_t1,117,Philips,3.0,t1,0.36254359651438806,1.9999999999999996,1.6374564034856114,2.374459211124835,1.0000000000000002,1,13,0.6084707982341113,0.44090872647645046,1.1915828831978763,0.019448424796020748,1.0188216893338156,0.1615992236501288,0.15675417252377927
117_t2,117,Philips,3.0,t2,0.36237342764259867,2.0,1.6376265723574013,2.374465659780718,0.9999999999999998,1,13,0.608389962590951,0.44099808974188814,1.191082393718308,0.02083205437948412,1.019147157586379,0.1615139391086673,0.15666431317172663
118_t1,118,Siemens,1.5,t1,0.315829339713476,2.0,1.684170660286524,2.6676042332783765,1.0,1,17,0.6336368567438748,0.4915020015261311,1.3285223191817865,0.15812221211296135,1.01572176017909,0.15469031228941152,0.19178800829132228
118_t2,118,Siemens,1.5,t2,0.3168948064248367,2.000000000000001,1.6831051935751642,2.667255940170561,1.0000000000000002,1,17,0.6381241523848858,0.4941349695349079,1.3412302524404258,0.15423495379424937,1.0177033389478956,0.15865819726301875,0.19735562655486377
118_t2_SPACE,118,Siemens,1.5,t2_SPACE,0.3266961177493978,2.0000000000000004,1.6733038822506026,2.5299757531528257,0.9999999999999999,1,15,0.6257334471258316,0.43233799576507786,1.255256850247862,0.055700954869436915,1.0132692249574733,0.15072555687852307,0.19013182981968735
11_t1,11,Siemens,1.5,t1,0.3491776932866835,1.9999999999999991,1.6508223067133156,2.6719908242594204,1.0,1,17,0.6448367750672431,0.5113634097639786,1.5699299171862031,0.11650640611597549,1.0352785723338918,0.1962412396482754,0.1740369073696166
11_t2,11,Siemens,1.5,t2,0.34845701446616223,2.0000000000000004,1.6515429855338382,2.6717525967537235,1.0000000000000002,1,17,0.6503110779906663,0.49523142359585043,1.4812957356475855,0.11590260376376693,1.0357007486532979,0.1851619669559482,0.1967490737742178
11_t2_SPACE,11,Siemens,1.5,t2_SPACE,0.3510966476508172,2.0,1.6489033523491827,2.6718743608304862,1.0,1,17,0.6492124374021108,0.4941909436374855,1.4581460148813115,0.12246244434943873,1.0368526078967495,0.18226825186016393,0.1973081776193215
120_t2,120,Siemens,1.5,t2,0.33307479503378545,2.000000000000001,1.6669252049662155,2.5329733026151917,0.9999999999999998,1,15,0.6698309578030293,0.5365477873999331,1.7102084224398022,0.14268360123094176,1.0075500890001081,0.24431548891997176,0.19103656351509124
121_t1,121,Philips,3.0,t1,0.3492197806998277,1.9999999999999998,1.6507802193001722,2.37105854607647,0.9999999999999999,1,13,0.6453531794777734,0.47776518617879826,1.3687822830196494,0.04756182986118507,1.0025864016771395,0.2281303805032749,0.17013484169856757
121_t2,121,Philips,3.0,t2,0.3492197806998277,1.9999999999999998,1.6507802193001722,2.37105854607647,0.9999999999999999,1,13,0.6453531794777734,0.47776518617879826,1.3687822830196494,0.04756182986118507,1.0025864016771395,0.2281303805032749,0.17013484169856757
122_t1,122,Siemens,1.5,t1,0.32184755775088536,2.0,1.6781524422491145,2.3717179928158787,1.0000000000000002,1,13,0.6329094324021758,0.4287586697200559,1.1672940276575614,0.05495779267677041,1.0026595216406358,0.17983453773224098,0.19146923247247327
122_t2,122,Siemens,1.5,t2,0.3357869944736413,1.9999999999999993,1.664213005526358,2.3727474939720463,1.0000000000000002,1,13,0.6430381850666887,0.4244132042583744,1.1541114388997382,0.05285258053705609,1.002408336055034,0.1870057201423803,0.2062436808354455
123_t2,123,Philips,1.5,t2,0.3107982489387402,2.0000000000000004,1.6892017510612602,2.668933240073424,1.0000000000000002,1,17,0.6769900225447906,0.5981922834417692,2.1316674103822697,0.14760535007519313,1.0052967946201972,0.2664584262977837,0.17214537160989637
124_t2,124,Siemens,1.5,t2,0.3636726400333229,1.9999999999999998,1.636327359966677,2.375291829736105,1.0000000000000002,1,13,0.6585418105526527,0.47741718719916826,1.2798509232593598,0.15202937768434,1.00203770977539,0.2133084872098933,0.21353210232085382
125_t1,125,Philips,3.0,t1,0.32508771321238866,1.9999999999999996,1.674912286787611,2.5308416212081646,0.9999999999999997,1,15,0.6768301900579787,0.5083321896229748,1.6992526015084979,0.08640498141349762,1.0027995858788032,0.24275037164407115,0.20760003562302617
125_t2,125,Philips,3.0,t2,0.32508771321238866,1.9999999999999996,1.674912286787611,2.5308416212081646,0.9999999999999997,1,15,0.6768301900579787,0.5083321896229748,1.6992526015084979,0.08640498141349762,1.0027995858788032,0.24275037164407115,0.20760003562302617
126_t1,126,Siemens,1.5,t1,0.3547440075098602,1.9999999999999996,1.6452559924901393,2.535811117835961,0.9999999999999999,1,15,0.629228148005272,0.4342326106714104,1.2545753985622825,0.11273759380207955,1.0022557388137616,0.13311127102235212,0.21523476041751674
127_t1,127,Siemens,1.5,t1,0.310446673908919,1.9999999999999996,1.6895533260910804,2.6668178775894886,1.0,1,17,0.7049312513546139,0.5639922443485005,2.0689194340004424,0.10210697770787992,1.0314258168122985,0.2586149292500553,0.23936397987849925
127_t2,127,Siemens,1.5,t2,0.31017971594812055,2.0,1.6898202840518795,2.666639231906032,1.0,1,17,0.7035183843132852,0.5633711590036243,2.056445803983199,0.1019773261661335,1.0319886412201675,0.2570557254978999,0.23792084116783133
127_t2_SPACE,127,Siemens,1.5,t2_SPACE,0.31443950510825625,1.999999999999999,1.6855604948917426,2.667011089330217,0.9999999999999996,1,17,0.7040657100344409,0.566399778696587,2.071879993864319,0.10465586930210052,1.0312965406017316,0.25898499923303986,0.23715463459014705
129_t1,129,Siemens,1.5,t1,0.313768530399176,1.9999999999999987,1.6862314696008227,2.598477421201382,1.0,1,16,0.6007024673671938,0.47616138322659457,1.2997845808212949,0.05872569938518344,1.0061833824622013,0.18568351154589924,0.16393186213172567
129_t2,129,Siemens,1.5,t2,0.313768530399176,1.9999999999999987,1.6862314696008227,2.598477421201382,1.0,1,16,0.6007024673671938,0.47616138322659457,1.2997845808212949,0.05872569938518344,1.0061833824622013,0.18568351154589924,0.16393186213172567
129_t2_SPACE,129,Siemens,1.5,t2_SPACE,0.3136656156921988,2.0000000000000004,1.6863343843078016,2.598146396211459,1.0,1,16,0.5973869674100647,0.4770797149460035,1.2932036617144405,0.05915502793205776,1.0066175640368542,0.18123165879435127,0.1611962333750719
12_t1,12,Siemens,1.5,t1,0.36444686615480887,2.0000000000000004,1.6355531338451916,2.3757869649869265,1.0,1,13,0.6504899547309085,0.3921725757685576,1.1547780562161816,0.05312840813692632,1.0041008710128074,0.16751528307608815,0.24187961884088044
12_t2,12,Siemens,1.5,t2,0.3792480797538196,2.0000000000000004,1.6207519202461809,2.377878553875467,1.0000000000000002,1,13,0.6595269200781252,0.39580100321021094,1.102681446828706,0.05980396859146307,1.0058672828018198,0.18331694859712758,0.24565804490547696
130_t1,130,Philips,3.0,t1,0.34666647584366045,2.000000000000001,1.6533335241563405,2.532829094703577,1.0000000000000002,1,15,0.604496317654349,0.473635953871557,1.301041109135172,0.07238707845598688,1.0361198732075334,0.14188205367265783,0.15346719844380374
130_t2,130,Philips,3.0,t2,0.34666647584366045,2.000000000000001,1.6533335241563405,2.532829094703577,1.0000000000000002,1,15,0.604496317654349,0.473635953871557,1.301041109135172,0.07238707845598688,1.0361198732075334,0.14188205367265783,0.15346719844380374
131_t1,131,Philips,3.0,t1,0.35823679141123427,2.0,1.6417632085887657,2.53542586855801,1.0,1,15,0.6853793100511257,0.5241458844016433,1.7295311831254037,0.11482023047624265,1.0237064689937376,0.2470758833036291,0.22159406680592558
131_t2,131,Philips,3.0,t2,0.35823679141123427,2.0,1.6417632085887657,2.53542586855801,1.0,1,15,0.6853793100511257,0.5241458844016433,1.7295311831254037,0.11482023047624265,1.0237064689937376,0.2470758833036291,0.22159406680592558
132_t1,132,Siemens,1.5,t1,0.3485730257011857,2.0,1.6514269742988144,2.6727776731469826,0.9999999999999998,1,17,0.6157074356519009,0.479701131884293,1.3335147145513082,0.13699879519684263,1.0402606738660316,0.12046735893831527,0.18791094182197432
133_t1,133,Philips,3.0,t1,0.34596754398103285,2.0,1.6540324560189672,2.374575653037377,0.9999999999999998,1,13,0.6086504058456451,0.4500264442607276,1.2243594699742555,0.10295872139517298,1.0449093929751043,0.14877240312882983,0.169970142870068
133_t2,133,Philips,3.0,t2,0.34596754398103285,2.0,1.6540324560189672,2.374575653037377,0.9999999999999998,1,13,0.6086504058456451,0.4500264442607276,1.2243594699742555,0.10295872139517298,1.0449093929751043,0.14877240312882983,0.169970142870068
134_t2,134,Philips,1.5,t2,0.3169186234293325,2.0000000000000004,1.683081376570668,2.667732542023221,1.0000000000000002,1,17,0.6343120202123551,0.4941560498576721,1.4108520554420882,0.09462915449785597,1.0056017203651002,0.1752292410349028,0.17268380191635202
136_t1,136,Siemens,1.5,t1,0.32473694765117395,1.9999999999999998,1.6752630523488259,2.449838669975213,0.9999999999999998,1,14,0.6259939027482712,0.3966460216471614,1.1335755089453168,0.03799821347582743,1.0089095376427988,0.18206920293622986,0.23878563155120286
136_t2,136,Siemens,1.5,t2,0.32473694765117395,1.9999999999999998,1.6752630523488259,2.449838669975213,0.9999999999999998,1,14,0.6259939027482712,0.3966460216471614,1.1335755089453168,0.03799821347582743,1.0089095376427988,0.18206920293622986,0.23878563155120286
136_t2_SPACE,136,Siemens,1.5,t2_SPACE,0.31986519985731127,2.000000000000001,1.6801348001426897,2.4487314873231827,1.0,1,14,0.6226491477982662,0.3970811953014438,1.1328740604526522,0.03804489632464174,1.0096356204031813,0.17847931737581035,0.23517316641726643
137_t1,137,Philips,3.0,t1,0.34347806266966785,2.0,1.6565219373303322,2.3736151544645754,1.0000000000000002,1,13,0.634998242474878,0.4478411856467922,1.190107694780592,0.05091590773356164,1.0142221298908296,0.19799536154676342,0.1778341638154722
137_t2,137,Philips,3.0,t2,0.34347806266966785,2.0,1.6565219373303322,2.3736151544645754,1.0000000000000002,1,13,0.634998242474878,0.4478411856467922,1.190107694780592,0.05091590773356164,1.0142221298908296,0.19799536154676342,0.1778341638154722
138_t1,138,Philips,1.5,t1,0.32476330898714545,1.9999999999999996,1.675236691012854,2.530549294056596,1.0,1,15,0.6321199553160892,0.446259703649204,1.2425845692384603,0.10758466611997433,1.0016472198807145,0.1529421022422189,0.201600659149401
138_t2,138,Philips,1.5,t2,0.3286687912141171,1.9999999999999996,1.6713312087858825,2.530571102011039,1.0000000000000002,1,15,0.6370655894795546,0.4571383703612216,1.2414011443572466,0.10833653679271264,1.0015053843305715,0.1705674643890445,0.19457308449571561
13_t1,13,Philips,1.5,t1,0.33678765686666273,2.0000000000000004,1.6632123431333377,2.6732350813682517,1.0,1,17,0.620769371421778,0.4496913666763884,1.2619384979258885,0.11814824112039135,1.0295961373118545,0.12607961805593693,0.19305529621534148
13_t2,13,Philips,1.5,t2,0.3367876570317664,2.000000000000001,1.6632123429682344,2.673235081390177,1.0,1,17,0.620769371421778,0.44969136667638837,1.2619384979258883,0.11814824107244094,1.0295961376495268,0.12607961805593693,0.19305529621534145
140_t1,140,Philips,3.0,t1,0.33380629719893484,2.0000000000000004,1.6661937028010656,2.792085517519623,1.0000000000000002,1,19,0.6941691265534677,0.5889637590486603,2.2046357019027374,0.1448725267776233,1.04489085465097,0.2449595224336375,0.22050863362368325
140_t2,140,Philips,3.0,t2,0.33380629719893484,2.0000000000000004,1.6661937028010656,2.792085517519623,1.0000000000000002,1,19,0.6941691265534677,0.5889637590486603,2.2046357019027374,0.1448725267776233,1.04489085465097,0.2449595224336375,0.22050863362368325
141_t2_SPACE,141,Siemens,3.0,t2_SPACE,0.34227205680137646,2.0,1.6577279431986236,2.5327382520602733,1.0000000000000002,1,15,0.6804209613293687,0.48362036753963794,1.7149827088364444,0.037287863705873385,1.0015644136555035,0.2449975298337778,0.21304738730058392
142_t1,142,Siemens,1.5,t1,0.3808566057712008,2.0000000000000004,1.6191433942287996,2.5372347891728104,1.0000000000000002,1,15,0.6380679899068169,0.39748929948656186,1.184041644314637,0.039481019004352004,1.051470455077994,0.13202598795970674,0.23526256184061514
142_t2,142,Siemens,1.5,t2,0.3808566057712008,2.0000000000000004,1.6191433942287996,2.5372347891728104,1.0000000000000002,1,15,0.6380679899068169,0.39748929948656186,1.184041644314637,0.039481019004352004,1.051470455077994,0.13202598795970674,0.23526256184061514
142_t2_SPACE,142,Siemens,1.5,t2_SPACE,0.38012813317042216,1.9999999999999991,1.6198718668295768,2.537397619525785,1.0,1,15,0.6381014447023148,0.39799771389810956,1.1797781492849075,0.04062454315259893,1.0517292401772456,0.13298093597597876,0.23437930267183862
143_t1,143,Philips,1.5,t1,0.3202111434033036,1.9999999999999987,1.6797888565966952,2.789259547121733,1.0,1,19,0.619451144170678,0.5298778120914089,1.4574179314935718,0.14017075786869573,1.0208217907702675,0.16193532572150796,0.14579486752770102
143_t2,143,Philips,1.5,t2,0.3222822243168838,2.0,1.6777177756831163,2.7886808753315093,1.0,1,19,0.6226013656427566,0.5552188648188721,1.6218051706289984,0.1452342443962321,1.0173876791838017,0.18020057451433316,0.13418008628704176
144_t1,144,Philips,3.0,t1,0.360301252559541,2.000000000000001,1.6396987474404598,2.3747764025435236,1.0,1,13,0.6364572069070452,0.45157585989471005,1.2797620727213215,0.04469333261824097,1.0045429472661556,0.2132936787868869,0.16569693617837775
144_t2,144,Philips,3.0,t2,0.360301252559541,2.000000000000001,1.6396987474404598,2.3747764025435236,1.0,1,13,0.6364572069070452,0.45157585989471005,1.2797620727213215,0.04469333261824097,1.0045429472661556,0.2132936787868869,0.16569693617837775
145_t1,145,Philips,3.0,t1,0.32080450835335705,2.0000000000000004,1.6791954916466434,2.668983495728222,1.0000000000000002,1,17,0.6518750313424604,0.5504406498949908,1.7858709860755897,0.10138357246730317,1.0216986036142421,0.2232338732594487,0.16200056834327933
145_t2,145,Philips,3.0,t2,0.32080450835335705,2.0000000000000004,1.6791954916466434,2.668983495728222,1.0000000000000002,1,17,0.6518750313424604,0.5504406498949908,1.7858709860755897,0.10138357246730317,1.0216986036142421,0.2232338732594487,0.16200056834327933
146_t1,146,Siemens,1.5,t1,0.34286931085912237,2.0,1.6571306891408777,2.530034122496669,1.0000000000000002,1,15,0.6458152749686991,0.46579737809863747,1.405561976307426,0.021108517219346434,1.0135210898126912,0.20079456804391801,0.18309530688900816
146_t2,146,Siemens,1.5,t2,0.3414288740523121,2.0000000000000004,1.6585711259476883,2.5299146326505606,1.0000000000000002,1,15,0.6441587718296998,0.472111691663739,1.4172468896244723,0.022918611358420198,1.013093918788549,0.2024638413749246,0.17787638397443215
146_t2_SPACE,146,Siemens,1.5,t2_SPACE,0.3514493037767377,2.0,1.6485506962232623,2.531549218763119,1.0000000000000002,1,15,0.64650295122942,0.46391278779002243,1.393302365163596,0.024711716986682022,1.016385305245246,0.19904319502337084,0.1863202718968147
147_t2,147,Philips,1.5,t2,0.30333800769903424,2.0000000000000004,1.6966619923009663,2.664984963726503,1.0000000000000002,1,17,0.6422187542910637,0.5399277639238879,1.8144456371722126,0.09462080101158012,1.0023124242603447,0.22680570464652658,0.13790914822198366
149_t1,149,Philips,3.0,t1,0.3359951313136983,2.0,1.6640048686863018,2.374956114738332,1.0,1,13,0.6483145938107787,0.3965156857178649,1.1646047437653206,0.014320648282693235,1.0255669698040697,0.1677005052190625,0.2369811147042915
149_t2,149,Philips,3.0,t2,0.3359951313136983,2.0,1.6640048686863018,2.374956114738332,1.0,1,13,0.6483145938107787,0.3965156857178649,1.1646047437653206,0.014320648282693235,1.0255669698040697,0.1677005052190625,0.2369811147042915
151_t2,151,Philips,1.5,t2,0.35439123011333135,1.9999999999999996,1.6456087698866682,2.3750270567271805,1.0,1,13,0.6505837454918066,0.4019330641599767,1.1667809683639796,0.05446897294597171,1.001503255215437,0.17100071808360431,0.2385973971486433
152_t1,152,Siemens,1.5,t1,0.3265667924302192,1.9999999999999996,1.6734332075697804,2.7301267579297153,1.0,1,18,0.6174845644153301,0.4295127090514414,1.2759204879150665,0.04895094037551151,1.0595491001685573,0.15949006098938331,0.20431129684009733
152_t2,152,Siemens,1.5,t2,0.3265667924302192,1.9999999999999996,1.6734332075697804,2.7301267579297153,1.0,1,18,0.6174845644153301,0.4295127090514414,1.2759204879150665,0.04895094037551151,1.0595491001685573,0.15949006098938331,0.20431129684009733
152_t2_SPACE,152,Siemens,1.5,t2_SPACE,0.3274330606619612,2.0000000000000004,1.6725669393380391,2.729863199891634,1.0000000000000004,1,18,0.6141514387765077,0.4340983936236353,1.3566409724369721,0.05077033679436862,1.0614830919396632,0.15479701718046154,0.201816640059272
154_t1,154,Siemens,1.5,t1,0.3271775806493476,2.0,1.6728224193506525,2.528457033565239,0.9999999999999999,1,15,0.6158581861012955,0.46432976295035244,1.2669257950530033,0.11558315501832693,1.0349458293672693,0.13697526501766782,0.18272084805653704
154_t2,154,Siemens,1.5,t2,0.3272749840863946,2.0,1.6727250159136053,2.52847433149529,1.0000000000000002,1,15,0.6157262661955242,0.46423257491541037,1.2669257950530035,0.11558315501832699,1.0349458293672693,0.13669257950530034,0.18272084805653707
155_t1,155,Siemens,1.5,t1,0.35610533451440934,1.9999999999999998,1.6438946654855904,2.536071819190403,0.9999999999999999,1,15,0.6388095964874956,0.49182966770352815,1.4821800220148182,0.07259552513199546,1.0238053661812465,0.21174000314497401,0.15713770361394516
155_t2,155,Siemens,1.5,t2,0.3561586690289115,1.9999999999999996,1.643841330971088,2.5361363899433402,1.0,1,15,0.6374181117533718,0.48891106927557243,1.4701991008349387,0.07369575370276614,1.0235598749536852,0.21002844297641984,0.15586751078080555
156_t1,156,Philips,3.0,t1,0.36852801314549677,2.0,1.6314719868545033,2.375258187922209,0.9999999999999999,1,13,0.6022281018606992,0.42550029935066086,1.1693901116204204,0.05306692354998449,1.0169715854680923,0.14486161167290668,0.15996594235860828
156_t2,156,Philips,3.0,t2,0.3621962180861189,2.0,1.637803781913881,2.3734742211202837,1.0000000000000004,1,13,0.5997570427145874,0.4234606626029617,1.1904336541216523,0.05626154432784028,1.0161468833400862,0.13805133736706385,0.1614222551812089
159_t2,159,Siemens,1.5,t2,0.3779392963892172,1.9999999999999996,1.6220607036107824,2.377728015009597,1.0,1,13,0.674265844963233,0.45060717462199057,1.3589456889078735,0.1029657560095309,1.0090324365375773,0.22649094815131224,0.23441838260235942
15_t1,15,Philips,3.0,t1,0.35483368304971397,1.9999999999999991,1.6451663169502853,2.3721975622471048,0.9999999999999998,1,13,0.6421157198332412,0.47358148030546654,1.3847310676403906,0.059194995897034065,1.0085080313801909,0.23078851127339842,0.16046221503195743
15_t2,15,Philips,3.0,t2,0.35483368304971397,1.9999999999999991,1.6451663169502853,2.3721975622471048,0.9999999999999998,1,13,0.6421157198332412,0.47358148030546654,1.3847310676403906,0.059194995897034065,1.0085080313801909,0.23078851127339842,0.16046221503195743
160_t1,160,Philips,3.0,t1,0.34691659370412425,1.999999999999999,1.6530834062958746,2.3758816496697164,0.9999999999999999,1,13,0.6048696063412045,0.43590019356599213,1.2087380228261224,0.07657968174102057,1.0481783428707003,0.125478269400569,0.18507254433870737
160_t2,160,Philips,3.0,t2,0.34691659370412425,1.999999999999999,1.6530834062958746,2.3758816496697164,0.9999999999999999,1,13,0.6048696063412045,0.43590019356599213,1.2087380228261224,0.07657968174102057,1.0481783428707003,0.125478269400569,0.18507254433870737
161_t1,161,Siemens,1.5,t1,0.30170416564400354,2.000000000000001,1.6982958343559973,2.6657951705599654,1.0000000000000002,1,17,0.6567744202823828,0.46241022688385075,1.3828423012108244,0.17780310281133682,1.0104565965539818,0.14895413379085387,0.24669150930920952
161_t2,161,Siemens,1.5,t2,0.32256881126308845,2.0000000000000004,1.677431188736912,2.6007163929793062,1.0,1,16,0.6548398940634159,0.371340400105831,1.2400205548595824,0.07341935050788044,1.0027486262052412,0.14108661015093835,0.31122900424476085
161_t2_SPACE,161,Siemens,1.5,t2_SPACE,0.3219140278289181,1.9999999999999998,1.6780859721710817,2.600144650508558,1.0,1,16,0.6521963569768672,0.37346128080410446,1.2416339246952899,0.07736093921185838,1.0026400405733573,0.13688463204173879,0.30961866091721296
162_t1,162,Siemens,1.5,t1,0.3171406209415924,2.0000000000000004,1.682859379058408,2.726553016621754,0.9999999999999998,1,18,0.6681354570454917,0.3665528931781005,1.1893092499547457,0.1104492477024277,1.0112955171115634,0.14521944608881562,0.3182980731231474
162_t2,162,Siemens,1.5,t2,0.3171406209415924,2.0000000000000004,1.682859379058408,2.726553016621754,0.9999999999999998,1,18,0.6681354570454917,0.3665528931781005,1.1893092499547457,0.1104492477024277,1.0112955171115634,0.14521944608881562,0.3182980731231474
162_t2_SPACE,162,Siemens,1.5,t2_SPACE,0.31272594323635705,2.0,1.687274056763643,2.7256017525038296,1.0000000000000002,1,18,0.6679828197895357,0.36655129302029915,1.1980155189661232,0.1114904445238701,1.011475345751195,0.14485494903614785,0.31831679599138435
163_t1,163,Philips,1.5,t1,0.35400653280316136,2.0,1.6459934671968386,2.536249830686439,1.0,1,15,0.6527913644796761,0.4820393903828074,1.5079777365491651,0.0745521206448208,1.0335505316028522,0.21542539093559498,0.18341324723513963
163_t2,163,Philips,1.5,t2,0.34986692323367224,2.000000000000001,1.6501330767663287,2.535649193881345,1.0000000000000002,1,15,0.6488767006765049,0.470730428206262,1.4000992384336277,0.07923442188712934,1.0313825013319373,0.20001417691908965,0.19043589595913507
165_t1,165,Siemens,1.5,t1,0.36101512760501137,1.9999999999999998,1.6389848723949885,2.374551320230717,1.0,1,13,0.5907763635958363,0.42025280138562326,1.1573902770657336,0.0186756583323853,1.0044858852559668,0.12898528111509855,0.15103017334254656
165_t2,165,Siemens,1.5,t2,0.3654492148379187,1.9999999999999996,1.6345507851620809,2.3744420556069015,1.0,1,13,0.6064830517273603,0.42321074324323055,1.1549536578781607,0.019827414132707003,1.0033076230073326,0.1539338312486877,0.16011278082725935
166_t1,166,Siemens,1.5,t1,0.3218073117884191,2.0,1.678192688211581,2.665559402902541,0.9999999999999996,1,17,0.675895923175912,0.49735940006825285,1.7624989065693313,0.12296275314254897,1.0230436013917252,0.2203123633211664,0.21596647342764666
166_t2,166,Siemens,1.5,t2,0.3218073117884191,2.0,1.678192688211581,2.665559402902541,0.9999999999999996,1,17,0.675895923175912,0.49735940006825285,1.7624989065693313,0.12296275314254897,1.0230436013917252,0.2203123633211664,0.21596647342764666
166_t2_SPACE,166,Siemens,1.5,t2_SPACE,0.32297015957241726,1.9999999999999996,1.6770298404275823,2.6652225973807084,0.9999999999999998,1,17,0.6733835605653473,0.4957099952450977,1.734976843215045,0.12172829355885084,1.0235795430168169,0.21687210540188062,0.21406796079948243
167_t1,167,Philips,3.0,t1,0.34455906840162925,2.0000000000000004,1.6554409315983711,2.53056217077653,1.0000000000000002,1,15,0.6272534844007238,0.46997873666195916,1.278844089045228,0.06097339177125304,1.0160029620173152,0.1749716237358502,0.16914298569427255
167_t2,167,Philips,3.0,t2,0.34455906840162925,2.0000000000000004,1.6554409315983711,2.53056217077653,1.0000000000000002,1,15,0.6272534844007238,0.46997873666195916,1.278844089045228,0.06097339177125304,1.0160029620173152,0.1749716237358502,0.16914298569427255
168_t1,168,Philips,3.0,t1,0.3100085494600054,1.9999999999999996,1.6899914505399942,2.3717138680742567,1.0000000000000002,1,13,0.6294351253056013,0.42953778332258463,1.230957255803698,0.06761115270789725,1.0042443711730515,0.15534066210980566,0.20843544271899705
168_t2,168,Philips,3.0,t2,0.3100085494600054,1.9999999999999996,1.6899914505399942,2.3717138680742567,1.0000000000000002,1,13,0.6294351253056013,0.42953778332258463,1.230957255803698,0.06761115270789725,1.0042443711730515,0.15534066210980566,0.20843544271899705
169_t1,169,Philips,3.0,t1,0.3658275897378244,1.9999999999999991,1.6341724102621746,2.533206428086786,0.9999999999999998,1,15,0.6637485430320289,0.43753364097772024,1.374086559601332,0.051864008590621874,1.0242734134309674,0.1962980799430474,0.22602022655415738
169_t2,169,Philips,3.0,t2,0.3658275897378244,1.9999999999999991,1.6341724102621746,2.533206428086786,0.9999999999999998,1,15,0.6637485430320289,0.43753364097772024,1.374086559601332,0.051864008590621874,1.0242734134309674,0.1962980799430474,0.22602022655415738
16_t1,16,Philips,3.0,t1,0.3656400209270233,1.9999999999999996,1.6343599790729764,2.5384506477053677,1.0,1,15,0.6845621868088149,0.5203375584113858,1.8538362119609915,0.04383785383249903,1.0215700521288023,0.26483374456585596,0.20208522716731908
16_t2,16,Philips,3.0,t2,0.3656400209270233,1.9999999999999996,1.6343599790729764,2.5384506477053677,1.0,1,15,0.6845621868088149,0.5203375584113858,1.8538362119609915,0.04383785383249903,1.0215700521288023,0.26483374456585596,0.20208522716731908
170_t1,170,Philips,3.0,t1,0.33406951703235843,2.0,1.6659304829676416,2.5295390406311826,0.9999999999999998,1,15,0.6649763700749051,0.5271976166024241,1.6009241341179261,0.12179970476496033,1.008299097648428,0.2287034477311323,0.19624591671509253
170_t2,170,Philips,3.0,t2,0.33406951703235843,2.0,1.6659304829676416,2.5295390406311826,0.9999999999999998,1,15,0.6649763700749051,0.5271976166024241,1.6009241341179261,0.12179970476496033,1.008299097648428,0.2287034477311323,0.19624591671509253
171_t1,171,Siemens,1.5,t1,0.3123449619842068,2.0,1.687655038015793,2.667019333011409,1.0,1,17,0.6753884860408594,0.46338109187865123,1.4712956865950666,0.12413259996920821,1.0064488940067866,0.18391196082438332,0.2512885720124429
171_t2,171,Siemens,1.5,t2,0.31120530147349973,2.0000000000000004,1.6887946985265008,2.666264216642607,1.0000000000000002,1,17,0.6711698819372874,0.4698970947099657,1.523417928744927,0.11739926871587596,1.0063712584450963,0.19042724109311587,0.23580875802361972
172_t1,172,Philips,3.0,t1,0.3371902141004497,2.000000000000001,1.6628097858995512,2.3727648224286084,0.9999999999999998,1,13,0.6390618863266565,0.4770662674082765,1.347990691535549,0.07213102196748819,1.0121665997235516,0.22466511525592486,0.1599689717851643
172_t2,172,Philips,3.0,t2,0.3371902141004497,2.000000000000001,1.6628097858995512,2.3727648224286084,0.9999999999999998,1,13,0.6390618863266565,0.4770662674082765,1.347990691535549,0.07213102196748819,1.0121665997235516,0.22466511525592486,0.1599689717851643
173_t1,173,Siemens,1.5,t1,0.3742367493423659,2.0000000000000013,1.6257632506576354,2.377318099034588,1.0000000000000002,1,13,0.6522662127393146,0.4335100046759459,1.2075967612022553,0.09931232587286774,1.0033176962572357,0.1855949807113485,0.22764848022383313
173_t2,173,Siemens,1.5,t2,0.37311553620587545,2.0000000000000004,1.6268844637941249,2.3772529489967233,0.9999999999999998,1,13,0.6551388197634928,0.436397227545609,1.1953627406635332,0.10416537827617255,1.0033712244442965,0.19175401679482387,0.2277134260260772
174_t1,174,Philips,3.0,t1,0.34617757693174983,1.9999999999999991,1.6538224230682492,2.3777952673058214,1.0,1,13,0.6498102034051227,0.39774024810620767,1.240407607815183,0.0567211731608814,1.0071853475580514,0.1408401645983864,0.26708194277937986
174_t2,174,Philips,3.0,t2,0.34617757693174983,1.9999999999999991,1.6538224230682492,2.3777952673058214,1.0,1,13,0.6498102034051227,0.39774024810620767,1.240407607815183,0.0567211731608814,1.0071853475580514,0.1408401645983864,0.26708194277937986
175_t1,175,Philips,3.0,t1,0.35010380171378286,1.9999999999999993,1.6498961982862164,2.373126176643949,1.0000000000000002,1,13,0.6352333142225888,0.4712818597924207,1.3345937102345027,0.048014800193776665,1.016140549412529,0.2224322850390838,0.15390656244319215
175_t2,175,Philips,3.0,t2,0.35010380171378286,1.9999999999999993,1.6498961982862164,2.373126176643949,1.0000000000000002,1,13,0.6352333142225888,0.4712818597924207,1.3345937102345027,0.048014800193776665,1.016140549412529,0.2224322850390838,0.15390656244319215
177_t1,177,Siemens,1.5,t1,0.31664117493060395,2.0,1.683358825069396,2.788425212991974,1.0,1,19,0.6366567753974832,0.5403246977345512,1.7848109511938783,0.09686783640054095,1.0227563196687122,0.19831232791043094,0.14574086459536692
177_t2,177,Siemens,1.5,t2,0.31664117493060395,2.0,1.683358825069396,2.788425212991974,1.0,1,19,0.6366567753974832,0.5403246977345512,1.7848109511938783,0.09686783640054095,1.0227563196687122,0.19831232791043094,0.14574086459536692
177_t2_SPACE,177,Siemens,1.5,t2_SPACE,0.3183944931001477,2.0000000000000013,1.6816055068998537,2.788435930630083,0.9999999999999998,1,19,0.6366996057607587,0.5414221652544923,1.776163357779356,0.0976518220176322,1.0231152335587406,0.19735148419770623,0.1467921279638951
179_t1,179,Siemens,1.5,t1,0.3359085792997538,2.0,1.6640914207002462,2.5305080654903476,1.0,1,15,0.6295736651979362,0.47964197105061607,1.365399609547353,0.18536844781355957,1.0143322429757107,0.1318110112481792,0.21727541417596966
179_t2,179,Siemens,1.5,t2,0.3357831306584385,1.9999999999999987,1.6642168693415602,2.5305037604847342,1.0,1,15,0.6294382760447833,0.4795594967994571,1.365399609547353,0.18536844781355957,1.0143322429757107,0.13152089163428005,0.21727541417596966
17_t1,17,Philips,3.0,t1,0.30971305018732903,2.0,1.690286949812671,2.3699208346024276,1.0,1,13,0.6202334885848265,0.41987087471337964,1.1882156418332204,0.07456239892752567,1.0101949315442766,0.13828628616842784,0.205552939098696
17_t2,17,Philips,3.0,t2,0.30971305018732903,2.0,1.690286949812671,2.3699208346024276,1.0,1,13,0.6202334885848265,0.41987087471337964,1.1882156418332204,0.07456239892752567,1.0101949315442766,0.13828628616842784,0.205552939098696
180_t1,180,Siemens,1.5,t1,0.3279022219780645,1.9999999999999993,1.6720977780219348,2.6669442693003695,1.0,1,17,0.6288743497106721,0.5360236568281127,1.7106550792375663,0.08533717936133932,1.0334303245475975,0.2138318849046958,0.12252610823048271
181_t1,181,Siemens,1.5,t1,0.33974521909163785,2.000000000000001,1.660254780908363,2.530667693948206,1.0,1,15,0.6215931575420754,0.4433748870708219,1.337038350873044,0.0945136648145211,1.0259865274178266,0.13754286389972803,0.19444247369043396
181_t2,181,Siemens,1.5,t2,0.34024804962412714,1.9999999999999993,1.6597519503758722,2.5307187973221406,0.9999999999999998,1,15,0.6219325728865708,0.44349150020781714,1.3351703500806724,0.09459224478813752,1.0260417771921837,0.13815147649243933,0.19456117969306969
182_t1,182,Siemens,1.5,t1,0.31242051733093507,2.000000000000001,1.6875794826690658,2.7879874161485008,0.9999999999999998,1,19,0.6466528505513413,0.5515122685203554,1.7107832731904056,0.16169592189218457,1.0149011660064917,0.19008703035448954,0.17506898747611974
182_t2,182,Siemens,1.5,t2,0.3165320858550118,2.0,1.6834679141449882,2.787061895025568,0.9999999999999998,1,19,0.6364782649203746,0.5482099067869369,1.6148110101167596,0.10309303866251811,1.0498381185459351,0.17942344556852888,0.16425289148559527
183_t2,183,Siemens,1.5,t2,0.3521419972603199,2.000000000000001,1.647858002739681,2.5345212052969925,1.0000000000000002,1,15,0.6766511180216199,0.5519340581780339,1.8341181697023543,0.12673475469719694,1.0065558509874835,0.2620168813860506,0.18794980008884937
184_t1,184,Philips,1.5,t1,0.338451091028856,1.9999999999999991,1.661548908971143,2.535017972695638,0.9999999999999998,1,15,0.6609079515747674,0.43098118668753327,1.2508430486707178,0.09627180491045496,1.002382078952527,0.17094399917310166,0.24528732562997158
184_t2,184,Philips,1.5,t2,0.343229371042526,1.9999999999999991,1.656770628957473,2.5350819772452633,1.0,1,15,0.6742405776306426,0.45512477059245054,1.37475689552342,0.09987308632270503,1.0021091148972079,0.19639384221763145,0.24840739556231686
185_t1,185,Siemens,1.5,t1,0.29571764940191825,2.0,1.7042823505980818,2.6643784215190705,1.0,1,17,0.6511340768922771,0.47752123004553426,1.4210990976529807,0.13836339659481012,1.0176702432853013,0.15037588237767102,0.23328403101841766
185_t2,185,Siemens,1.5,t2,0.29571764940191825,2.0,1.7042823505980818,2.6643784215190705,1.0,1,17,0.6511340768922771,0.47752123004553426,1.4210990976529807,0.13836339659481012,1.0176702432853013,0.15037588237767102,0.23328403101841766
185_t2_SPACE,185,Siemens,1.5,t2_SPACE,0.29421226383152427,2.0,1.7057877361684757,2.663875409995015,1.0,1,17,0.6470963650185033,0.4781092912673178,1.384275142033244,0.14128777349780536,1.0179271081071843,0.14633136140915734,0.2287484142551623
186_t1,186,Philips,3.0,t1,0.3863041633992722,1.9999999999999993,1.6136958366007272,2.537014720266123,1.0,1,15,0.6071521231141203,0.4538123972564848,1.1921991453637724,0.06391327590865413,1.0868511472078943,0.15768876282107613,0.1433515009948958
186_t2,186,Philips,3.0,t2,0.3863041633992722,1.9999999999999993,1.6136958366007272,2.537014720266123,1.0,1,15,0.6071521231141203,0.4538123972564848,1.1921991453637724,0.06391327590865413,1.0868511472078943,0.15768876282107613,0.1433515009948958
187_t1,187,Philips,1.5,t1,0.3138171268851889,2.0,1.6861828731148112,2.6701647117129745,1.0,1,17,0.6236831716084525,0.5323940153577857,1.4002904352604104,0.17129564486047266,1.0064943231671402,0.1750363044075513,0.15029043526041053
187_t2,187,Philips,1.5,t2,0.3039647267086931,2.0000000000000004,1.6960352732913073,2.6682194791728215,1.0000000000000002,1,17,0.6343270430136044,0.5470986477814188,1.5506753153572435,0.1620258467468448,1.008227968050111,0.19383441441965543,0.15411055198425397
188_t1,188,Philips,3.0,t1,0.36590963286298617,1.9999999999999993,1.6340903671370133,2.5364336402509324,1.0,1,15,0.661641228785584,0.4344400211578406,1.3739743938275917,0.1347317499455934,1.0075586481988394,0.11460639248126141,0.30319624063070405
188_t2,188,Philips,3.0,t2,0.36590963286298617,1.9999999999999993,1.6340903671370133,2.5364336402509324,1.0,1,15,0.661641228785584,0.4344400211578406,1.3739743938275917,0.1347317499455934,1.0075586481988394,0.11460639248126141,0.30319624063070405
189_t1,189,Philips,1.5,t1,0.3083485424224015,2.0,1.6916514575775985,2.66613927778993,1.0000000000000002,1,17,0.6460927988238437,0.501668756804013,1.6608225597599326,0.055994102244923814,1.010496582222018,0.20760281996999158,0.16534437753067643
189_t2,189,Philips,1.5,t2,0.307824593863685,1.9999999999999996,1.6921754061363146,2.665435846917786,1.0000000000000002,1,17,0.6394061633140032,0.49852527763994275,1.6048091738021264,0.05630618912109425,1.0101725519094447,0.2006011467252658,0.1581369503169912
18_t1,18,Siemens,1.5,t1,0.36151723585342604,1.9999999999999991,1.6384827641465731,2.6728689443433034,0.9999999999999998,1,17,0.6834619816655936,0.5254631704564169,1.9139273447764535,0.09988953935848024,1.055002728728575,0.2392409180970567,0.21311579294232955
18_t2,18,Siemens,1.5,t2,0.36151723585342604,1.9999999999999991,1.6384827641465731,2.6728689443433034,0.9999999999999998,1,17,0.6834619816655936,0.5254631704564169,1.9139273447764535,0.09988953935848024,1.055002728728575,0.2392409180970567,0.21311579294232955
18_t2_SPACE,18,Siemens,1.5,t2_SPACE,0.36174341842259594,1.999999999999999,1.6382565815774028,2.672791484019868,0.9999999999999998,1,17,0.6804039150275117,0.5137197142256591,1.8798762574814012,0.08831857269609106,1.0598418733839028,0.23498453218517515,0.2108737872482873
190_t1,190,Siemens,1.5,t1,0.29582874982113894,2.0,1.704171250178861,2.6658400448962034,1.0,1,17,0.678819267859357,0.5753760000476646,2.0634347666948547,0.151920725157368,1.0052843308505846,0.25792934583685684,0.18456159836427666
190_t2,190,Siemens,1.5,t2,0.29582874982113977,1.9999999999999991,1.7041712501788593,2.6658400448962043,1.0000000000000002,1,17,0.6788192678593569,0.5753760000476644,2.063434766694854,0.15192072515737454,1.0052843308505846,0.2579293458368567,0.18456159836427657
191_t1,191,Siemens,1.5,t1,0.31817160870316574,2.0,1.6818283912968344,2.6693945946148947,1.0000000000000004,1,17,0.644338260223816,0.47053273966499887,1.4378971300931376,0.11375642962483791,1.005805293190699,0.1797371412616422,0.18948166171396663
191_t2,191,Siemens,1.5,t2,0.30826360976755307,1.9999999999999996,1.6917363902324465,2.6685385396577415,0.9999999999999998,1,17,0.6384978148856154,0.4694595336410973,1.3763025112610432,0.11433325604633934,1.0064482206791543,0.1720378139076304,0.18477004272430253
191_t2_SPACE,191,Siemens,1.5,t2_SPACE,0.3180563541082848,2.0000000000000004,1.6819436458917156,2.6696477851628058,1.0000000000000002,1,17,0.6401403665541151,0.46488205742200533,1.340435748196568,0.11500384307660472,1.0072259430007877,0.167554468524571,0.192743810402924
192_t1,192,Philips,3.0,t1,0.33784071189085235,1.9999999999999991,1.6621592881091467,2.3735030507720234,1.0,1,13,0.5917587396266109,0.4606584422921067,1.1680057113045388,0.05203614561436203,1.0157139357014993,0.17074054751640627,0.11140338834125045
192_t2,192,Philips,3.0,t2,0.33784071189085235,1.9999999999999991,1.6621592881091467,2.3735030507720234,1.0,1,13,0.5917587396266109,0.4606584422921067,1.1680057113045388,0.05203614561436203,1.0157139357014993,0.17074054751640627,0.11140338834125045
193_t1,193,Philips,3.0,t1,0.3662698259679508,2.0,1.6337301740320491,2.37829699374387,0.9999999999999999,1,13,0.6604351178409258,0.5157942441698125,1.6702860419373335,0.0713400613466081,1.0203162111068371,0.2783810069895556,0.1525617483324503
193_t2,193,Philips,3.0,t2,0.3662698259679508,2.0,1.6337301740320491,2.37829699374387,0.9999999999999999,1,13,0.6604351178409258,0.5157942441698125,1.6702860419373335,0.0713400613466081,1.0203162111068371,0.2783810069895556,0.1525617483324503
195_t1,195,Philips,3.0,t1,0.3370428282759119,2.0000000000000004,1.6629571717240885,2.5326421710144276,1.0,1,15,0.65007233340829,0.5108803868070798,1.4342759163480996,0.12394596613262959,1.0136870767528197,0.20489655947829996,0.18811558353946475
195_t2,195,Philips,3.0,t2,0.3370428282759119,2.0000000000000004,1.6629571717240885,2.5326421710144276,1.0,1,15,0.65007233340829,0.5108803868070798,1.4342759163480996,0.12394596613262959,1.0136870767528197,0.20489655947829996,0.18811558353946475
196_t1,196,Philips,3.0,t1,0.37838590033245795,2.0000000000000004,1.6216140996675426,2.37677507392715,1.0,1,13,0.6468150134552701,0.42641075458194205,1.2485656097288618,0.1247231346532138,1.0097584718408972,0.1678409435336783,0.23359158561940674
196_t2,196,Philips,3.0,t2,0.37838590033245795,2.0000000000000004,1.6216140996675426,2.37677507392715,1.0,1,13,0.6468150134552701,0.42641075458194205,1.2485656097288618,0.1247231346532138,1.0097584718408972,0.1678409435336783,0.23359158561940674
197_t2,197,Siemens,1.5,t2,0.369892511880955,1.9999999999999998,1.6301074881190447,2.3772484358002384,0.9999999999999998,1,13,0.6428312764277002,0.4939782672485393,1.454410840259831,0.0984468931665839,1.0106809434109711,0.24240180670997183,0.1503992922167121
198_t1,198,Philips,3.0,t1,0.3515823279633676,1.9999999999999991,1.6484176720366315,2.3703453022891288,1.0,1,13,0.5946252562272977,0.4541082811194223,1.207324254497419,0.07336283652892737,1.0138488549826217,0.15094404685485713,0.13741067497095447
198_t2,198,Philips,3.0,t2,0.3515823279633676,1.9999999999999991,1.6484176720366315,2.3703453022891288,1.0,1,13,0.5946252562272977,0.4541082811194223,1.207324254497419,0.07336283652892737,1.0138488549826217,0.15094404685485713,0.13741067497095447
19_t1,19,Philips,3.0,t1,0.33749840637022016,2.000000000000001,1.6625015936297807,2.372917531210928,1.0,1,13,0.6213578098866255,0.3917765161313157,1.1206649388801402,0.056987025131918743,1.016737779704169,0.1274583883565078,0.21881686639784756
19_t2,19,Philips,3.0,t2,0.3403500692128654,2.0000000000000013,1.659649930787136,2.37290430053854,1.0000000000000004,1,13,0.6238348712661422,0.39277583013340245,1.12066493888014,0.05698702513191875,1.016737779704169,0.1328253546787941,0.2188168663978476
1_t1,1,Philips,3.0,t1,0.35169420078551766,1.9999999999999996,1.6483057992144818,2.529988123234003,1.0,1,15,0.6077516920473774,0.5118140479043022,1.3177347715736043,0.09735552651874822,1.0454282887374318,0.1554523205221175,0.1468727338651197
1_t2,1,Philips,3.0,t2,0.35169420078551766,1.9999999999999996,1.6483057992144818,2.529988123234003,1.0,1,15,0.6077516920473774,0.5118140479043022,1.3177347715736043,0.09735552651874822,1.0454282887374318,0.1554523205221175,0.1468727338651197
200_t1,200,Siemens,1.5,t1,0.3506594305900377,1.9999999999999996,1.6493405694099619,2.53566048849208,0.9999999999999999,1,15,0.7166549034933707,0.505455775127913,1.7453146600248486,0.13172142173512905,1.0117170035793794,0.24933066571783552,0.28635841319653055
200_t2,200,Siemens,1.5,t2,0.3506594305900377,1.9999999999999996,1.6493405694099619,2.53566048849208,0.9999999999999999,1,15,0.7166549034933707,0.505455775127913,1.7453146600248486,0.13172142173512905,1.0117170035793794,0.24933066571783552,0.28635841319653055
200_t2_SPACE,200,Siemens,1.5,t2_SPACE,0.3569871870569677,2.0,1.6430128129430324,2.535755223113419,1.0,1,15,0.7066292525658769,0.5219578462225393,1.759789655842348,0.13497029921427667,1.0119648667724601,0.2513985222631926,0.26280701894940084
201_t2,201,Siemens,1.5,t2,0.3656487199190226,2.0,1.6343512800809774,2.3771837875103294,1.0,1,13,0.6770158841271965,0.49685864563055276,1.6648377101326937,0.051172445814562144,1.005806176214766,0.2774729516887823,0.18939479725347685
202_t1,202,Philips,3.0,t1,0.35980305186225836,2.0,1.6401969481377416,2.533106952590129,1.0000000000000002,1,15,0.6770425187868157,0.5675490968340626,1.8488093842151665,0.13130891464006994,1.0259296362393657,0.2641156263164523,0.18668977108386642
202_t2,202,Philips,3.0,t2,0.35980305186225836,2.0,1.6401969481377416,2.533106952590129,1.0000000000000002,1,15,0.6770425187868157,0.5675490968340626,1.8488093842151665,0.13130891464006994,1.0259296362393657,0.2641156263164523,0.18668977108386642
203_t1,203,Philips,3.0,t1,0.34113403329892655,1.9999999999999991,1.6588659667010726,2.3700734003896873,1.0,1,13,0.6239527565875826,0.4719040359880382,1.277754657396754,0.09018616098368344,1.008310279798916,0.19409287865064018,0.1578047606224551
203_t2,203,Philips,3.0,t2,0.34113403329892655,1.9999999999999991,1.6588659667010726,2.3700734003896873,1.0,1,13,0.6239527565875826,0.4719040359880382,1.277754657396754,0.09018616098368344,1.008310279798916,0.19409287865064018,0.1578047606224551
204_t1,204,Philips,3.0,t1,0.36235189801829476,2.0,1.6376481019817053,2.3733337599604036,1.0,1,13,0.6287773734774024,0.4370411877122825,1.2334150562445918,0.04739189099183966,1.0205695331486369,0.1761369099125084,0.1862140659551966
204_t2,204,Philips,3.0,t2,0.36235189801829476,2.0,1.6376481019817053,2.3733337599604036,1.0,1,13,0.6287773734774024,0.4370411877122825,1.2334150562445918,0.04739189099183966,1.0205695331486369,0.1761369099125084,0.1862140659551966
205_t1,205,Philips,3.0,t1,0.3502790069936777,1.9999999999999998,1.6497209930063221,2.37323106637365,1.0000000000000002,1,13,0.7065555558807508,0.4634695722469001,1.576321210572946,0.037320274787739215,1.0027261927374842,0.26272020176215766,0.2681501693128021
205_t2,205,Philips,3.0,t2,0.3502790069936777,1.9999999999999998,1.6497209930063221,2.37323106637365,1.0000000000000002,1,13,0.7065555558807508,0.4634695722469001,1.576321210572946,0.037320274787739215,1.0027261927374842,0.26272020176215766,0.2681501693128021
207_t1,207,Philips,3.0,t1,0.37694252231251535,1.9999999999999998,1.6230574776874844,2.3760127463700145,1.0000000000000002,1,13,0.707212214459765,0.5820424657570867,2.081758552403949,0.05673853804429554,1.0176281416304462,0.34695975873399154,0.18533337259549915
207_t2,207,Philips,3.0,t2,0.37694252231251535,1.9999999999999998,1.6230574776874844,2.3760127463700145,1.0000000000000002,1,13,0.707212214459765,0.5820424657570867,2.081758552403949,0.05673853804429554,1.0176281416304462,0.34695975873399154,0.18533337259549915
208_t2,208,Siemens,1.5,t2,0.36406201737185784,2.0,1.6359379826281422,2.5370830150712296,0.9999999999999998,1,15,0.6653267197134098,0.5147361724365697,1.607316317040405,0.13528253836017443,1.040019943047254,0.22961661672005787,0.19608349695153457
209_t1,209,Siemens,3.0,t1,0.32479760497351773,2.000000000000001,1.6752023950264832,2.67099479075214,1.0,1,17,0.6794476698738418,0.4593428472276125,1.553493400603631,0.11456958805826448,1.0316728255948537,0.19418667507545387,0.2496396234064598
209_t2,209,Siemens,3.0,t2,0.32479760497351773,2.000000000000001,1.6752023950264832,2.67099479075214,1.0,1,17,0.6794476698738418,0.4593428472276125,1.553493400603631,0.11456958805826448,1.0316728255948537,0.19418667507545387,0.2496396234064598
209_t2_SPACE,209,Siemens,1.5,t2_SPACE,0.3379122819882185,1.9999999999999996,1.662087718011781,2.673104184878663,0.9999999999999998,1,17,0.688764043285712,0.4565783756304598,1.60452907185804,0.11345609754949128,1.029627143105044,0.200566133982255,0.26305745799988295
20_t2,20,Philips,1.5,t2,0.3700257854349937,1.9999999999999987,1.629974214565005,2.536259865206845,0.9999999999999999,1,15,0.6235691366993582,0.4440639351320043,1.2019887395568472,0.07519737197867174,1.0072683314325024,0.16127860515800946,0.17494097348347257
210_t1,210,Philips,3.0,t1,0.3454344386134834,2.0,1.6545655613865167,2.5349883604282835,1.0,1,15,0.6483581592397132,0.4551326528506822,1.255684976423196,0.10003166599201538,1.0213707022457446,0.17905880148643163,0.21028011117009654
210_t2,210,Philips,3.0,t2,0.3454344386134834,2.0,1.6545655613865167,2.5349883604282835,1.0,1,15,0.6483581592397132,0.4551326528506822,1.255684976423196,0.10003166599201538,1.0213707022457446,0.17905880148643163,0.21028011117009654
212_t1,212,Siemens,1.5,t1,0.3431423787878908,2.0,1.6568576212121093,2.5338758865081195,0.9999999999999999,1,15,0.6675291431734063,0.4784781375458462,1.615431180601197,0.09793478246871129,1.0134806425867984,0.23077588294302812,0.19964370957141375
212_t2,212,Siemens,1.5,t2,0.34381686457712357,1.999999999999999,1.6561831354228753,2.5339143840587,0.9999999999999998,1,15,0.6655653774857819,0.48099975821701757,1.6166883141448405,0.10288913257807365,1.0136146429565012,0.23095547344926293,0.19525604973455568
213_t1,213,Philips,3.0,t1,0.3328545068342853,2.0,1.6671454931657146,2.372149677766732,1.0000000000000002,1,13,0.6260095908402677,0.41582973837739423,1.1716773498213173,0.04547602271543885,1.00173352767061,0.1623272259723562,0.19402688751489028
213_t2,213,Philips,3.0,t2,0.3328545068342853,2.0,1.6671454931657146,2.372149677766732,1.0000000000000002,1,13,0.6260095908402677,0.41582973837739423,1.1716773498213173,0.04547602271543885,1.00173352767061,0.1623272259723562,0.19402688751489028
214_t1,214,Siemens,1.5,t1,0.35945857654374186,2.0000000000000013,1.6405414234562594,2.5377054903467626,1.0,1,15,0.6315717505493159,0.4491979105307074,1.2097066229100066,0.10169082399447438,1.011686356635486,0.16189492743372846,0.19147310945766266
214_t2,214,Siemens,1.5,t2,0.3597708300360089,2.0,1.640229169963991,2.537820573931826,1.0000000000000002,1,15,0.6328292402495285,0.4485195041027984,1.213543522570162,0.10143782155820912,1.01149501467583,0.16312946307672574,0.19293319460083527
215_t1,215,Philips,3.0,t1,0.3570986980741611,2.0,1.642901301925839,2.3741373316185577,1.0,1,13,0.6383956478399704,0.4153651024163611,1.1651030717580246,0.06340012687431995,1.0085522605474289,0.1668078608557414,0.21638270946419425
215_t2,215,Philips,3.0,t2,0.3570986980741611,2.0,1.642901301925839,2.3741373316185577,1.0,1,13,0.6383956478399704,0.4153651024163611,1.1651030717580246,0.06340012687431995,1.0085522605474289,0.1668078608557414,0.21638270946419425
217_t1,217,Philips,1.5,t1,0.30492872467065557,2.0,1.6950712753293444,2.666198582322343,1.0,1,17,0.624971989503122,0.4867667728616632,1.3226898398423685,0.11342235728149458,1.0052555610861713,0.14753195574192896,0.18053352195220532
217_t2,217,Philips,1.5,t2,0.3018785827848664,1.9999999999999996,1.698121417215133,2.6662096423168786,0.9999999999999998,1,17,0.6281507790502571,0.4974934547033787,1.308093848512164,0.11935105777512241,1.0055378844661025,0.1573342703924954,0.17748613508930072
218_t1,218,Philips,3.0,t1,0.3416321368276494,1.9999999999999991,1.6583678631723497,2.5324799825201323,0.9999999999999998,1,15,0.675169852624995,0.4376100000224502,1.2980004690981586,0.1137680700532971,1.0418735103205468,0.14308080215785152,0.3037117391814237
218_t2,218,Philips,3.0,t2,0.3416321368276494,1.9999999999999991,1.6583678631723497,2.5324799825201323,0.9999999999999998,1,15,0.675169852624995,0.4376100000224502,1.2980004690981586,0.1137680700532971,1.0418735103205468,0.14308080215785152,0.3037117391814237
219_t1,219,Siemens,1.5,t1,0.33354981098963105,2.0,1.666450189010369,2.532248480008586,1.0000000000000004,1,15,0.6669638821862193,0.37474475511726085,1.1645486230801638,0.0589957083871793,1.0077818362625839,0.14716764334137653,0.28204067562909346
21_t2,21,Siemens,1.5,t2,0.3763084153111461,1.9999999999999996,1.6236915846888533,2.376020403845593,0.9999999999999998,1,13,0.6358205132349669,0.43682280355443287,1.171707048992193,0.06773417163460907,1.0155091522814557,0.18525762253436137,0.19235348947473344
220_t1,220,Siemens,1.5,t1,0.33334260912124136,2.0000000000000013,1.6666573908787599,2.670201767918929,1.0000000000000004,1,17,0.6384216823961846,0.4559267547623204,1.334672747916787,0.06336387526909402,1.0156989439128585,0.16683409348959838,0.18981198160229396
220_t2,220,Siemens,1.5,t2,0.33334260912124136,2.0000000000000013,1.6666573908787599,2.670201767918929,1.0000000000000004,1,17,0.6384216823961846,0.4559267547623204,1.334672747916787,0.06336387526909402,1.0156989439128585,0.16683409348959838,0.18981198160229396
220_t2_SPACE,220,Siemens,1.5,t2_SPACE,0.33687671000480457,1.999999999999999,1.6631232899951942,2.6703004914043316,1.0,1,17,0.6370872098977435,0.456237483190825,1.3270536970389604,0.061800168857022206,1.0168507997110021,0.16588171212987005,0.18792860890283472
221_t1,221,Philips,3.0,t1,0.2893142095635012,2.0000000000000004,1.7106857904364992,2.5203383536249504,0.9999999999999999,1,15,0.6592688278101974,0.426633168428314,1.3295002991847922,0.05798931075598617,1.031729528168839,0.16917570913582536,0.24354320760031173
221_t2,221,Philips,3.0,t2,0.2893142095635012,2.0000000000000004,1.7106857904364992,2.5203383536249504,0.9999999999999999,1,15,0.6592688278101974,0.426633168428314,1.3295002991847922,0.05798931075598617,1.031729528168839,0.16917570913582536,0.24354320760031173
222_t1,222,Siemens,1.5,t1,0.34448894104308914,1.9999999999999996,1.6555110589569104,2.5365757696692963,1.0,1,15,0.6413220636796024,0.415735868886872,1.147333555494966,0.06514963638807425,1.005576233098208,0.15755299059852365,0.21670857442919608
222_t2,222,Siemens,1.5,t2,0.34021546975714156,2.0,1.6597845302428584,2.5362440667401014,1.0000000000000002,1,15,0.6460402251222296,0.42115783383274247,1.1614130380517809,0.07127529946060147,1.0042364363291056,0.16511737042325245,0.219254540552954
223_t1,223,Philips,3.0,t1,0.33848531759703204,2.0,1.6615146824029678,2.5354400257970324,1.0,1,15,0.6430981842083642,0.47585627806603054,1.3161104264234658,0.14084354617903114,1.0030635787405076,0.15708158737983732,0.22098595020951442
223_t2,223,Philips,3.0,t2,0.33848531759703204,2.0,1.6615146824029678,2.5354400257970324,1.0,1,15,0.6430981842083642,0.47585627806603054,1.3161104264234658,0.14084354617903114,1.0030635787405076,0.15708158737983732,0.22098595020951442
224_t1,224,Siemens,1.5,t1,0.3487588187546581,1.9999999999999996,1.6512411812453416,2.534299604851293,1.0,1,15,0.6379928593437234,0.49588162704140143,1.3933394095707203,0.1008257079340389,1.0422976128532628,0.15771068060322815,0.20941687513332172
224_t2,224,Siemens,1.5,t2,0.3487588187546581,1.9999999999999996,1.6512411812453416,2.534299604851293,1.0,1,15,0.6379928593437234,0.49588162704140143,1.3933394095707203,0.1008257079340389,1.0422976128532628,0.15771068060322815,0.20941687513332172
225_t1,225,Siemens,1.5,t1,0.37989476285283064,2.0,1.6201052371471694,2.380114677207337,1.0000000000000002,1,13,0.649171646030384,0.4435704937803659,1.2718199167861928,0.03097645432618693,1.0199713791332472,0.2119699861310321,0.19456858026813337
225_t2,225,Siemens,1.5,t2,0.3798482081128344,2.0000000000000018,1.6201517918871673,2.3801511040661762,1.0000000000000002,1,13,0.64917718497536,0.44390674080049247,1.2741958082302423,0.030534988958911016,1.0199637345057198,0.21236596803837374,0.19418459940824012
226_t1,226,Siemens,1.5,t1,0.3201605483611011,2.0,1.679839451638899,2.533938971725023,0.9999999999999998,1,15,0.6782652814404465,0.4704265070869312,1.641068299676112,0.06659191747979097,1.0044271498896609,0.23443832852515883,0.21898727456151218
226_t2,226,Siemens,1.5,t2,0.3305031125132134,1.9999999999999996,1.6694968874867862,2.533741727056831,0.9999999999999999,1,15,0.6785819407519941,0.4579753334843482,1.5817627231295104,0.061548350917540094,1.0037791100753914,0.22596610330421574,0.22813805545005703
227_t1,227,Philips,3.0,t1,0.3192180183790592,1.9999999999999998,1.6807819816209406,2.36827908940079,1.0,1,13,0.6070516423892852,0.41154986272769334,1.2150564571316842,0.06666659931420373,1.0147707551684462,0.12276523853749144,0.19251331997262683
227_t2,227,Philips,3.0,t2,0.3192180183790592,1.9999999999999998,1.6807819816209406,2.36827908940079,1.0,1,13,0.6070516423892852,0.41154986272769334,1.2150564571316842,0.06666659931420373,1.0147707551684462,0.12276523853749144,0.19251331997262683
228_t1,228,Philips,3.0,t1,0.3718884074598318,2.0,1.6281115925401681,2.376748779854835,1.0000000000000002,1,13,0.6570294459299382,0.41208064625678836,1.2270790856498748,0.09431411705869482,1.007760972963737,0.16870279200579066,0.25486100750907553
228_t2,228,Philips,3.0,t2,0.3718884074598318,2.0,1.6281115925401681,2.376748779854835,1.0000000000000002,1,13,0.6570294459299382,0.41208064625678836,1.2270790856498748,0.09431411705869482,1.007760972963737,0.16870279200579066,0.25486100750907553
229_t1,229,Philips,3.0,t1,0.35179144694162295,2.0000000000000004,1.6482085530583774,2.372816057899086,1.0,1,13,0.5913719752323219,0.44333257365079376,1.1633223582033918,0.053332161144264076,1.0100801990056218,0.14343722997509417,0.13786871636160325
229_t2,229,Philips,3.0,t2,0.35179144694162295,2.0000000000000004,1.6482085530583774,2.372816057899086,1.0,1,13,0.5913719752323219,0.44333257365079376,1.1633223582033918,0.053332161144264076,1.0100801990056218,0.14343722997509417,0.13786871636160325
22_t1,22,Siemens,1.5,t1,0.32805918516159643,2.0000000000000013,1.671940814838405,2.6740958792850975,1.0000000000000002,1,17,0.7210944340081952,0.4111423112177807,1.438906847595704,0.1290595566824292,1.0108477408818373,0.179863355949463,0.35246231631795194
22_t2,22,Siemens,1.5,t2,0.32805918516159643,2.0000000000000013,1.671940814838405,2.6740958792850975,1.0000000000000002,1,17,0.7210944340081952,0.4111423112177807,1.438906847595704,0.1290595566824292,1.0108477408818373,0.179863355949463,0.35246231631795194
22_t2_SPACE,22,Siemens,1.5,t2_SPACE,0.3298849186504464,2.0000000000000004,1.670115081349554,2.67388280139425,1.0,1,17,0.7182835250838276,0.411602463414837,1.4091662693810172,0.1309503681313263,1.010941916155872,0.17614578367262715,0.35020670713050656
231_t1,231,Philips,3.0,t1,0.32866239341373693,2.000000000000001,1.671337606586264,2.5305198164357705,1.0,1,15,0.6503803498494631,0.547732842445003,1.8689848615071472,0.055933802862525965,1.0209411244184365,0.2669978373581639,0.12667434089068572
231_t2,231,Philips,3.0,t2,0.32866239341373693,2.000000000000001,1.671337606586264,2.5305198164357705,1.0,1,15,0.6503803498494631,0.547732842445003,1.8689848615071472,0.055933802862525965,1.0209411244184365,0.2669978373581639,0.12667434089068572
232_t1,232,Philips,3.0,t1,0.3339493315382033,2.0,1.6660506684617968,2.532923793822256,0.9999999999999999,1,15,0.6584152571456586,0.4897387267648072,1.3673834387409909,0.12241009111290561,1.0035108387624594,0.19340491248713043,0.21748492425356664
232_t2,232,Philips,3.0,t2,0.3339493315382033,2.0,1.6660506684617968,2.532923793822256,0.9999999999999999,1,15,0.6584152571456586,0.4897387267648072,1.3673834387409909,0.12241009111290561,1.0035108387624594,0.19340491248713043,0.21748492425356664
233_t1,233,Siemens,1.5,t1,0.3262318658668379,1.9999999999999991,1.6737681341331612,2.5320532149110244,0.9999999999999998,1,15,0.6914851759490162,0.5646815836446734,2.130403158769742,0.06132401519400849,1.0025822787972969,0.30434330839567747,0.1774106400665004
233_t2,233,Siemens,1.5,t2,0.32639401305915805,1.9999999999999991,1.673605986940841,2.532064960777734,1.0,1,15,0.6917506370164465,0.56598078053592,2.135510771369006,0.06265305572058673,1.0025619227745382,0.3050729673384294,0.17724982626824184
234_t1,234,Siemens,1.5,t1,0.3239921625444457,2.000000000000001,1.6760078374555551,2.7319574033214122,1.0,1,18,0.6954233935390915,0.5076254824188988,2.068948414682436,0.09154122819550999,1.0243827610694958,0.2586185518353045,0.27207474100235685
234_t2,234,Siemens,1.5,t2,0.32428625186288296,2.0,1.6757137481371172,2.7319744692303125,1.0,1,18,0.6920617991446221,0.49780807324561466,1.9988484471425647,0.08976589503586828,1.0279455679912133,0.2498560558928206,0.2731404374956259
234_t2_SPACE,234,Siemens,1.5,t2_SPACE,0.3238986904468813,2.0,1.6761013095531188,2.7316039242596934,1.0,1,18,0.6913101478057456,0.49044400140547806,1.9454114283344819,0.08984156856899793,1.0314213151641087,0.24317642854181024,0.27757458135210417
236_t1,236,Philips,3.0,t1,0.33062997864184995,2.0,1.6693700213581502,2.5300694763759197,1.0000000000000002,1,15,0.5993042923950257,0.47719821623754294,1.3019623790342525,0.07619820324910354,1.0361978588467702,0.15203903875849714,0.1321844449451292
236_t2,236,Philips,3.0,t2,0.33062997864184995,2.0,1.6693700213581502,2.5300694763759197,1.0000000000000002,1,15,0.5993042923950257,0.47719821623754294,1.3019623790342525,0.07619820324910354,1.0361978588467702,0.15203903875849714,0.1321844449451292
237_t1,237,Philips,1.5,t1,0.3699161380686436,2.0,1.6300838619313565,2.3759349860069428,0.9999999999999998,1,13,0.7613918221259888,0.6957345914129219,2.7260660644890247,0.03485496468440075,1.0119826130004206,0.4543443440815041,0.19533793719147152
237_t2,237,Philips,1.5,t2,0.36994985469434327,2.000000000000001,1.6300501453056575,2.3759573959518057,1.0,1,13,0.7620337912422955,0.6956622884719307,2.727793812756616,0.03485820728067861,1.0118546622817353,0.45463230212610267,0.19644091223220453
239_t1,239,Siemens,1.5,t1,0.34827898080326464,1.9999999999999993,1.6517210191967346,2.5335289394954144,0.9999999999999999,1,15,0.6506449492412544,0.45594961424927516,1.363997879109226,0.06949347090251862,1.004870705570255,0.19485683987274655,0.19938233707279865
239_t2,239,Siemens,1.5,t2,0.34827898080326464,1.9999999999999993,1.6517210191967346,2.5335289394954144,0.9999999999999999,1,15,0.6506449492412544,0.45594961424927516,1.363997879109226,0.06949347090251862,1.004870705570255,0.19485683987274655,0.19938233707279865
239_t2_SPACE,239,Siemens,1.5,t2_SPACE,0.3514845287432025,2.0000000000000018,1.6485154712567993,2.533963608942556,0.9999999999999999,1,15,0.6507965789891722,0.4579194370471313,1.3753219233112528,0.06887441742098532,1.0056946261170847,0.1964745604730361,0.19808953736090446
23_t1,23,Siemens,1.5,t1,0.29508165160482225,2.0000000000000018,1.7049183483951795,2.785978351252896,1.0000000000000004,1,19,0.6129402364227959,0.5006900600946687,1.3159763709131624,0.15614622962314392,1.0278773469893232,0.12924976813749656,0.1647351754217391
23_t2,23,Siemens,1.5,t2,0.29508165160482225,2.0000000000000018,1.7049183483951795,2.785978351252896,1.0000000000000004,1,19,0.6129402364227959,0.5006900600946687,1.3159763709131624,0.15614622962314392,1.0278773469893232,0.12924976813749656,0.1647351754217391
241_t1,241,Siemens,1.5,t1,0.3169777518299073,2.0,1.6830222481700927,2.7875519634886374,0.9999999999999998,1,19,0.6738888172017784,0.5174059020922829,1.7692352810069565,0.16303607353769456,1.0435984557661613,0.19658169788966182,0.226072471758537
241_t2,241,Siemens,1.5,t2,0.316784445129031,2.0,1.683215554870969,2.7875030003220944,1.0000000000000002,1,19,0.661631233625883,0.4984236348770549,1.5691866754710089,0.1619185143766941,1.039901870735077,0.17435407505233433,0.22242297371341865
241_t2_SPACE,241,Siemens,1.5,t2_SPACE,0.3224753873910983,2.0000000000000018,1.6775246126089034,2.7885848421351884,1.0,1,19,0.6536696083114689,0.5044158069610108,1.5646358994841463,0.15960882726131967,1.0467656208675618,0.17384843327601626,0.2061207398259734
242_t1,242,Philips,3.0,t1,0.3391796825109157,1.9999999999999998,1.660820317489084,2.3715584188974272,1.0,1,13,0.5949802326472281,0.44233151847723795,1.2909147872604079,0.0707229966625072,1.0083705893401942,0.10420241941894666,0.1849214179833811
242_t2,242,Philips,3.0,t2,0.3391796825109157,1.9999999999999998,1.660820317489084,2.3715584188974272,1.0,1,13,0.5949802326472281,0.44233151847723795,1.2909147872604079,0.0707229966625072,1.0083705893401942,0.10420241941894666,0.1849214179833811
243_t1,243,Philips,3.0,t1,0.31567841901620874,2.0,1.6843215809837913,2.529562737880083,1.0,1,15,0.6821026883252589,0.5443490123420495,1.931882302650328,0.0841409204735173,1.0051308289704455,0.275983186092904,0.18566543174693648
243_t2,243,Philips,3.0,t2,0.31567841901620874,2.0,1.6843215809837913,2.529562737880083,1.0,1,15,0.6821026883252589,0.5443490123420495,1.931882302650328,0.0841409204735173,1.0051308289704455,0.275983186092904,0.18566543174693648
244_t1,244,Philips,3.0,t1,0.33055747343486336,2.0,1.6694425265651367,2.5291123326783245,0.9999999999999999,1,15,0.5947530748579634,0.47274152142672254,1.242850721108822,0.08242539362582725,1.0085288380196624,0.14930511331710056,0.1251657613785353
244_t2,244,Philips,3.0,t2,0.33055747343486336,2.0,1.6694425265651367,2.5291123326783245,0.9999999999999999,1,15,0.5947530748579634,0.47274152142672254,1.242850721108822,0.08242539362582725,1.0085288380196624,0.14930511331710056,0.1251657613785353
245_t1,245,Philips,3.0,t1,0.3706714322201853,2.000000000000001,1.6293285677798157,2.37756724714061,1.0,1,13,0.628279492109182,0.4922906995777872,1.2526872068390353,0.13526594830115773,1.0195262112391519,0.20281108111725132,0.15846115178597653
245_t2,245,Philips,3.0,t2,0.36829884150648406,1.9999999999999996,1.6317011584935155,2.37647414902444,0.9999999999999999,1,13,0.6170968377898827,0.490571832395593,1.294590393631927,0.13964810021179133,1.0138703138386178,0.1904421457137112,0.14660100283103478
246_t2,246,Siemens,1.5,t2,0.3908118728202818,2.0000000000000018,1.60918812717972,2.1922239815989784,1.0000000000000002,1,11,0.643962898751299,0.3925002770579828,1.1111570760766143,0.04964990196745194,1.005935487399421,0.1949558046856686,0.22176257256718934
249_t1,249,Siemens,1.5,t1,0.336087646421525,2.0000000000000004,1.6639123535784754,2.6722088799753787,1.0000000000000002,1,17,0.6775454836486758,0.5050241070608797,1.778655105617563,0.12123014600790831,1.0227253977808484,0.22233188820219538,0.21745226455124067
249_t2,249,Siemens,1.5,t2,0.34220306028068714,2.0,1.6577969397193129,2.6721969981693006,1.0000000000000002,1,17,0.6881203597282973,0.5260273120384368,1.9570700990832484,0.11810904619291952,1.0213023099240117,0.24463376238540605,0.21762200203722568
24_t1,24,Philips,3.0,t1,0.3359127769831087,1.9999999999999991,1.6640872230168904,2.6691833463635195,1.0,1,17,0.6158553712834306,0.48293184637469233,1.3153324368743464,0.0579829847369333,1.0141630228135223,0.15572687882862693,0.15296578514866277
24_t2,24,Philips,3.0,t2,0.3359127769831087,1.9999999999999991,1.6640872230168904,2.6691833463635195,1.0,1,17,0.6158553712834306,0.48293184637469233,1.3153324368743464,0.0579829847369333,1.0141630228135223,0.15572687882862693,0.15296578514866277
250_t1,250,Siemens,3.0,t1,0.3282382729934579,1.9999999999999996,1.6717617270065417,2.5326069115295478,1.0,1,15,0.6440920298206966,0.485366524880703,1.4789985848299607,0.05797376118360368,1.0043997034073433,0.2112855121185658,0.16891169464006953
250_t2,250,Siemens,3.0,t2,0.332328044615127,2.0,1.667671955384873,2.5330844958655248,1.0,1,15,0.6678431384021868,0.5053865614266216,1.7237817169036869,0.05448442215890163,1.0064100749939016,0.246254530986241,0.18483790844701636
251_t1,251,Philips,3.0,t1,0.35486326320287986,2.0,1.6451367367971201,2.5328973768562477,0.9999999999999998,1,15,0.5792583409365808,0.4687714722097106,1.4506891676359357,0.07826639092356309,1.0229013658067647,0.09343288363897227,0.147834989796558
251_t2,251,Philips,3.0,t2,0.35486326320287986,2.0,1.6451367367971201,2.5328973768562477,0.9999999999999998,1,15,0.5792583409365808,0.4687714722097106,1.4506891676359357,0.07826639092356309,1.0229013658067647,0.09343288363897227,0.147834989796558
252_t1,252,Philips,3.0,t1,0.35250803222249766,2.0,1.6474919677775024,2.3755690538193655,1.0,1,13,0.644648289595357,0.45775443998705356,1.2859075396866064,0.05929077796842977,1.0113065771842356,0.21431792328110108,0.18242003750883917
252_t2,252,Philips,3.0,t2,0.35250803222249766,2.0,1.6474919677775024,2.3755690538193655,1.0,1,13,0.644648289595357,0.45775443998705356,1.2859075396866064,0.05929077796842977,1.0113065771842356,0.21431792328110108,0.18242003750883917
253_t1,253,Philips,3.0,t1,0.3754446279225831,1.9999999999999996,1.6245553720774164,2.5361062520605753,1.0,1,15,0.6223541865612532,0.47619100057741753,1.3104887961091745,0.08458064517535974,1.0746582380215006,0.1641497701481268,0.16946634391170137
253_t2,253,Philips,3.0,t2,0.3754446279225831,1.9999999999999996,1.6245553720774164,2.5361062520605753,1.0,1,15,0.6223541865612532,0.47619100057741753,1.3104887961091745,0.08458064517535974,1.0746582380215006,0.1641497701481268,0.16946634391170137
254_t1,254,Philips,3.0,t1,0.37830420145966664,2.0,1.6216957985403333,2.378409813062923,1.0,1,13,0.6277156934987291,0.4331013547160488,1.1645880677184701,0.072046086078442,1.014206941062946,0.17893529341408518,0.18111537583316115
254_t2,254,Philips,3.0,t2,0.37830420145966664,2.0,1.6216957985403333,2.378409813062923,1.0,1,13,0.6277156934987291,0.4331013547160488,1.1645880677184701,0.072046086078442,1.014206941062946,0.17893529341408518,0.18111537583316115
255_t1,255,Philips,3.0,t1,0.3735389135252503,1.9999999999999991,1.6264610864747489,2.3814309273876173,0.9999999999999998,1,13,0.6608042175710438,0.34492123795024243,1.0896493387381136,0.04527733140198342,1.0084349077048758,0.12715331866502558,0.3045891527389025
255_t2,255,Philips,3.0,t2,0.3735389135252503,1.9999999999999991,1.6264610864747489,2.3814309273876173,0.9999999999999998,1,13,0.6608042175710438,0.34492123795024243,1.0896493387381136,0.04527733140198342,1.0084349077048758,0.12715331866502558,0.3045891527389025
256_t1,256,Siemens,3.0,t1,0.3244213653709825,1.9999999999999996,1.6755786346290171,2.6705160344546295,0.9999999999999998,1,17,0.660876869917858,0.5256802366908542,1.6231727048892015,0.13276194369721747,1.0193162897462764,0.2028965881111502,0.20146676046429826
256_t2,256,Siemens,3.0,t2,0.34362901726325606,1.9999999999999987,1.6563709827367425,2.6733269758333207,0.9999999999999996,1,17,0.6784760380447887,0.552367670967924,1.8691146221272943,0.1362279962076424,1.0203595604671916,0.2336393277659118,0.20812225307926424
257_t1,257,Philips,3.0,t1,0.3348254749424639,2.0,1.665174525057536,2.371519102400079,0.9999999999999998,1,13,0.6257190437149655,0.43735611018425047,1.2787169734920243,0.06545323887437059,1.0025615614882308,0.15692200899506858,0.1988025857206901
257_t2,257,Philips,3.0,t2,0.3348254749424639,2.0,1.665174525057536,2.371519102400079,0.9999999999999998,1,13,0.6257190437149655,0.43735611018425047,1.2787169734920243,0.06545323887437059,1.0025615614882308,0.15692200899506858,0.1988025857206901
25_t1,25,Philips,3.0,t1,0.29968809803329255,1.9999999999999991,1.7003119019667066,2.524110055939749,1.0,1,15,0.6144513690302796,0.43698094251592157,1.2678789022594024,0.03845061699827186,1.0040645838647404,0.1311659698773678,0.18551553518751762
25_t2,25,Philips,3.0,t2,0.29968809803329255,1.9999999999999991,1.7003119019667066,2.524110055939749,1.0,1,15,0.6144513690302796,0.43698094251592157,1.2678789022594024,0.03845061699827186,1.0040645838647404,0.1311659698773678,0.18551553518751762
28_t1,28,Philips,3.0,t1,0.336684130822323,1.9999999999999996,1.6633158691776766,2.534361894106513,1.0000000000000002,1,15,0.6001145542428113,0.4697120220320229,1.355088308924556,0.12693251874393258,1.0179338357236016,0.09928684818578448,0.18667291090595417
28_t2,28,Philips,3.0,t2,0.336684130822323,1.9999999999999996,1.6633158691776766,2.534361894106513,1.0000000000000002,1,15,0.6001145542428113,0.4697120220320229,1.355088308924556,0.12693251874393258,1.0179338357236016,0.09928684818578448,0.18667291090595417
29_t1,29,Philips,3.0,t1,0.38253402062207,2.0000000000000004,1.6174659793779305,2.375815691159824,1.0000000000000002,1,13,0.6266240145876398,0.43772486416445955,1.243077551854501,0.09629962397756806,1.0606692717700177,0.16123429038520487,0.19645107455468142
29_t2,29,Philips,3.0,t2,0.38253402062207,2.0000000000000004,1.6174659793779305,2.375815691159824,1.0000000000000002,1,13,0.6266240145876398,0.43772486416445955,1.243077551854501,0.09629962397756806,1.0606692717700177,0.16123429038520487,0.19645107455468142
2_t1,2,Siemens,1.5,t1,0.35310759759010013,1.9999999999999982,1.646892402409898,2.3768846746364574,1.0,1,13,0.5893991610722269,0.41101764492662884,1.1064596399175795,0.05012294245228624,1.0169538007126335,0.1065609764336302,0.17047053922286148
2_t2,2,Siemens,1.5,t2,0.35261462795389137,1.9999999999999991,1.6473853720461078,2.377005292334113,1.0,1,13,0.5893800256934862,0.41051677533131786,1.107198934196127,0.04858748203667965,1.0167956306491934,0.1069768917225738,0.17001316394664642
30_t1,30,Philips,3.0,t1,0.3450188527534674,2.0,1.6549811472465326,2.5344893097084533,0.9999999999999998,1,15,0.6207205292896121,0.4600090697536565,1.2987878495194862,0.05767286660227497,1.0251197650266357,0.1640218283672188,0.16609359153909303
30_t2,30,Philips,3.0,t2,0.3450188527534674,2.0,1.6549811472465326,2.5344893097084533,0.9999999999999998,1,15,0.6207205292896121,0.4600090697536565,1.2987878495194862,0.05767286660227497,1.0251197650266357,0.1640218283672188,0.16609359153909303
31_t1,31,Siemens,1.5,t1,0.3515819416883986,2.0000000000000004,1.6484180583116017,2.672370905043771,1.0000000000000002,1,17,0.623838531795321,0.4539454793472142,1.265023414935083,0.10121832476027724,1.0171924468499585,0.1412186982978604,0.18443818176719667
31_t2,31,Siemens,1.5,t2,0.3530589455632874,1.9999999999999998,1.6469410544367125,2.6732022913314557,1.0000000000000004,1,17,0.6097102288625849,0.4683158855059236,1.2926668965921144,0.09883788844141198,1.0189406696251477,0.14362314785290847,0.15201108848008435
32_t1,32,Philips,3.0,t1,0.35651696604261185,1.9999999999999996,1.6434830339573878,2.3814139802640404,1.0,1,13,0.6501767939546818,0.43567364057953656,1.239294567603938,0.06211445066578304,1.0077574470925075,0.2022003446891895,0.20651604221262126
32_t2,32,Philips,3.0,t2,0.35651696604261185,1.9999999999999996,1.6434830339573878,2.3814139802640404,1.0,1,13,0.6501767939546818,0.43567364057953656,1.239294567603938,0.06211445066578304,1.0077574470925075,0.2022003446891895,0.20651604221262126
33_t1,33,Siemens,1.5,t1,0.36237041169321205,2.0,1.637629588306788,2.3752923983574146,0.9999999999999999,1,13,0.6105437707992288,0.4488446193126214,1.2132142326706412,0.14666907344645508,1.0087212913871646,0.12917188262502385,0.1936729541066389
33_t2,33,Siemens,1.5,t2,0.36303905583802304,2.0,1.636960944161977,2.3754069551406922,0.9999999999999996,1,13,0.6089215044755725,0.4505124844839115,1.2147533756755433,0.1496072049802972,1.0084549097168003,0.12965533005698238,0.18967459630675787
34_t1,34,Siemens,1.5,t1,0.36034257614855436,2.0000000000000004,1.639657423851446,2.5370701592440428,1.0000000000000002,1,15,0.65787713600866,0.45294540148613055,1.3678344641614477,0.09060608667924998,1.0038657044299344,0.19540492345163538,0.21433179656692183
34_t2,34,Siemens,1.5,t2,0.3543239809133217,2.0,1.6456760190866784,2.5358701075708345,1.0000000000000002,1,15,0.6524820292927892,0.46940266321047547,1.4189717831389779,0.08383174457661645,1.0033150190018985,0.20271025473413967,0.19546552232183687
34_t2_SPACE,34,Siemens,1.5,t2_SPACE,0.3573016271406272,2.0,1.642698372859373,2.536355751775268,1.0,1,15,0.6541405536938734,0.45534750807993013,1.3433221632415013,0.0886955950881463,1.0041917157544136,0.19190316617735734,0.20982659173808604
35_t1,35,Siemens,1.5,t1,0.3470541614701076,2.0,1.6529458385298925,2.7336402094790415,1.0,1,18,0.6386960552867572,0.4194811402868751,1.2616226071103007,0.1036688789981389,1.024892700773057,0.1473344340254094,0.257539280328706
35_t2,35,Siemens,1.5,t2,0.4309599521760939,1.9999999999999991,1.5690400478239053,1.6844930246854806,0.9999999999999999,1,7,0.62681588112938,0.35804160304681487,1.1285512794680639,0.05740642415451659,1.0110187207518038,0.1956159792994475,0.2669544100024391
35_t2_SPACE,35,Siemens,1.5,t2_SPACE,0.3488260644940504,1.9999999999999998,1.6511739355059494,2.733548951918129,0.9999999999999998,1,18,0.6372575655328957,0.42203868482514245,1.2590597968502142,0.103594840122498,1.0266630822912397,0.14494031708193475,0.25679040477073833
36_t1,36,Philips,3.0,t1,0.33110199522158706,2.0000000000000004,1.6688980047784134,2.529931204159669,1.0,1,15,0.5982089867117472,0.4661298498275436,1.2322765466643348,0.10651856440393649,1.0273167579166238,0.116904422847911,0.16497197724869045
36_t2,36,Philips,3.0,t2,0.33110199522158706,2.0000000000000004,1.6688980047784134,2.529931204159669,1.0,1,15,0.5982089867117472,0.4661298498275436,1.2322765466643348,0.10651856440393649,1.0273167579166238,0.116904422847911,0.16497197724869045
37_t1,37,Philips,3.0,t1,0.3538942069648489,1.9999999999999993,1.6461057930351504,2.372307779258665,0.9999999999999999,1,13,0.6449279852026254,0.5052847627394979,1.3397245741901265,0.09754283058652247,1.0142156146105277,0.22260966937115692,0.17473429856786438
37_t2,37,Philips,3.0,t2,0.3538942069648489,1.9999999999999993,1.6461057930351504,2.372307779258665,0.9999999999999999,1,13,0.6449279852026254,0.5052847627394979,1.3397245741901265,0.09754283058652247,1.0142156146105277,0.22260966937115692,0.17473429856786438
38_t1,38,Philips,3.0,t1,0.36460757020221485,1.9999999999999998,1.6353924297977849,2.535016657185329,1.0000000000000002,1,15,0.6228595533244305,0.4984852195924617,1.4302264607381823,0.08233973608268969,1.0498583197722244,0.20431806581974032,0.13038097701832524
38_t2,38,Philips,3.0,t2,0.36460757020221485,1.9999999999999998,1.6353924297977849,2.535016657185329,1.0000000000000002,1,15,0.6228595533244305,0.4984852195924617,1.4302264607381823,0.08233973608268969,1.0498583197722244,0.20431806581974032,0.13038097701832524
39_t1,39,Philips,3.0,t1,0.3392563300051897,1.9999999999999991,1.6607436699948095,2.374059809468407,1.0,1,13,0.6751771205513747,0.4529636396873273,1.3965970339987428,0.056602760796558585,1.0084783629945506,0.2327661723331238,0.2301175888615213
39_t2,39,Philips,3.0,t2,0.3392563300051897,1.9999999999999991,1.6607436699948095,2.374059809468407,1.0,1,13,0.6751771205513747,0.4529636396873273,1.3965970339987428,0.056602760796558585,1.0084783629945506,0.2327661723331238,0.2301175888615213
3_t1,3,Siemens,1.5,t1,0.33532043772268066,1.9999999999999987,1.664679562277318,2.3714023746734956,0.9999999999999999,1,13,0.6327794292278198,0.4352413951184542,1.1690646756129552,0.023726844420821784,1.0163794677758529,0.1948441126021592,0.17617798405811724
3_t2,3,Siemens,1.5,t2,0.33581282999212064,1.9999999999999991,1.6641871700078785,2.37148107196177,0.9999999999999998,1,13,0.6329634951386184,0.4346833764646133,1.1684496461987324,0.023820137942621094,1.0163216410378553,0.1947416076997887,0.1766792984338844
40_t1,40,Philips,3.0,t1,0.3463666539920802,2.0000000000000004,1.6536333460079202,2.533886043494906,0.9999999999999999,1,15,0.691693225288572,0.5795316626423124,2.08516385359649,0.12717791542166385,1.0038055240321473,0.2978805505137843,0.18431921796172704
40_t2,40,Philips,3.0,t2,0.3463666539920802,2.0000000000000004,1.6536333460079202,2.533886043494906,0.9999999999999999,1,15,0.691693225288572,0.5795316626423124,2.08516385359649,0.12717791542166385,1.0038055240321473,0.2978805505137843,0.18431921796172704
41_t2_SPACE,41,Siemens,1.5,t2_SPACE,0.3551186818796296,2.0,1.6448813181203703,2.675724206789408,1.0000000000000002,1,17,0.7309886088067119,0.496588302205595,2.006726467360639,0.08399551162087301,1.0147301197381262,0.2508408084200799,0.30250998529418294
42_t2,42,Philips,1.5,t2,0.3725522632202597,2.0000000000000013,1.6274477367797417,2.379263972952929,1.0000000000000002,1,13,0.6968610316892287,0.42739958172063974,1.427153321948962,0.042143795676698584,1.0030912775166387,0.23785888699149368,0.272006681668502
44_t1,44,Philips,3.0,t1,0.31526523093569075,2.0000000000000004,1.6847347690643097,2.5302695803662907,1.0000000000000002,1,15,0.6168129123262909,0.4548774881774111,1.2542012731267398,0.06871843936634939,1.0035765502257707,0.15642947049296443,0.16531248449194486
44_t2,44,Philips,3.0,t2,0.31526523093569075,2.0000000000000004,1.6847347690643097,2.5302695803662907,1.0000000000000002,1,15,0.6168129123262909,0.4548774881774111,1.2542012731267398,0.06871843936634939,1.0035765502257707,0.15642947049296443,0.16531248449194486
45_t1,45,Siemens,1.5,t1,0.3281688229456382,2.0000000000000004,1.6718311770543623,2.532765710516129,1.0000000000000004,1,15,0.681475853680887,0.4305080376553201,1.3970609551895634,0.10346032034463361,1.0050210398377415,0.1995801364556519,0.2607252642891061
45_t2,45,Siemens,1.5,t2,0.3281688229456382,2.0000000000000004,1.6718311770543623,2.532765710516129,1.0000000000000004,1,15,0.681475853680887,0.4305080376553201,1.3970609551895634,0.10346032034463361,1.0050210398377415,0.1995801364556519,0.2607252642891061
45_t2_SPACE,45,Siemens,1.5,t2_SPACE,0.32817200435832966,2.000000000000001,1.6718279956416713,2.5327081531829005,1.0,1,15,0.6793425801247454,0.429517416635835,1.3775652736364135,0.10319674319130438,1.0050506289631305,0.1967950390909162,0.25893906117639515
47_t1,47,Siemens,1.5,t1,0.36265655638945465,1.9999999999999987,1.637343443610544,2.537701461482088,0.9999999999999997,1,15,0.682229750538959,0.5577781801812893,1.76778564829073,0.19920064992542524,1.0032936008876976,0.2525408068986757,0.20938008711337938
47_t2,47,Siemens,1.5,t2,0.3613680457542012,2.0000000000000013,1.6386319542458,2.5380422534233738,0.9999999999999999,1,15,0.701115134672337,0.5409641688958117,1.7543475514758515,0.2041811531403886,1.0069917003015918,0.2506210787822645,0.25176849551560065
48_t1,48,Philips,3.0,t1,0.31415351415101095,1.9999999999999996,1.6858464858489886,2.5283339978244,1.0000000000000002,1,15,0.6386846602518854,0.49053790039304584,1.3406676078314819,0.09870513759893694,1.0157404233259588,0.17698387636066423,0.19162610989337592
48_t2,48,Philips,3.0,t2,0.31415351415101095,1.9999999999999996,1.6858464858489886,2.5283339978244,1.0000000000000002,1,15,0.6386846602518854,0.49053790039304584,1.3406676078314819,0.09870513759893694,1.0157404233259588,0.17698387636066423,0.19162610989337592
4_t1,4,Philips,3.0,t1,0.35806089384656703,1.9999999999999996,1.6419391061534325,2.3777820389629793,1.0000000000000002,1,13,0.6435137528646296,0.4234032539084923,1.2307093215563571,0.0822342940404585,1.0103972557804208,0.17172059611781254,0.22255920175555144
4_t2,4,Philips,3.0,t2,0.35806089384656703,1.9999999999999996,1.6419391061534325,2.3777820389629793,1.0000000000000002,1,13,0.6435137528646296,0.4234032539084923,1.2307093215563571,0.0822342940404585,1.0103972557804208,0.17172059611781254,0.22255920175555144
50_t1,50,Siemens,1.5,t1,0.3476638389054839,2.000000000000001,1.6523361610945169,2.67165799180101,1.0000000000000002,1,17,0.6466962597132806,0.4489631947148611,1.260948473131855,0.12257927910293429,1.0326423852386186,0.15761855914148187,0.21661099274923942
50_t2,50,Siemens,1.5,t2,0.348072666045159,1.9999999999999993,1.6519273339548404,2.671803715117635,1.0,1,17,0.6493471253492094,0.4553804397478447,1.3292062866011025,0.12271049763602059,1.0324386096712828,0.16615078582513781,0.21371185554193214
50_t2_SPACE,50,Siemens,1.5,t2_SPACE,0.35278222124781233,1.9999999999999987,1.6472177787521862,2.6724823912665157,0.9999999999999996,1,17,0.6605998252459069,0.4182928211139311,1.2065670748744755,0.1133840954014143,1.0363922069025717,0.14579086852585144,0.2579837601217003
51_t1,51,Philips,3.0,t1,0.31531927815815625,1.9999999999999996,1.6846807218418434,2.6678291655384214,1.0000000000000002,1,17,0.6671215582011016,0.5572768541232722,1.8139897224783266,0.13750692866028683,1.021619813678431,0.22674871530979082,0.19088459586755002
51_t2,51,Philips,3.0,t2,0.31531927815815625,1.9999999999999996,1.6846807218418434,2.6678291655384214,1.0000000000000002,1,17,0.6671215582011016,0.5572768541232722,1.8139897224783266,0.13750692866028683,1.021619813678431,0.22674871530979082,0.19088459586755002
52_t1,52,Siemens,1.5,t1,0.32943265440883623,2.000000000000001,1.6705673455911647,2.5310924264884616,1.0000000000000002,1,15,0.6240954392449344,0.4119382201269288,1.237532176093987,0.09249714030402977,1.0088957474801388,0.10834268365124414,0.2290046861593294
52_t2,52,Siemens,1.5,t2,0.33187693972333565,1.9999999999999984,1.6681230602766628,2.5318429575992187,0.9999999999999997,1,15,0.6129961286412854,0.4225543473838353,1.2206118422961252,0.10070084578101896,1.0095177295980011,0.10678470926128286,0.20677842354147125
52_t2_SPACE,52,Siemens,1.5,t2_SPACE,0.3273106467782979,2.0,1.6726893532217022,2.5305110680786673,1.0,1,15,0.6211117120930633,0.41608620754494113,1.2316119119848865,0.09258942014951399,1.0094148648208179,0.10780328404908045,0.2231503847217696
53_t1,53,Siemens,1.5,t1,0.34012870687154806,2.0,1.659871293128452,2.6699617578885566,1.0000000000000002,1,17,0.6322037851562091,0.5758777109076336,1.7343555612754562,0.06735398165178563,1.0882498831301772,0.21679444515943203,0.12663859829751248
53_t2,53,Siemens,1.5,t2,0.34012870687154806,2.0,1.659871293128452,2.6699617578885566,1.0000000000000002,1,17,0.6322037851562091,0.5758777109076336,1.7343555612754562,0.06735398165178563,1.0882498831301772,0.21679444515943203,0.12663859829751248
55_t1,55,Siemens,1.5,t1,0.3362904090274505,1.9999999999999996,1.663709590972549,2.6004674948757245,0.9999999999999999,1,16,0.6314069853149628,0.44088668589811114,1.2802177241027384,0.11284004669562071,1.010503769024219,0.18125909546219118,0.22921226210050835
55_t2,55,Siemens,1.5,t2,0.3320958802123054,1.9999999999999991,1.6679041197876936,2.5294410216994274,1.0,1,15,0.6453065797433695,0.4139425587989261,1.2498567198395265,0.10751431586507387,1.0105902149734338,0.14837257617728536,0.23442723755850614
55_t2_SPACE,55,Siemens,1.5,t2_SPACE,0.3343394708319844,1.9999999999999991,1.6656605291680147,2.5998174265230407,0.9999999999999998,1,16,0.6258179421261503,0.44303546511507463,1.2662949577236722,0.11227763568775134,1.0109952252279837,0.1757223637247342,0.22287881599315823
56_t1,56,Philips,3.0,t1,0.3360206271502034,2.000000000000001,1.6639793728497976,2.5320084793052997,1.0,1,15,0.6633405240541771,0.5152343811684691,1.6873547526496242,0.08795955331294406,1.001217208060138,0.24105067894994633,0.18039330116614735
56_t2,56,Philips,3.0,t2,0.3360206271502034,2.000000000000001,1.6639793728497976,2.5320084793052997,1.0,1,15,0.6633405240541771,0.5152343811684691,1.6873547526496242,0.08795955331294406,1.001217208060138,0.24105067894994633,0.18039330116614735
57_t1,57,Siemens,1.5,t1,0.3085634115186769,1.9999999999999987,1.6914365884813218,2.666894410888614,1.0,1,17,0.6486957129623482,0.4502826018172961,1.3112041022287477,0.14542323013615163,1.0027211038543435,0.1418519764455106,0.23662641359947933
57_t2,57,Siemens,1.5,t2,0.32970523524956424,2.000000000000001,1.6702947647504367,2.5303437385200995,1.0,1,15,0.6445825986195779,0.41331974263781474,1.226654575377433,0.08201819007680229,1.0029233498031178,0.14308361462374258,0.2381648109896384
57_t2_SPACE,57,Siemens,1.5,t2_SPACE,0.3128894899979444,1.9999999999999998,1.6871105100020554,2.667124725643489,0.9999999999999996,1,17,0.6475594820879773,0.45287322834342625,1.3074494874344886,0.14601876693676286,1.003372746376813,0.14239830663462028,0.2336655928023314
58_t1,58,Siemens,1.5,t1,0.3447518351600838,2.0000000000000004,1.6552481648399167,2.5341489245878686,1.0000000000000002,1,15,0.6266904178727827,0.4332244901118054,1.2127811177911378,0.08209997460882107,1.005454536973788,0.15744504882781435,0.18546298947100556
58_t2,58,Siemens,1.5,t2,0.3517436186536229,1.9999999999999991,1.6482563813463762,2.5337614043867442,0.9999999999999998,1,15,0.6307603668749902,0.43843275346987054,1.2394933992516906,0.08216725100762579,1.0051260855103041,0.16530937180334201,0.18631998578592282
59_t1,59,Philips,3.0,t1,0.368973915650291,1.9999999999999996,1.6310260843497086,2.374261103360797,1.0000000000000002,1,13,0.6184812024183578,0.4233372654564399,1.2186660024313982,0.022515046570305713,1.0079990171698505,0.15037493354549206,0.18966767169428325
59_t2,59,Philips,3.0,t2,0.368973915650291,1.9999999999999996,1.6310260843497086,2.374261103360797,1.0000000000000002,1,13,0.6184812024183578,0.4233372654564399,1.2186660024313982,0.022515046570305713,1.0079990171698505,0.15037493354549206,0.18966767169428325
5_t1,5,Siemens,1.5,t1,0.35250880194328316,1.999999999999999,1.6474911980567157,2.5358047415947804,0.9999999999999999,1,15,0.6774819325220606,0.45171565057435675,1.2672560552698187,0.14374699769528118,1.0025773888257274,0.17795602554517695,0.2737909727163818
5_t2,5,Siemens,1.5,t2,0.35250880194328316,1.999999999999999,1.6474911980567157,2.5358047415947804,0.9999999999999999,1,15,0.6774819325220608,0.45171565057435675,1.2672560552698189,0.14374699769528118,1.0025773888257274,0.17795602554517698,0.2737909727163819
5_t2_SPACE,5,Siemens,1.5,t2_SPACE,0.3592457597267431,2.0000000000000013,1.6407542402732582,2.537071722970965,1.0000000000000002,1,15,0.6984706602250159,0.4522768610675283,1.2893192527155002,0.15233310225818372,1.0034932673051562,0.18418846467364292,0.312534378665677
60_t1,60,Philips,3.0,t1,0.3586760485687479,1.9999999999999996,1.6413239514312516,2.534883618844986,0.9999999999999998,1,15,0.6164088550757786,0.4712772221890756,1.2714996809957748,0.11536643921999891,1.0121901646798315,0.15908078631532066,0.16179533170420488
60_t2,60,Philips,3.0,t2,0.3586760485687479,1.9999999999999996,1.6413239514312516,2.534883618844986,0.9999999999999998,1,15,0.6164088550757786,0.4712772221890756,1.2714996809957748,0.11536643921999891,1.0121901646798315,0.15908078631532066,0.16179533170420488
61_t1,61,Siemens,1.5,t1,0.3209492302645315,1.9999999999999993,1.679050769735468,2.6679674928498978,0.9999999999999998,1,17,0.6371701127165363,0.46701619943577183,1.2789359375702112,0.16324206218967371,1.0079540988090314,0.1492293635696419,0.20475712595299794
61_t2,61,Siemens,1.5,t2,0.323208134256106,1.9999999999999998,1.6767918657438938,2.668403255189073,0.9999999999999996,1,17,0.6355808667593077,0.46743651107587975,1.2787495347971716,0.16059739178573923,1.007420897769225,0.15043625687466403,0.20017308498886466
61_t2_SPACE,61,Siemens,1.5,t2_SPACE,0.32018172030623204,1.9999999999999991,1.679818279693767,2.6680113858677377,1.0,1,17,0.6395782846319579,0.45636832825792223,1.2562941019336398,0.16283697390013177,1.0088546372616856,0.13977047057491662,0.21933338426799365
62_t1,62,Siemens,1.5,t1,0.3469167498151076,2.000000000000001,1.6530832501848933,2.6726596889828365,1.0,1,17,0.7137897883416333,0.5427447726737546,2.0098796573650746,0.16378897231125514,1.0159093991975074,0.2512349571706343,0.2655683430553366
62_t2,62,Siemens,1.5,t2,0.34680241532450584,1.9999999999999993,1.6531975846754934,2.6728584539031193,1.0000000000000002,1,17,0.7220609923575405,0.5710413717693414,2.2026694864160428,0.1622566682951826,1.0166410538999737,0.27533368580200535,0.2590459229577686
63_t1,63,Philips,1.5,t1,0.26223584834962854,1.9999999999999991,1.7377641516503706,2.7795665145857815,1.0,1,19,0.6193991937949855,0.4702863509492675,1.3475118255761822,0.06470094150585086,1.0214924929984486,0.13773479601452923,0.169885724219329
63_t2,63,Philips,1.5,t2,0.26223584834962854,1.9999999999999991,1.7377641516503706,2.7795665145857815,1.0,1,19,0.6193991937949855,0.4702863509492675,1.3475118255761822,0.06470094150585086,1.0214924929984486,0.13773479601452923,0.169885724219329
64_t1,64,Siemens,1.5,t1,0.3224874676780239,1.9999999999999998,1.677512532321976,2.53121388157209,1.0,1,15,0.680757700770077,0.5010532107137051,1.43263201320132,0.15625237630010866,1.0229617493606793,0.19032590759075904,0.26844059405940596
64_t2,64,Siemens,1.5,t2,0.3587668180379022,2.0,1.6412331819620978,2.377554017087993,0.9999999999999999,1,13,0.6822405448648935,0.4218965842714591,1.2495585892080443,0.06044419065571384,1.0058325876368401,0.20825976486800737,0.26992808233926185
65_t1,65,Siemens,1.5,t1,0.3051858789813914,2.0,1.6948141210186085,2.7862783018608956,1.0,1,19,0.624253575510152,0.546540709456761,1.6679561537699614,0.11577345183717902,1.0419552474388367,0.1853284615299957,0.13254019788032534
65_t2,65,Siemens,1.5,t2,0.31393653675291067,1.9999999999999993,1.6860634632470886,2.787132865507318,1.0000000000000002,1,19,0.6202934999458802,0.5364820125860474,1.5725931161287923,0.11663663639369418,1.0432166399199183,0.1747325684587547,0.13477593142699237
65_t2_SPACE,65,Siemens,1.5,t2_SPACE,0.32315669294697685,2.000000000000001,1.676843307053024,2.788357402076108,0.9999999999999998,1,19,0.6324474874659619,0.5450142041584154,1.7278499694529676,0.11152550140076696,1.0506723910298443,0.19198332993921863,0.14318358804447892
66_t1,66,Philips,1.5,t1,0.28686352390727576,1.9999999999999996,1.713136476092724,2.7858067029130007,1.0,1,19,0.6333559606819502,0.5726744427971154,1.8406254482857551,0.15753143987946974,1.0027103690556616,0.20451393869841725,0.13257086718570005
66_t2,66,Philips,1.5,t2,0.2875099500868694,2.0000000000000004,1.712490049913131,2.786613996905473,1.0000000000000002,1,19,0.6455750008855624,0.5910413559667183,2.03507660635813,0.15500467402591028,1.0038808791925862,0.2261196229286811,0.13676093449639515
67_t1,67,Siemens,3.0,t1,0.3709321245806523,1.9999999999999996,1.6290678754193473,2.3794933440913706,1.0,1,13,0.6714664783219829,0.4513167644653265,1.408880582119073,0.04247534685600844,1.021690967433091,0.23481343035317886,0.22003060601111735
67_t2,67,Siemens,3.0,t2,0.3714684950636159,1.9999999999999996,1.6285315049363835,2.379382414170754,1.0000000000000002,1,13,0.6699779578219947,0.4514038677397331,1.4044292863100205,0.040876319222608155,1.0217215442000303,0.23407154771833674,0.21754736089598475
68_t1,68,Siemens,1.5,t1,0.30721015621050446,1.9999999999999996,1.692789843789495,2.6671919868429144,1.0000000000000002,1,17,0.6021282703338608,0.45229740691437587,1.2644155716445613,0.0627262829738675,1.0130483975880358,0.13201725812201145,0.147505316337443
68_t2,68,Siemens,1.5,t2,0.3087783313810221,2.000000000000001,1.6912216686189787,2.6672892463372166,1.0000000000000002,1,17,0.5994028964009344,0.4510960509296874,1.22648609209631,0.059224699503893974,1.0136511668049555,0.12762643362490883,0.14610472122707635
69_t1,69,Siemens,1.5,t1,0.36066060265509375,1.9999999999999996,1.6393393973449057,2.5349668918658153,1.0000000000000002,1,15,0.6946148918781615,0.4922491158191954,1.6620502286130807,0.12485778317389867,1.0035644187541446,0.23743574694472583,0.2510247356513343
69_t2,69,Siemens,1.5,t2,0.36066060265509375,1.9999999999999996,1.6393393973449057,2.5349668918658153,1.0000000000000002,1,15,0.6946148918781615,0.4922491158191954,1.6620502286130807,0.12485778317389867,1.0035644187541446,0.23743574694472583,0.2510247356513343
69_t2_SPACE,69,Siemens,1.5,t2_SPACE,0.3575121420752408,1.9999999999999991,1.6424878579247584,2.5339487201573245,1.0000000000000002,1,15,0.690551695439987,0.4914610340034449,1.6229327319167965,0.12294145362777226,1.0038708381338055,0.23184753313097092,0.24790609995471555
6_t2,6,Siemens,1.5,t2,0.36587564631158176,1.9999999999999993,1.6341243536884176,2.3778639093440903,0.9999999999999999,1,13,0.723028890970533,0.5005022341056315,1.8641966174925646,0.06257126317601411,1.0034366282746532,0.3106994362487608,0.25586316085406097
71_t1,71,Siemens,1.5,t1,0.32533983616758866,1.9999999999999982,1.6746601638324097,2.669740259312981,1.0,1,17,0.6184537183690008,0.5207575190995001,1.547011758157657,0.1001956822486292,1.008075333675763,0.19337646976970713,0.12083768176441942
71_t2,71,Siemens,1.5,t2,0.3217729951750658,2.0000000000000027,1.6782270048249368,2.669214892710544,1.0,1,17,0.6230341035603119,0.5366869332883042,1.6635766705291621,0.10263833352285326,1.0078353531628153,0.20794708381614527,0.11600038624951721
72_t1,72,Siemens,1.5,t1,0.3117313280790639,2.000000000000001,1.688268671920937,2.6668284422200186,1.0,1,17,0.6659250378024713,0.45535807576551246,1.3666736709392728,0.11651232687413957,1.0068677641676846,0.1644077887511382,0.2506829165791133
73_t1,73,Siemens,1.5,t1,0.3492003921577385,2.0000000000000004,1.650799607842262,2.533780029939507,0.9999999999999999,1,15,0.6310066209061468,0.4224187710911895,1.1999756828154877,0.06717606328039999,1.0172707800111345,0.1409070309823037,0.2112500138165821
73_t2,73,Siemens,1.5,t2,0.34800097151053405,1.9999999999999996,1.6519990284894654,2.5335806297454586,1.0,1,15,0.6313087238786113,0.4222771475616821,1.2016135907431664,0.06758931390420365,1.017093166821397,0.14151857334397694,0.21128583496733297
74_t1,74,Philips,3.0,t1,0.35506526457549337,1.9999999999999993,1.6449347354245059,2.3807892246657945,0.9999999999999999,1,13,0.6321768790982332,0.4065126769762423,1.1815130981088062,0.04561886087549707,1.0178039290914265,0.1605046045523173,0.20921196682718793
74_t2,74,Philips,3.0,t2,0.35506526457549337,1.9999999999999993,1.6449347354245059,2.3807892246657945,0.9999999999999999,1,13,0.6321768790982332,0.4065126769762423,1.1815130981088062,0.04561886087549707,1.0178039290914265,0.1605046045523173,0.20921196682718793
75_t1,75,Philips,3.0,t1,0.382076762516185,2.0,1.617923237483815,2.377539623902173,0.9999999999999999,1,13,0.6994979918512263,0.5690067495213752,1.9121143012490374,0.0974342508591693,1.0101544994492906,0.31868571687483954,0.19689326546948396
75_t2,75,Philips,3.0,t2,0.376973172413284,2.000000000000001,1.6230268275867168,2.3767090976378302,1.0,1,13,0.7006337632807232,0.5505417612054609,1.8198613613460775,0.09861466412034717,1.0113574196559088,0.3033102268910129,0.21472959355055424
77_t1,77,Siemens,1.5,t1,0.3695293272422325,1.999999999999999,1.6304706727577665,2.3790380882783064,0.9999999999999999,1,13,0.6693782938262897,0.46860201191941514,1.439941960718341,0.09346265500703602,1.0069356006885646,0.23999032678639018,0.2103293098372376
78_t1,78,Siemens,1.5,t1,0.3387450473008469,2.0,1.6612549526991531,2.5330930406210146,1.0000000000000002,1,15,0.644558996001907,0.44872573887370854,1.286546577638171,0.06179808638970301,1.0133648076404804,0.18379236823402445,0.19740548034149039
78_t2,78,Siemens,1.5,t2,0.3387450473008469,2.0,1.6612549526991531,2.5330930406210146,1.0000000000000002,1,15,0.644558996001907,0.44872573887370854,1.286546577638171,0.06179808638970301,1.0133648076404804,0.18379236823402445,0.19740548034149039
78_t2_SPACE,78,Siemens,1.5,t2_SPACE,0.34126284548182195,2.000000000000001,1.658737154518179,2.532901856687766,1.0,1,15,0.6428402981252664,0.45196206052734456,1.2750041718093925,0.06154200122670795,1.013936464754125,0.18214345311562752,0.19537147143851502
7_t1,7,Siemens,1.5,t1,0.34992002904044694,1.9999999999999991,1.6500799709595522,2.5345008324752487,0.9999999999999998,1,15,0.6622090196048789,0.4608596187541115,1.3545809806722753,0.11627421883800787,1.0030805941150194,0.18601328828318103,0.2330060394415595
7_t2,7,Siemens,1.5,t2,0.35446687855890474,2.000000000000001,1.6455331214410962,2.5356424836814773,1.0000000000000004,1,15,0.6564756591958896,0.45761387775264784,1.3676568567542529,0.11599158784546454,1.0045092348616624,0.18295322386706353,0.2237803315526995
7_t2_SPACE,7,Siemens,1.5,t2_SPACE,0.35269221199305856,2.0,1.6473077880069416,2.535040664409076,1.0,1,15,0.6540858283702694,0.46160212079677165,1.4413730468486232,0.11690421060237195,1.0051886982456444,0.1799276135427499,0.22168487582211302
80_t1,80,Philips,3.0,t1,0.31142767330051413,2.0000000000000004,1.6885723266994863,2.5285712673209977,1.0000000000000002,1,15,0.6515029994783516,0.5322503510008745,1.535357981220657,0.12202384995749167,1.002024858062287,0.21933685446009388,0.1767410015649452
80_t2,80,Philips,3.0,t2,0.31511037825387705,1.9999999999999996,1.6848896217461224,2.5287362866727103,1.0000000000000002,1,15,0.6557770853999879,0.5391551319318159,1.5972573456471018,0.12189008432798622,1.0020235583818522,0.22817962080672882,0.17705699076467385
81_t1,81,Siemens,1.5,t1,0.3367696361563832,1.9999999999999996,1.6632303638436163,2.5341253412677522,0.9999999999999998,1,15,0.6533141282252732,0.4880200772628579,1.3808036215346626,0.13708823979291487,1.0062265976500744,0.19725766021923755,0.20270118597777695
81_t2,81,Siemens,1.5,t2,0.3403569472150938,2.0,1.6596430527849062,2.534357861132506,1.0000000000000002,1,15,0.6458282437126942,0.4884171354354757,1.3618785248330167,0.1361457806535252,1.0069828236349463,0.19455407497614527,0.189363590122485
81_t2_SPACE,81,Siemens,1.5,t2_SPACE,0.3425210941864165,2.0,1.6574789058135835,2.5347414212812405,1.0,1,15,0.6496856678785339,0.5000939420775095,1.413550650912654,0.14405990909073899,1.0083945985666996,0.2019358072732363,0.19024776675219338
82_t1,82,Siemens,1.5,t1,0.3184289685999949,1.9999999999999996,1.6815710314000047,2.524323363974975,0.9999999999999999,1,15,0.6029852986649614,0.5285530124809091,1.3522376230490036,0.12379739311481405,1.1307042902510018,0.16749975232588513,0.12461160195617521
82_t2,82,Siemens,1.5,t2,0.32088240126935086,1.9999999999999998,1.6791175987306488,2.523739473264588,1.0,1,15,0.6056990813377588,0.5230127546003683,1.3306558985866894,0.12199838399728583,1.1242569737162016,0.16460910494502404,0.13331749792160222
83_t1,83,Philips,3.0,t1,0.3564466138219605,1.9999999999999996,1.6435533861780391,2.3719343652363127,0.9999999999999999,1,13,0.5815059451030424,0.44509702837111936,1.2234508177839205,0.05889623851725849,1.0127395275724587,0.11351071181755355,0.14641883590570526
83_t2,83,Philips,3.0,t2,0.3564466138219605,1.9999999999999996,1.6435533861780391,2.3719343652363127,0.9999999999999999,1,13,0.5815059451030424,0.44509702837111936,1.2234508177839205,0.05889623851725849,1.0127395275724587,0.11351071181755355,0.14641883590570526
85_t1,85,Siemens,1.5,t1,0.3572013970520394,1.9999999999999996,1.6427986029479602,2.6719823862196206,0.9999999999999996,1,17,0.6247963909329327,0.4931595844744276,1.3679780749704222,0.10950328755987952,1.044897999396132,0.148023901876507,0.17966842885597475
85_t2,85,Siemens,1.5,t2,0.352638562520918,2.0000000000000004,1.6473614374790824,2.671483463390535,1.0,1,17,0.626346793453308,0.5060314688002902,1.3621250077638143,0.11373790681228983,1.044654303434839,0.1602451295004244,0.17074180658785532
86_t1,86,Philips,3.0,t1,0.3560979405658989,2.0,1.6439020594341012,2.373917309804657,0.9999999999999998,1,13,0.6206907792273646,0.44773944446864167,1.317638195686976,0.06288147882420897,1.0065728543492631,0.15853658536585366,0.18629343629343628
86_t2,86,Philips,3.0,t2,0.3560979405658989,2.0,1.6439020594341012,2.373917309804657,0.9999999999999998,1,13,0.6206907792273646,0.44773944446864167,1.317638195686976,0.06288147882420897,1.0065728543492631,0.15853658536585366,0.18629343629343628
87_t1,87,Philips,3.0,t1,0.3658141942319601,2.0,1.6341858057680398,2.3731947769109967,0.9999999999999999,1,13,0.6549038636412168,0.42694849032597243,1.2088617893961005,0.06295234510306925,1.0454918119178958,0.18586497688353706,0.23309339433909887
87_t2,87,Philips,3.0,t2,0.3658141942319601,2.0,1.6341858057680398,2.3731947769109967,0.9999999999999999,1,13,0.6549038636412168,0.42694849032597243,1.2088617893961005,0.06295234510306925,1.0454918119178958,0.18586497688353706,0.23309339433909887
88_t1,88,Siemens,1.5,t1,0.32749540397964666,1.9999999999999991,1.6725045960203524,2.370610244250829,1.0000000000000002,1,13,0.6032442299075197,0.4369340309034039,1.1178476105125759,0.05875026542803852,1.0068007808131303,0.1672933429445343,0.13973582185509167
88_t2,88,Siemens,1.5,t2,0.3273032838222371,2.0000000000000004,1.6726967161777633,2.370529498125009,1.0,1,13,0.6031837321556948,0.43699757880534823,1.1186725157352662,0.05919390937875888,1.0068285187015458,0.167226142793566,0.13967194354377263
89_t2,89,Siemens,1.5,t2,0.3585391385102255,2.000000000000001,1.6414608614897754,2.3758519541205287,1.0,1,13,0.7049411864652766,0.4762348224919969,1.6979430306934793,0.03492052314606065,1.005708263633446,0.2829905051155799,0.24438206555918576
8_t1,8,Siemens,1.5,t1,0.3175253479491409,1.9999999999999987,1.6824746520508578,2.6691286643401435,1.0,1,17,0.6813772450269282,0.5671408252158874,2.131563341088454,0.08847131947586444,1.0111753364407718,0.2664454176360567,0.18148122804616576
8_t2,8,Siemens,1.5,t2,0.31916251819652564,1.9999999999999993,1.6808374818034737,2.6696568792628446,1.0000000000000002,1,17,0.6802770375975763,0.5595393752375949,2.0881346653893527,0.0884713194758646,1.0111753364407714,0.2610168331736691,0.1845718717211806
90_t1,90,Siemens,1.5,t1,0.3540488348695556,2.0,1.6459511651304444,2.376194560378581,0.9999999999999999,1,13,0.6098642930806819,0.41891184680293997,1.1273023430647786,0.04416493332827323,1.0051344218326546,0.14680177922566093,0.1745708557824834
90_t2,90,Siemens,1.5,t2,0.35233943667544315,2.000000000000001,1.6476605633245578,2.3757880323620757,1.0000000000000004,1,13,0.6248897467027779,0.42123066100968576,1.1214083367057872,0.04753558115878993,1.0050717533594424,0.1694882863438104,0.18443949817887492
91_t2,91,Siemens,1.5,t2,0.33128247685380846,2.0,1.6687175231461915,2.5280237914581485,1.0,1,15,0.6664420209501869,0.5145098837472,1.4065262092650208,0.03218329774263883,1.0618459216797715,0.20093231560928868,0.22715772928396866
93_t1,93,Siemens,1.5,t1,0.36115516023167427,1.9999999999999993,1.638844839768325,2.376362211662497,1.0,1,13,0.6006398720565228,0.4390099816753878,1.1807333085344889,0.09518483258853175,1.0120427760506854,0.15713754310474828,0.1442488463510511
93_t2,93,Siemens,1.5,t2,0.36181340188297106,2.0,1.638186598117029,2.3765068393543762,1.0,1,13,0.600322673724715,0.43922133046363365,1.1793925949927098,0.09525012135922534,1.0119676510378517,0.15663671597522527,0.14406241042832396
94_t1,94,Philips,3.0,t1,0.3607082921924739,2.0000000000000018,1.6392917078075278,2.538619798575925,1.0000000000000002,1,15,0.677387730389931,0.4907626158716026,1.3885570575290789,0.13109332443518582,1.030408018542523,0.19836529393272556,0.2531798426171265
94_t2,94,Philips,3.0,t2,0.3607082921924739,2.0000000000000018,1.6392917078075278,2.538619798575925,1.0000000000000002,1,15,0.677387730389931,0.4907626158716026,1.3885570575290789,0.13109332443518582,1.030408018542523,0.19836529393272556,0.2531798426171265
95_t1,95,Philips,3.0,t1,0.39645724820707234,1.9999999999999996,1.6035427517929273,2.3815956270626146,1.0000000000000002,1,13,0.6494741604572358,0.4782652192924765,1.3739389886311024,0.1010171108642397,1.0090817598375712,0.22898983143851706,0.17820418288549367
95_t2,95,Philips,3.0,t2,0.3745487738262465,2.0000000000000018,1.6254512261737553,2.3777261440695345,1.0000000000000002,1,13,0.652421170580422,0.47302921943599974,1.3537194140593032,0.09231541585757184,1.0082266228830763,0.22561990234321722,0.18795930058103058
96_t1,96,Siemens,1.5,t1,0.3404782872149158,2.000000000000001,1.659521712785085,2.6710859143388848,1.0,1,17,0.6488194592986376,0.5158605385401768,1.4756336048128047,0.12651642338614244,1.0321966129568416,0.1844542006016006,0.19428715040800457
96_t2,96,Siemens,1.5,t2,0.3419404373651673,2.0,1.6580595626348327,2.670783387806549,1.0,1,17,0.6616021025530003,0.5429064589291844,1.732399382642764,0.1317781207881201,1.0286676475222034,0.2165499228303455,0.18935454509478017
97_t2,97,Siemens,1.5,t2,0.35409335615861853,1.9999999999999991,1.6459066438413805,2.530165734458307,0.9999999999999998,1,15,0.6183809267007053,0.4980329831879348,1.3040785616742194,0.05813936633394162,1.13927986955995,0.1431802169318152,0.18192176885541067
98_t1,98,Siemens,1.5,t1,0.34161753403399886,2.0,1.6583824659660011,2.673726613095466,1.0000000000000002,1,17,0.6802031890241096,0.5468257673988275,1.8442786329246021,0.15585291735422843,1.0096203373943522,0.23053482911557527,0.21489694756065744
98_t2,98,Siemens,1.5,t2,0.34791383678547305,2.0,1.652086163214527,2.5354979229798453,1.0,1,15,0.6588573416840642,0.4678058605706758,1.4963778705636746,0.07665376155440311,1.008880049300046,0.21376826722338207,0.19806889352818374
98_t2_SPACE,98,Siemens,1.5,t2_SPACE,0.3569677707009724,2.0,1.6430322292990276,2.6066279257848057,0.9999999999999999,1,16,0.6345047924588924,0.4881979636137875,1.6305742918321577,0.08177479150655596,1.0096038875395186,0.2329391845474511,0.19018779843876496
99_t2,99,Philips,3.0,t2,0.3053580386965064,2.000000000000001,1.6946419613034944,2.667100591170488,1.0,1,17,0.6837582525408595,0.6019764333213374,2.2988606806608787,0.08628759943516347,1.0066534519929042,0.28735758508260983,0.16562870156671672
9_t1,9,Siemens,1.5,t1,0.32719042624887423,1.9999999999999996,1.6728095737511253,2.5313032969601896,0.9999999999999998,1,15,0.6203086633444165,0.5059869221412338,1.30173975348796,0.13099739041933994,1.0235074501059325,0.1618993181068004,0.16733353191694908
9_t2,9,Siemens,1.5,t2,0.32861683093475336,1.9999999999999998,1.6713831690652463,2.5305629123065176,1.0,1,15,0.6302424286022589,0.5141600554908703,1.3277102366736209,0.12379184024618477,1.0252138474613552,0.1787795328188106,0.1717399570431727
