series,patient,vendor,field,sequence,spec_lambda2,spec_lambdamax,spec_gap,spec_entropy,spec_mean,connected,n_nodes,relvol_mean,relvol_std,relvol_max,rel_spacing_cv,rel_tortuosity,rel_canal_vol,rel_disc_vert
100_t1,100,Philips,1.5,t1,0.3690520276169768,2.0,1.6309479723830231,2.184518740632316,1.0000000000000002,1,11,0.6002063445060188,0.3864213224333297,1.0671888733777983,0.003742351819253777,1.0368586188747246,0.12454371542319423,0.19591024249004704
100_t2,100,Philips,1.5,t2,0.3690520276169768,2.0,1.6309479723830231,2.184518740632316,1.0000000000000002,1,11,0.6002063445060188,0.3864213224333297,1.0671888733777983,0.003742351819253777,1.0368586188747246,0.12454371542319423,0.19591024249004704
101_t1,101,Siemens,1.5,t1,0.3813507914541558,1.9999999999999998,1.618649208545844,2.186990567695986,1.0,1,11,0.6111643722988046,0.37844435337660215,1.1087221141485502,0.025283706569164347,1.0180420972627846,0.12783408984903816,0.21672752920833194
101_t2,101,Siemens,1.5,t2,0.3805987737135796,1.9999999999999996,1.61940122628642,2.186855264302082,1.0,1,11,0.6106952471149358,0.37905833953729806,1.1069961483948976,0.024995650908008406,1.0179887237080232,0.12838416758085566,0.21514537607200337
104_t1,104,Siemens,1.5,t1,0.36899755718204935,2.000000000000001,1.6310024428179515,2.1892810368581457,1.0,1,11,0.6075900448291855,0.3788283725177367,1.086798577832741,0.04750380888967446,1.0087989077055026,0.11997217498840626,0.21672592363580157
104_t2,104,Siemens,1.5,t2,0.3726033377039791,1.9999999999999991,1.62739666229602,2.1897532964263005,1.0,1,11,0.6143955608863126,0.3790879570883774,1.0810997880927282,0.05344488875573882,1.0097389120394653,0.13458773919432643,0.2170824947555612
105_t1,105,Philips,3.0,t1,0.3837971633927375,1.9999999999999978,1.6162028366072603,2.1896471852865895,0.9999999999999999,1,11,0.6218303470469427,0.37600696278033013,1.0723987075744144,0.04631051870228215,1.0138088823224618,0.14413976496154174,0.2238869985417322
105_t2,105,Philips,3.0,t2,0.3837971633927375,1.9999999999999978,1.6162028366072603,2.1896471852865895,0.9999999999999999,1,11,0.6218303470469427,0.37600696278033013,1.0723987075744144,0.04631051870228215,1.0138088823224618,0.14413976496154174,0.2238869985417322
106_t1,106,Siemens,1.5,t1,0.3863032601562631,1.9999999999999987,1.6136967398437356,2.1874584867725586,0.9999999999999997,1,11,0.5893259356460736,0.3897314232780471,1.0817147974462922,0.03107807307700532,1.0074685871376223,0.10648152606187831,0.1900355323594835
106_t2,106,Siemens,1.5,t2,0.3861252059428451,2.000000000000001,1.6138747940571558,2.187801173684497,1.0,1,11,0.5862348454246429,0.390696361624175,1.0793563775559276,0.031141972533380236,1.007544632730637,0.10078481158751226,0.18893184834670207
107_t1,107,Siemens,1.5,t1,0.3743311485425005,2.000000000000001,1.6256688514575004,2.191131771199724,1.0000000000000002,1,11,0.6002041582578497,0.37920990316980047,1.0690500774393392,0.09772498792102426,1.0232240446598106,0.08626226122870419,0.2341868869385648
107_t2,107,Siemens,1.5,t2,0.3743311485425005,2.000000000000001,1.6256688514575004,2.191131771199724,1.0000000000000002,1,11,0.6002041582578497,0.37920990316980047,1.0690500774393392,0.09772498792102426,1.0232240446598106,0.08626226122870419,0.2341868869385648
107_t2_SPACE,107,Siemens,1.5,t2_SPACE,0.36810681954949626,1.9999999999999996,1.6318931804505032,2.189873892782699,1.0,1,11,0.5928105034974551,0.39019097230351263,1.17934468331179,0.1057507252959053,1.0253489144648351,0.08275052724675148,0.2214325804476495
108_t1,108,Siemens,1.5,t1,0.3936644709307278,1.9999999999999998,1.606335529069272,2.1874119362796938,1.0,1,11,0.6506723543703034,0.3576217326428425,1.1374495027967682,0.04999820755340727,1.003375301239868,0.16078503729024238,0.27069414232442507
108_t2,108,Siemens,1.5,t2,0.38627169172462816,1.9999999999999996,1.6137283082753715,2.185860959819495,0.9999999999999997,1,11,0.6646637431647711,0.36163678537544414,1.0966686295141468,0.054576340629069436,1.0066861145455241,0.1874487165873483,0.27481151837514833
109_t1,109,Philips,3.0,t1,0.38098488814737097,2.0,1.619015111852629,2.1931811562830754,1.0,1,11,0.563105235307379,0.41331456708537345,1.080951840833982,0.05687087957404448,1.0093113609550355,0.09413490340841717,0.14469661426781671
109_t2,109,Philips,3.0,t2,0.38098488814737097,2.0,1.619015111852629,2.1931811562830754,1.0,1,11,0.563105235307379,0.41331456708537345,1.080951840833982,0.05687087957404448,1.0093113609550355,0.09413490340841717,0.14469661426781671
10_t1,10,Siemens,3.0,t1,0.39606030756040145,1.9999999999999998,1.6039396924395983,2.194067629394435,1.0,1,11,0.5861662692608252,0.3992824884344205,1.1026228785541106,0.047391185362997246,1.0255339400068215,0.11977430019836896,0.16979149217544634
10_t2,10,Siemens,3.0,t2,0.39595896313173046,2.0,1.6040410368682696,2.1940925177376758,1.0000000000000002,1,11,0.5861850664943549,0.3992532966188428,1.101191047930074,0.04702664132974749,1.0255882117880555,0.11983479012582846,0.16977235616175199
110_t1,110,Siemens,1.5,t1,0.4005315480099375,1.999999999999999,1.5994684519900613,2.1920296002543447,0.9999999999999997,1,11,0.6769053870927408,0.3877426986934507,1.1499804839968775,0.054609369444089714,1.0079886854069875,0.2299960967993755,0.25919575480465407
110_t2,110,Siemens,1.5,t2,0.4005315480099375,1.999999999999999,1.5994684519900613,2.1920296002543447,0.9999999999999997,1,11,0.6769053870927408,0.3877426986934507,1.1499804839968775,0.054609369444089714,1.0079886854069875,0.2299960967993755,0.25919575480465407
110_t2_SPACE,110,Siemens,1.5,t2_SPACE,0.39633341843119446,2.0,1.6036665815688056,2.19075971358798,0.9999999999999999,1,11,0.6701101420359575,0.38852193249649425,1.1117772521889797,0.05169003498932913,1.0095033094749646,0.22235545043779595,0.2518868620413109
112_t1,112,Philips,3.0,t1,0.38252457991921596,2.0,1.6174754200807842,2.1917106180768133,1.0000000000000002,1,11,0.6548249084973786,0.4229011759814093,1.174011606819006,0.020108007961060617,1.0046427890774772,0.23435799782372146,0.2062568008705114
112_t2,112,Philips,3.0,t2,0.38252457991921596,2.0,1.6174754200807842,2.1917106180768133,1.0000000000000002,1,11,0.6548249084973786,0.4229011759814093,1.174011606819006,0.020108007961060617,1.0046427890774772,0.23435799782372146,0.2062568008705114
113_t1,113,Philips,3.0,t1,0.3618559454536871,2.0,1.6381440545463128,2.186210783967685,0.9999999999999999,1,11,0.6260384461438192,0.3663342487371397,1.1106946394822141,0.04623853938412879,1.001510112061264,0.11430562447867725,0.2629789570377253
113_t2,113,Philips,3.0,t2,0.3618559454536871,2.0,1.6381440545463128,2.186210783967685,0.9999999999999999,1,11,0.6260384461438192,0.3663342487371397,1.1106946394822141,0.04623853938412879,1.001510112061264,0.11430562447867725,0.2629789570377253
115_t1,115,Philips,3.0,t1,0.36538858723805695,2.0000000000000004,1.6346114127619435,2.1857323229944874,1.0,1,11,0.6246994900361483,0.39707563472267554,1.1318772665406083,0.016692783754416372,1.011105718740839,0.16644286719099688,0.2078960108885296
115_t2,115,Philips,3.0,t2,0.36538858723805695,2.0000000000000004,1.6346114127619435,2.1857323229944874,1.0,1,11,0.6246994900361483,0.39707563472267554,1.1318772665406083,0.016692783754416372,1.011105718740839,0.16644286719099688,0.2078960108885296
116_t1,116,Siemens,3.0,t1,0.3820781507300278,1.999999999999999,1.6179218492699712,2.1852439930061576,0.9999999999999999,1,11,0.5953038272645376,0.42883177750007645,1.0746563598849206,0.021329152712363787,1.0115424553780359,0.18087239545494171,0.1287960245270408
116_t2,116,Siemens,3.0,t2,0.40609100738770815,2.0000000000000004,1.5939089926122922,2.194854931791389,1.0,1,11,0.6403927676757746,0.44544588126625084,1.2454216956318676,0.021114792866433897,1.0148540477526464,0.2490843391263735,0.15977974976033038
117_t1,117,Philips,3.0,t1,0.3710450616321955,1.9999999999999998,1.6289549383678041,2.1885547278941,0.9999999999999999,1,11,0.5768416288012201,0.4148534576130075,1.113957286029906,0.01776701897212122,1.0234100796862124,0.11761551023021997,0.15143607313246452
117_t2,117,Philips,3.0,t2,0.37073019263107987,2.0,1.62926980736892,2.1885683339814546,1.0000000000000002,1,11,0.5767510461985573,0.4149558272848219,1.1134178146850349,0.019349266603395702,1.02381845352465,0.11751388022208355,0.15133842141474263
118_t1,118,Siemens,1.5,t1,0.3749756754516209,2.0,1.625024324548379,2.1886192003146525,1.0,1,11,0.5985249930597516,0.38611844618376556,1.0928237830070058,0.029189779719312935,1.018664785083429,0.11687174420693372,0.1998832405245195
118_t2,118,Siemens,1.5,t2,0.3758295279434599,2.0000000000000004,1.6241704720565404,2.188165154099581,1.0000000000000002,1,11,0.6015536843583403,0.3851291355992478,1.09858222540961,0.02994167012796167,1.0169932863928115,0.1198212611022232,0.20359684448612567
118_t2_SPACE,118,Siemens,1.5,t2_SPACE,0.3728565770138425,2.0,1.6271434229861574,2.187143728093966,1.0,1,11,0.5989480163893621,0.3868463854418421,1.1333800600068862,0.03401065032294505,1.01735281497519,0.1161075861164396,0.2015780499401571
11_t1,11,Siemens,1.5,t1,0.38211983049573306,2.0,1.617880169504267,2.1905589485273413,0.9999999999999997,1,11,0.6006435258319004,0.40377453223807985,1.0558374767201462,0.03724895345830376,1.031007094623242,0.1539844857928819,0.16743127103729902
11_t2,11,Siemens,1.5,t2,0.3801369730511676,2.0,1.6198630269488323,2.19010103313466,0.9999999999999999,1,11,0.6100008514468515,0.39126802457722015,1.0380353472078625,0.041987844697288376,1.0299954491933252,0.15078312837791266,0.19121874480516055
11_t2_SPACE,11,Siemens,1.5,t2_SPACE,0.3820993648138743,1.9999999999999993,1.6179006351861251,2.1900152738711784,1.0,1,11,0.6107553608290853,0.38850412666705064,1.0856792867999001,0.034660928145330325,1.032422918005242,0.14566920840881323,0.1979925854151746
120_t2,120,Siemens,1.5,t2,0.37718271365470196,1.9999999999999996,1.6228172863452976,2.1896865945269384,0.9999999999999997,1,11,0.6319994142983183,0.4106708989513088,1.0758793901257149,0.023495536049941427,1.004766872864466,0.20285008394643808,0.187548627509862
121_t1,121,Philips,3.0,t1,0.37656915381300016,1.9999999999999998,1.6234308461869995,2.1851489466491048,1.0000000000000002,1,11,0.6138746989448732,0.42303762486096397,1.1526558557611437,0.05306979251059541,1.0032399109404802,0.18544338730025228,0.16508095037846926
121_t2,121,Philips,3.0,t2,0.37656915381300016,1.9999999999999998,1.6234308461869995,2.1851489466491048,1.0000000000000002,1,11,0.6138746989448732,0.42303762486096397,1.1526558557611437,0.05306979251059541,1.0032399109404802,0.18544338730025228,0.16508095037846926
122_t1,122,Siemens,1.5,t1,0.35663204726613373,1.9999999999999998,1.643367952733866,2.1847050394302463,0.9999999999999999,1,11,0.6099987845551987,0.38988506984363425,1.0950848648281175,0.019096111980910418,1.0021106080375013,0.1421287588660518,0.19986856715538534
122_t2,122,Siemens,1.5,t2,0.3597336070999799,1.9999999999999991,1.6402663929000192,2.185245815656817,0.9999999999999997,1,11,0.6213088717655392,0.38370132076036906,1.0841360790619974,0.012846388621113128,1.0021904432192834,0.15228489797192862,0.21459461991225742
123_t2,123,Philips,1.5,t2,0.37551145290071136,2.000000000000001,1.6244885470992896,2.1894841299915946,1.0000000000000002,1,11,0.6353154403825388,0.4276726672793301,1.1230654532366704,0.032127884580340424,1.005541472644065,0.22461309064733406,0.17308087819425166
124_t2,124,Siemens,1.5,t2,0.3975863336458176,1.9999999999999996,1.602413666354182,2.190034970304184,1.0000000000000002,1,11,0.6316889796809376,0.39356049866332804,1.073465995069587,0.03151635047438329,1.001860212741358,0.18383904403981274,0.20587671125824994
125_t1,125,Philips,3.0,t1,0.3686539017522911,2.0000000000000004,1.6313460982477093,2.186303171740207,0.9999999999999999,1,11,0.6399270827977704,0.3939935860827308,1.1181759206893112,0.04165469164069651,1.0018824243117244,0.1947503243620879,0.21308925779300705
125_t2,125,Philips,3.0,t2,0.3686539017522911,2.0000000000000004,1.6313460982477093,2.186303171740207,0.9999999999999999,1,11,0.6399270827977704,0.3939935860827308,1.1181759206893112,0.04165469164069651,1.0018824243117244,0.1947503243620879,0.21308925779300705
126_t1,126,Siemens,1.5,t1,0.4002523280897032,2.0,1.5997476719102968,2.191839340029353,1.0,1,11,0.6021269531281945,0.3795171001665042,1.086657310951584,0.02700574581445773,1.0020701351534915,0.10592648566956334,0.21875281121246468
127_t1,127,Siemens,1.5,t1,0.3744301890483348,2.0,1.6255698109516652,2.1869137443610898,1.0000000000000002,1,11,0.6554230041697233,0.3954661439112239,1.110516301521557,0.027689100557775122,1.0178842638552126,0.21208802638099492,0.2298425827923965
127_t2,127,Siemens,1.5,t2,0.37306508306736647,2.0,1.6269349169326335,2.186579104515074,1.0000000000000002,1,11,0.6538359024109212,0.3956428492428372,1.1045350524162463,0.02877176390692142,1.0185294420391429,0.21039341018216692,0.22804557512185944
127_t2_SPACE,127,Siemens,1.5,t2_SPACE,0.37344537858533344,1.9999999999999998,1.6265546214146664,2.1866126820251313,0.9999999999999999,1,11,0.6534338331102775,0.3967866946463231,1.0939097200116403,0.030620212928627478,1.0194528377477623,0.21046560369633802,0.2270888291462724
129_t1,129,Siemens,1.5,t1,0.37618828657982906,1.9999999999999993,1.6238117134201704,2.186001545747037,1.0,1,11,0.6145869580898224,0.3925613954920655,1.0811411730854747,0.018452801505488125,1.0071070816547234,0.15495383166650684,0.1971374761311024
129_t2,129,Siemens,1.5,t2,0.37618828657982906,1.9999999999999993,1.6238117134201704,2.186001545747037,1.0,1,11,0.6145869580898224,0.3925613954920655,1.0811411730854747,0.018452801505488125,1.0071070816547234,0.15495383166650684,0.1971374761311024
129_t2_SPACE,129,Siemens,1.5,t2_SPACE,0.3725594689968981,2.0,1.627440531003102,2.1851476477721166,0.9999999999999999,1,11,0.6106535920850887,0.39577814252869276,1.1291019572385916,0.02372562169949798,1.0078172697403562,0.15064295760498292,0.1927949449822123
12_t1,12,Siemens,1.5,t1,0.38286675847595003,1.9999999999999996,1.6171332415240496,2.188779811695499,1.0000000000000002,1,11,0.633907926549703,0.36303476370549137,1.0937556692427708,0.04773200798565339,1.004846027877358,0.1457675701171946,0.248829868292152
12_t2,12,Siemens,1.5,t2,0.4023808483193986,2.000000000000001,1.5976191516806022,2.1913556772351996,1.0000000000000002,1,11,0.6404687784835864,0.3654020503529871,1.0452979587639468,0.05070942604643148,1.0068943174946277,0.16194920047303205,0.2470821121908581
130_t1,130,Philips,3.0,t1,0.37723819394155855,2.0,1.6227618060584414,2.1905204826695472,1.0,1,11,0.562379450677837,0.419682805504763,1.1144969148157862,0.016482119285236123,1.044097292710613,0.10516544041522301,0.1320693510760184
130_t2,130,Philips,3.0,t2,0.37723819394155855,2.0,1.6227618060584414,2.1905204826695472,1.0,1,11,0.562379450677837,0.419682805504763,1.1144969148157862,0.016482119285236123,1.044097292710613,0.10516544041522301,0.1320693510760184
131_t1,131,Philips,3.0,t1,0.38850556592321095,2.000000000000001,1.61149443407679,2.1913752532682778,1.0000000000000002,1,11,0.6445316812771877,0.3968096922875357,1.0990633349526358,0.028865364469590652,1.0229590970676492,0.19790654602866167,0.22006315278115135
131_t2,131,Philips,3.0,t2,0.38850556592321095,2.000000000000001,1.61149443407679,2.1913752532682778,1.0000000000000002,1,11,0.6445316812771877,0.3968096922875357,1.0990633349526358,0.028865364469590652,1.0229590970676492,0.19790654602866167,0.22006315278115135
132_t1,132,Siemens,1.5,t1,0.3829822145391094,1.9999999999999996,1.6170177854608903,2.189217349408978,0.9999999999999997,1,11,0.5779021634705028,0.3947658983305892,1.0771003848182368,0.020688005111355833,1.0281643300763497,0.08368331607837008,0.18770144355673626
133_t1,133,Philips,3.0,t1,0.3633070254758023,2.0,1.6366929745241978,2.1866627258660984,0.9999999999999999,1,11,0.5849119825374642,0.4049984450843771,1.099074115093253,0.050850927075607115,1.0336229613033705,0.12058299738625793,0.16622336419616357
133_t2,133,Philips,3.0,t2,0.3633070254758023,2.0,1.6366929745241978,2.1866627258660984,0.9999999999999999,1,11,0.5849119825374642,0.4049984450843771,1.099074115093253,0.050850927075607115,1.0336229613033705,0.12058299738625793,0.16622336419616357
134_t2,134,Philips,1.5,t2,0.38615525902667736,2.0,1.6138447409733225,2.187143957824604,0.9999999999999996,1,11,0.6030595107703541,0.40442278012624927,1.1686345381526104,0.02966423328313281,1.0085572476707336,0.1450441767068273,0.18168674698795179
136_t1,136,Siemens,1.5,t1,0.3675700208031326,1.9999999999999996,1.6324299791968668,2.187292624024761,0.9999999999999999,1,11,0.6330476598491296,0.3568409157151559,1.0937532437874982,0.026376919240198488,1.0106336182578843,0.13145383960638585,0.2612510120616994
136_t2,136,Siemens,1.5,t2,0.3675700208031326,1.9999999999999996,1.6324299791968668,2.187292624024761,0.9999999999999999,1,11,0.6330476598491296,0.3568409157151559,1.0937532437874982,0.026376919240198488,1.0106336182578843,0.13145383960638585,0.2612510120616994
136_t2_SPACE,136,Siemens,1.5,t2_SPACE,0.3630430980836485,1.9999999999999991,1.6369569019163506,2.186208892561283,1.0,1,11,0.6298381555400911,0.358729878517702,1.0909969811663367,0.029165220293736544,1.0115843319212503,0.12842739761784516,0.25721654457035525
137_t1,137,Philips,3.0,t1,0.3615552698697084,2.0,1.6384447301302916,2.1868392856884333,1.0,1,11,0.6128561491243738,0.4061983710414011,1.1164822665701584,0.0335019820609408,1.013905312606742,0.16532675007755146,0.1829567779960707
137_t2,137,Philips,3.0,t2,0.3615552698697084,2.0,1.6384447301302916,2.1868392856884333,1.0,1,11,0.6128561491243738,0.4061983710414011,1.1164822665701584,0.0335019820609408,1.013905312606742,0.16532675007755146,0.1829567779960707
138_t1,138,Philips,1.5,t1,0.3743971430796384,1.9999999999999996,1.625602856920361,2.1868063303478324,1.0,1,11,0.6051335766636255,0.384924666056174,1.0792745734854585,0.04410027864374275,1.001576735804332,0.12400020263310463,0.2072936660268714
138_t2,138,Philips,1.5,t2,0.36611901718779877,2.0000000000000004,1.6338809828122016,2.1854099067952624,1.0000000000000002,1,11,0.6071535173172343,0.38882739213734197,1.07863696673938,0.04196852075130383,1.0012571021687244,0.1369498729394832,0.19878786515843216
13_t1,13,Philips,1.5,t1,0.3955512719784945,2.000000000000001,1.6044487280215063,2.1957560077844662,1.0,1,11,0.592901181789906,0.38272589796648454,1.063534615973261,0.05542376475982257,1.0394184182152795,0.09052041214311457,0.2138621877946789
13_t2,13,Philips,1.5,t2,0.3955512721224134,1.9999999999999996,1.604448727877586,2.195756007829254,1.0,1,11,0.592901181789906,0.38272589796648454,1.063534615973261,0.05542376440260845,1.039418418659869,0.09052041214311457,0.21386218779467883
140_t1,140,Philips,3.0,t1,0.3820283814605981,1.9999999999999991,1.617971618539401,2.191280425656667,1.0,1,11,0.6377840283036634,0.3894265683913246,1.084740035553205,0.0316394391456932,1.0477502969987649,0.1853688277726358,0.21775603449542363
140_t2,140,Philips,3.0,t2,0.3820283814605981,1.9999999999999991,1.617971618539401,2.191280425656667,1.0,1,11,0.6377840283036634,0.3894265683913246,1.084740035553205,0.0316394391456932,1.0477502969987649,0.1853688277726358,0.21775603449542363
141_t2_SPACE,141,Siemens,3.0,t2_SPACE,0.3963705508501491,1.999999999999999,1.6036294491498497,2.189591013465342,0.9999999999999999,1,11,0.6506730351402349,0.38954105916784987,1.0696065410607194,0.025716050625788536,1.0005377793602486,0.2025617780933423,0.2289188992151742
142_t1,142,Siemens,1.5,t1,0.38200147798028244,2.000000000000001,1.6179985220197184,2.1914139514591695,0.9999999999999997,1,11,0.6142082221616484,0.3618735903633558,1.0869025993448747,0.02188700096434586,1.0628478320232297,0.09174673349237268,0.259511355263254
142_t2,142,Siemens,1.5,t2,0.38200147798028244,2.000000000000001,1.6179985220197184,2.1914139514591695,0.9999999999999997,1,11,0.6142082221616484,0.3618735903633558,1.0869025993448747,0.02188700096434586,1.0628478320232297,0.09174673349237268,0.259511355263254
142_t2_SPACE,142,Siemens,1.5,t2_SPACE,0.38299057203694287,1.9999999999999996,1.6170094279630567,2.191758290497435,0.9999999999999999,1,11,0.6140519391040719,0.36184317281226025,1.0833395052207373,0.02225617044625373,1.0638265820220614,0.09205647514790448,0.2588577908810534
143_t1,143,Philips,1.5,t1,0.39065938654686677,2.0,1.6093406134531332,2.192268326898001,1.0000000000000002,1,11,0.5804015457133889,0.4146889878204055,1.117982032487989,0.023127265112330524,1.031834400608373,0.13139769061282727,0.145485709956628
143_t2,143,Philips,1.5,t2,0.3796059501434027,2.0,1.6203940498565972,2.189483124284635,0.9999999999999999,1,11,0.5794296804150891,0.4247914399879362,1.0984497654150407,0.031073994617726926,1.025766221393778,0.14513293147689832,0.12961236543629764
144_t1,144,Philips,3.0,t1,0.38888261125322904,1.9999999999999996,1.6111173887467705,2.18845022636828,0.9999999999999997,1,11,0.6159048135881813,0.407313051176201,1.0689039651793741,0.027861758827127766,1.0051625446872359,0.1799173462854334,0.1750732436085655
144_t2,144,Philips,3.0,t2,0.38888261125322904,1.9999999999999996,1.6111173887467705,2.18845022636828,0.9999999999999997,1,11,0.6159048135881813,0.407313051176201,1.0689039651793741,0.027861758827127766,1.0051625446872359,0.1799173462854334,0.1750732436085655
145_t1,145,Philips,3.0,t1,0.39010485324709665,2.0000000000000004,1.609895146752904,2.1924744016556286,0.9999999999999999,1,11,0.599395065900642,0.4090891928327106,1.0868773234200741,0.06190674719403802,1.0293206958433752,0.15166542750929368,0.16700371747211895
145_t2,145,Philips,3.0,t2,0.39010485324709665,2.0000000000000004,1.609895146752904,2.1924744016556286,0.9999999999999999,1,11,0.599395065900642,0.4090891928327106,1.0868773234200741,0.06190674719403802,1.0293206958433752,0.15166542750929368,0.16700371747211895
146_t1,146,Siemens,1.5,t1,0.38177502020300996,2.0,1.61822497979699,2.1848815576502516,1.0,1,11,0.6051161240442288,0.39647660843805504,1.0873299017022173,0.020107796202984227,1.014083899160254,0.14632935863490026,0.18492611426240285
146_t2,146,Siemens,1.5,t2,0.3828997247995721,2.0,1.617100275200428,2.1846277657823863,1.0,1,11,0.599964600851433,0.3994717556434039,1.0944985831073781,0.023138602991379233,1.013175900789441,0.14144716723410325,0.1784749546390492
146_t2_SPACE,146,Siemens,1.5,t2_SPACE,0.38541946871918065,1.9999999999999996,1.614580531280819,2.185971860795795,1.0,1,11,0.6064153563047493,0.3981376339455969,1.1002052487948228,0.02208639058563949,1.0173136528010842,0.14686315709718403,0.18725062677326432
147_t2,147,Philips,1.5,t2,0.37605713721811446,1.9999999999999996,1.623942862781885,2.1851919910472395,1.0,1,11,0.6079350276189012,0.4254733762145487,1.0968159128282253,0.03464306911151532,1.0007894632543757,0.1910335262551132,0.1464235345064694
149_t1,149,Philips,3.0,t1,0.37257002398090927,2.0,1.6274299760190907,2.1894627922891687,0.9999999999999997,1,11,0.6239958384913215,0.36734058922713486,1.1105697052703662,0.011038755766206122,1.0276337420204997,0.12587246819606498,0.2469183764848421
149_t2,149,Philips,3.0,t2,0.37257002398090927,2.0,1.6274299760190907,2.1894627922891687,0.9999999999999997,1,11,0.6239958384913215,0.36734058922713486,1.1105697052703662,0.011038755766206122,1.0276337420204997,0.12587246819606498,0.2469183764848421
151_t2,151,Philips,1.5,t2,0.3723880778574057,2.0000000000000004,1.6276119221425946,2.1879457238683027,1.0000000000000002,1,11,0.6292821014266565,0.3693680565352344,1.0975509795171177,0.04144585729969846,1.001328672170677,0.1402289638339147,0.24419165930472958
152_t1,152,Siemens,1.5,t1,0.3850949660450745,2.0,1.6149050339549256,2.19624774722597,0.9999999999999999,1,11,0.6073140425924787,0.38435692286757395,1.108216613067028,0.0440000771051935,1.0962734431342818,0.12256685849695331,0.2135240352064997
152_t2,152,Siemens,1.5,t2,0.3850949660450745,2.0,1.6149050339549256,2.19624774722597,0.9999999999999999,1,11,0.6073140425924787,0.38435692286757395,1.108216613067028,0.0440000771051935,1.0962734431342818,0.12256685849695331,0.2135240352064997
152_t2_SPACE,152,Siemens,1.5,t2_SPACE,0.381987721230315,2.0000000000000004,1.6180122787696853,2.1954830336039386,1.0000000000000002,1,11,0.6033318462314158,0.39263490715316546,1.250730115706796,0.04549489884726005,1.0914422085715614,0.11765053618285803,0.20967952552625682
154_t1,154,Siemens,1.5,t1,0.37405772204003573,2.0,1.6259422779599642,2.1870544724288563,1.0,1,11,0.578915338124314,0.40022747631781225,1.0933791007052958,0.042616132611758215,1.0189334080483996,0.10681045818604096,0.16680328568744981
154_t2,154,Siemens,1.5,t2,0.37417740818287815,2.0,1.6258225918171219,2.187076306436894,1.0000000000000002,1,11,0.5787600892370605,0.40024517948153515,1.0933791007052958,0.042616132611758215,1.0189334080483996,0.10646891063408304,0.16680328568744981
155_t1,155,Siemens,1.5,t1,0.39989742339771633,2.0000000000000013,1.600102576602285,2.1931815508282835,1.0000000000000002,1,11,0.6079945513194447,0.41469143869634506,1.1363925404367983,0.017962236902956185,1.0202758124781657,0.17412969835709247,0.16345831454568574
155_t2,155,Siemens,1.5,t2,0.39989742339771633,2.0000000000000013,1.600102576602285,2.1931815508282835,1.0000000000000002,1,11,0.6079945513194447,0.41469143869634506,1.1363925404367983,0.017962236902956185,1.0202758124781657,0.17412969835709247,0.16345831454568574
156_t1,156,Philips,3.0,t1,0.39201681159216945,2.0,1.6079831884078306,2.1895100887539347,0.9999999999999997,1,11,0.5795823874655445,0.4094734082318876,1.117471611807348,0.02138631216455603,1.0153649344143814,0.11406770366605587,0.16101354875814194
156_t2,156,Philips,3.0,t2,0.3883487871974178,2.0,1.6116512128025822,2.188122092185544,1.0,1,11,0.5779712588493395,0.4085140956966566,1.132423956750101,0.027498561777335177,1.0147793025103173,0.11027954672258884,0.16125722274595813
159_t2,159,Siemens,1.5,t2,0.38715760592245296,2.000000000000001,1.612842394077548,2.1910628642338046,1.0,1,11,0.6418282200890897,0.38582667785146996,1.1409247757073844,0.06609362443796402,1.0067369829552801,0.17997239475500346,0.23204968944099383
15_t1,15,Philips,3.0,t1,0.379539569490889,2.0,1.620460430509111,2.1865894671073893,1.0000000000000002,1,11,0.6174136208729615,0.4271439710408854,1.1169462726166044,0.06380636941943459,1.0061086206408185,0.20061927658986736,0.1576906893306481
15_t2,15,Philips,3.0,t2,0.379539569490889,2.0,1.620460430509111,2.1865894671073893,1.0000000000000002,1,11,0.6174136208729615,0.4271439710408854,1.1169462726166044,0.06380636941943459,1.0061086206408185,0.20061927658986736,0.1576906893306481
160_t1,160,Philips,3.0,t1,0.3711007854279785,2.0,1.6288992145720216,2.189412437527659,1.0,1,11,0.5765447599711484,0.4017638422143821,1.0861592712312664,0.0492076065660241,1.0374312425197054,0.09483397002644725,0.17356450191007936
160_t2,160,Philips,3.0,t2,0.3711007854279785,2.0,1.6288992145720216,2.189412437527659,1.0,1,11,0.5765447599711484,0.4017638422143821,1.0861592712312664,0.0492076065660241,1.0374312425197054,0.09483397002644725,0.17356450191007936
161_t1,161,Siemens,1.5,t1,0.3787032196908882,2.0,1.6212967803091118,2.188543745111357,0.9999999999999999,1,11,0.6200103613678459,0.36641354345085586,1.1321772964905814,0.08196167635594047,1.00240159986229,0.11504106388554525,0.24898173112371577
161_t2,161,Siemens,1.5,t2,0.38817859189209325,2.000000000000001,1.6118214081079076,2.190832768636597,1.0,1,11,0.6603397692196362,0.3246681781949589,1.1338538848688435,0.08032167659689364,1.0026725994300745,0.10808191291011922,0.34466557937308046
161_t2_SPACE,161,Siemens,1.5,t2_SPACE,0.38416468764810213,2.0,1.6158353123518978,2.1898480111055463,1.0,1,11,0.6577879284470737,0.3274986371565892,1.129498690125598,0.08606990377186753,1.0025002694900151,0.10433197732958192,0.34280146525398025
162_t1,162,Siemens,1.5,t1,0.37934717986564814,1.9999999999999996,1.6206528201343513,2.189609170509949,1.0,1,11,0.6589866227388823,0.3244360871579139,1.111912062820635,0.0661971159084793,1.0135517468884965,0.10602811706417453,0.3437424529613665
162_t2,162,Siemens,1.5,t2,0.37934717986564814,1.9999999999999996,1.6206528201343513,2.189609170509949,1.0,1,11,0.6589866227388823,0.3244360871579139,1.111912062820635,0.0661971159084793,1.0135517468884965,0.10602811706417453,0.3437424529613665
162_t2_SPACE,162,Siemens,1.5,t2_SPACE,0.37614437079870383,1.9999999999999998,1.623855629201296,2.188951673628395,1.0,1,11,0.6585969851701151,0.3245491357579395,1.1189816007313242,0.07125454747544745,1.014461730330878,0.10444855225079168,0.34446481512346144
163_t1,163,Philips,1.5,t1,0.3923642289508522,2.0,1.6076357710491478,2.1946843386025034,0.9999999999999999,1,11,0.6169463042214854,0.3969251842568708,1.1131128477347905,0.05143248211168737,1.0413776352697324,0.16585224773599572,0.19142962155127222
163_t2,163,Philips,1.5,t2,0.3892769760429916,1.9999999999999996,1.610723023957008,2.1938356126396146,0.9999999999999999,1,11,0.6154510243593951,0.3933239629407939,1.1284960335311998,0.052325458679348756,1.0387642693724677,0.1570842339722841,0.19690801961838514
165_t1,165,Siemens,1.5,t1,0.3812003766934497,1.9999999999999998,1.61879962330655,2.1883046069265384,1.0,1,11,0.5712392596075749,0.4076320947988199,1.1098191766767838,0.019737466053600352,1.0051952414039929,0.1023725045953918,0.15435386654127303
165_t2,165,Siemens,1.5,t2,0.37863343190993626,1.9999999999999996,1.6213665680900633,2.1877220538711883,0.9999999999999999,1,11,0.5814051756449993,0.40364758459239425,1.104779775687098,0.021626105229434103,1.0037367788739662,0.11732959191578367,0.1617617945032149
166_t1,166,Siemens,1.5,t1,0.3748925316564678,1.9999999999999993,1.6251074683435316,2.184899168929184,1.0,1,11,0.6598712796070694,0.38542316994287834,1.1443503681844507,0.01779832475573636,1.0203069756695644,0.2064866653796299,0.24523014975592267
166_t2,166,Siemens,1.5,t2,0.3748925316564678,1.9999999999999993,1.6251074683435316,2.184899168929184,1.0,1,11,0.6598712796070694,0.38542316994287834,1.1443503681844507,0.01779832475573636,1.0203069756695644,0.2064866653796299,0.24523014975592267
166_t2_SPACE,166,Siemens,1.5,t2_SPACE,0.3728193141279552,1.9999999999999996,1.6271806858720443,2.1842263560630184,1.0000000000000002,1,11,0.656810043475915,0.3862639112209397,1.1292142435919643,0.02036577794458812,1.020452895348046,0.20323594084700888,0.24174615480000416
167_t1,167,Philips,3.0,t1,0.3803572126580799,1.9999999999999991,1.6196427873419192,2.187360652690737,1.0,1,11,0.5953069609457274,0.4056518285234069,1.121151649786011,0.014120466421751203,1.0149826230212484,0.1384088256334952,0.17126648844710518
167_t2,167,Philips,3.0,t2,0.3803572126580799,1.9999999999999991,1.6196427873419192,2.187360652690737,1.0,1,11,0.5953069609457274,0.4056518285234069,1.121151649786011,0.014120466421751203,1.0149826230212484,0.1384088256334952,0.17126648844710518
168_t1,168,Philips,3.0,t1,0.35953367441566697,2.0000000000000004,1.6404663255843335,2.1882875017856214,1.0000000000000002,1,11,0.6027334732456685,0.388731014742492,1.1184224082863403,0.025922647712379742,1.0050671252187713,0.11976179519057073,0.20625184594990006
168_t2,168,Philips,3.0,t2,0.35953367441566697,2.0000000000000004,1.6404663255843335,2.1882875017856214,1.0000000000000002,1,11,0.6027334732456685,0.388731014742492,1.1184224082863403,0.025922647712379742,1.0050671252187713,0.11976179519057073,0.20625184594990006
169_t1,169,Philips,3.0,t1,0.38344364058365865,1.9999999999999996,1.6165563594163408,2.187451296588785,1.0,1,11,0.6245265277572725,0.37208340500342185,1.0569806448177632,0.02847256232718764,1.0267157133243003,0.14324698490455529,0.23071137616144405
169_t2,169,Philips,3.0,t2,0.38344364058365865,1.9999999999999996,1.6165563594163408,2.187451296588785,1.0,1,11,0.6245265277572725,0.37208340500342185,1.0569806448177632,0.02847256232718764,1.0267157133243003,0.14324698490455529,0.23071137616144405
16_t1,16,Philips,3.0,t1,0.41475241704982174,1.9999999999999993,1.5852475829501775,2.1955051924660394,1.0000000000000002,1,11,0.6497387265337718,0.4023498648683686,1.1275014515192567,0.03589655110630748,1.0219798530884794,0.2115347396942133,0.21789045868008516
16_t2,16,Philips,3.0,t2,0.41475241704982174,1.9999999999999993,1.5852475829501775,2.1955051924660394,1.0000000000000002,1,11,0.6497387265337718,0.4023498648683686,1.1275014515192567,0.03589655110630748,1.0219798530884794,0.2115347396942133,0.21789045868008516
170_t1,170,Philips,3.0,t1,0.3827001551558728,2.0000000000000004,1.6172998448441276,2.1852592296355327,1.0000000000000002,1,11,0.6256927124548348,0.4064809035259453,1.0976858150501276,0.030545659848893264,1.0066585362766887,0.18605280885519174,0.19047115854544497
170_t2,170,Philips,3.0,t2,0.3827001551558728,2.0000000000000004,1.6172998448441276,2.1852592296355327,1.0000000000000002,1,11,0.6256927124548348,0.4064809035259453,1.0976858150501276,0.030545659848893264,1.0066585362766887,0.18605280885519174,0.19047115854544497
171_t1,171,Siemens,1.5,t1,0.3633660366026676,2.000000000000001,1.6366339633973332,2.183669889277754,1.0000000000000002,1,11,0.6499633134097645,0.3597412915576991,1.1175378682993364,0.04859026894998855,1.0043675519134012,0.16303110482109343,0.2668881846803884
171_t2,171,Siemens,1.5,t2,0.3607631079238106,2.0,1.6392368920761893,2.1825698936528553,1.0,1,11,0.6458441517904014,0.36813313591646796,1.106949256588736,0.05242646601219849,1.0033183211916237,0.17007418505686137,0.25078294888202185
172_t1,172,Philips,3.0,t1,0.356142184575386,1.999999999999999,1.6438578154246128,2.185339491558368,0.9999999999999997,1,11,0.6113747900103087,0.42142785967061464,1.108874209669846,0.052893783187862614,1.0136461851729948,0.18446932907964725,0.16055520894303188
172_t2,172,Philips,3.0,t2,0.356142184575386,1.999999999999999,1.6438578154246128,2.185339491558368,0.9999999999999997,1,11,0.6113747900103087,0.42142785967061464,1.108874209669846,0.052893783187862614,1.0136461851729948,0.18446932907964725,0.16055520894303188
173_t1,173,Siemens,1.5,t1,0.4043065901681796,1.9999999999999991,1.5956934098318194,2.19167172730248,0.9999999999999997,1,11,0.6314735104198266,0.3782512474575736,1.0951267895861845,0.031568584920253176,1.0035474645332179,0.15792953912869645,0.23131218379492224
173_t2,173,Siemens,1.5,t2,0.40103893833672594,2.0000000000000004,1.5989610616632746,2.191477205868339,1.0000000000000002,1,11,0.6319644647172642,0.3810359545864552,1.0824108898196427,0.032127522344844645,1.003232178354023,0.16356098811864264,0.22676083425933843
174_t1,174,Philips,3.0,t1,0.37994860290781923,2.0,1.6200513970921808,2.191552871043128,1.0000000000000002,1,11,0.6243676074093871,0.3657743525016909,1.1340643207291625,0.02873483918749996,1.0041427736974935,0.11105581406922636,0.26255292223142523
174_t2,174,Philips,3.0,t2,0.37994860290781923,2.0,1.6200513970921808,2.191552871043128,1.0000000000000002,1,11,0.6243676074093871,0.3657743525016909,1.1340643207291625,0.02873483918749996,1.0041427736974935,0.11105581406922636,0.26255292223142523
175_t1,175,Philips,3.0,t1,0.37964333760092106,1.9999999999999996,1.6203566623990784,2.186551054885453,1.0,1,11,0.6103545120950655,0.42418861871793145,1.1437154947270982,0.050797416064647605,1.0178361921707952,0.18461767331151444,0.15816225329762967
175_t2,175,Philips,3.0,t2,0.37964333760092106,1.9999999999999996,1.6203566623990784,2.186551054885453,1.0,1,11,0.6103545120950655,0.42418861871793145,1.1437154947270982,0.050797416064647605,1.0178361921707952,0.18461767331151444,0.15816225329762967
177_t1,177,Siemens,1.5,t1,0.37312268841505364,2.0,1.6268773115849464,2.1876844078438538,1.0,1,11,0.5945206811816838,0.4172426250011347,1.1116145882501023,0.02445713907705955,1.031376567117819,0.1615532269737877,0.1463922716259165
177_t2,177,Siemens,1.5,t2,0.37312268841505364,2.0,1.6268773115849464,2.1876844078438538,1.0,1,11,0.5945206811816838,0.4172426250011347,1.1116145882501023,0.02445713907705955,1.031376567117819,0.1615532269737877,0.1463922716259165
177_t2_SPACE,177,Siemens,1.5,t2_SPACE,0.3712016386808448,2.0,1.6287983613191552,2.1872240954882196,0.9999999999999997,1,11,0.5937639347450713,0.4175188548230118,1.1363102692548528,0.02720945417093118,1.0320157263896097,0.15908952549919989,0.14719113093995687
179_t1,179,Siemens,1.5,t1,0.38210344867022067,2.0000000000000013,1.6178965513297807,2.18761523034109,1.0000000000000002,1,11,0.6017455433343284,0.3811414514795918,1.1321601975807585,0.03991270239585245,1.0094859414529627,0.10738542280598355,0.2164547725295389
179_t2,179,Siemens,1.5,t2,0.3820720230623385,2.0000000000000004,1.617927976937662,2.1876180255713664,1.0,1,11,0.6015924590690948,0.3811677921167264,1.1321601975807585,0.03991270239585245,1.0094859414529627,0.1070486374224692,0.2164547725295389
17_t1,17,Philips,3.0,t1,0.3496461763423141,1.9999999999999996,1.6503538236576856,2.186956076252202,1.0,1,11,0.5944342865501352,0.38635395180648663,1.0825221238938052,0.020427505053071178,1.0106581670880055,0.10525341914722446,0.2025020112630732
17_t2,17,Philips,3.0,t2,0.3496461763423141,1.9999999999999996,1.6503538236576856,2.186956076252202,1.0,1,11,0.5944342865501352,0.38635395180648663,1.0825221238938052,0.020427505053071178,1.0106581670880055,0.10525341914722446,0.2025020112630732
180_t1,180,Siemens,1.5,t1,0.37157634672951567,1.9999999999999996,1.6284236532704839,2.184290647746702,1.0,1,11,0.5921904128954497,0.42743388360905,1.1025958738615944,0.0030155870866856727,1.024450236598482,0.17214546806269745,0.13067344030729197
181_t1,181,Siemens,1.5,t1,0.37354748758412915,1.999999999999999,1.6264525124158697,2.1870544703680714,0.9999999999999996,1,11,0.5999331388227304,0.3847910038917997,1.178605130799389,0.03598910008717861,1.0158559098620379,0.10387096146549794,0.2159819439445088
181_t2,181,Siemens,1.5,t2,0.37378208859292356,2.0,1.6262179114070765,2.187042662649456,1.0,1,11,0.6002361029021291,0.3847138022500613,1.1771908596703509,0.03634437512326092,1.0159574492478756,0.10455105975256039,0.2159683666321232
182_t1,182,Siemens,1.5,t1,0.37247721529019734,1.9999999999999996,1.6275227847098022,2.183335407084482,0.9999999999999999,1,11,0.6141070018825531,0.39240845930591095,1.0950604913530768,0.033204364121466934,1.018304661995622,0.1536220589326802,0.1974133452089364
182_t2,182,Siemens,1.5,t2,0.3762945165173793,1.9999999999999993,1.6237054834826201,2.1845555365873874,1.0,1,11,0.5996407671359871,0.3990193496322601,1.0845124282982794,0.04791138494666153,1.016536979453316,0.14192479286169538,0.17728489483747611
183_t2,183,Siemens,1.5,t2,0.39381376894985876,1.9999999999999993,1.6061862310501405,2.190438701235779,0.9999999999999997,1,11,0.6383916588627566,0.42485410926862927,1.131421822715045,0.033824405609692326,1.0064114220575344,0.22628436454300896,0.17817728495505544
184_t1,184,Philips,1.5,t1,0.39278202586771216,2.000000000000001,1.6072179741322887,2.192649350892813,1.0,1,11,0.6347655163910051,0.36074525952076864,1.1034546953538469,0.07203475499704239,1.0025255039786063,0.13275710752373607,0.26372702853647506
184_t2,184,Philips,1.5,t2,0.3857310426186517,2.0000000000000018,1.61426895738135,2.191532504757818,1.0000000000000002,1,11,0.6406806805468478,0.36464492500182905,1.119456685593029,0.07941342390514895,1.0022533789347996,0.14661190102265387,0.2628855961804115
185_t1,185,Siemens,1.5,t1,0.34789493705312213,2.0000000000000013,1.6521050629468792,2.1814292891737614,1.0000000000000002,1,11,0.6186826122775677,0.3684497737883156,1.152090067223225,0.05973109850696161,1.0037150849118175,0.11681770409883203,0.24428404291181666
185_t2,185,Siemens,1.5,t2,0.34789493705312213,2.0000000000000013,1.6521050629468792,2.1814292891737614,1.0000000000000002,1,11,0.6186826122775677,0.3684497737883156,1.152090067223225,0.05973109850696161,1.0037150849118175,0.11681770409883203,0.24428404291181666
185_t2_SPACE,185,Siemens,1.5,t2_SPACE,0.3440535700284603,2.0000000000000004,1.65594642997154,2.180715714348115,1.0000000000000002,1,11,0.6146108584522723,0.37114113982341557,1.1173131735001023,0.06334661055792852,1.0052999320594875,0.11365389127785566,0.23848999731714313
186_t1,186,Philips,3.0,t1,0.4059956553417666,2.0,1.5940043446582335,2.194661591370281,0.9999999999999997,1,11,0.5772324092321864,0.41596558970008907,1.088053002220321,0.04697119027158289,1.041544796332355,0.13407570328295906,0.13583559702785108
186_t2,186,Philips,3.0,t2,0.4059956553417666,2.0,1.5940043446582335,2.194661591370281,0.9999999999999997,1,11,0.5772324092321864,0.41596558970008907,1.088053002220321,0.04697119027158289,1.041544796332355,0.13407570328295906,0.13583559702785108
187_t1,187,Philips,1.5,t1,0.36752907588498307,2.000000000000001,1.632470924115018,2.1879253124682223,0.9999999999999997,1,11,0.5855117725132997,0.4120379175757918,1.1137822023618729,0.009336054724625993,1.0035623226068098,0.13832481726593382,0.14980108226332556
187_t2,187,Philips,1.5,t2,0.3735843582227125,1.9999999999999991,1.6264156417772866,2.1868600761410644,0.9999999999999997,1,11,0.5945824821953402,0.41341913784584566,1.0986687838112295,0.013632886801142607,1.0027658325238362,0.15601016721749353,0.15207129361225483
188_t1,188,Philips,3.0,t1,0.3938334163687648,2.000000000000001,1.6061665836312362,2.191913394632965,1.0000000000000002,1,11,0.6262452039366577,0.35581607747591065,1.137039925608183,0.008363904896673768,1.0011355027705517,0.08666946635870054,0.29106998230194675
188_t2,188,Philips,3.0,t2,0.3938334163687648,2.000000000000001,1.6061665836312362,2.191913394632965,1.0000000000000002,1,11,0.6262452039366577,0.35581607747591065,1.137039925608183,0.008363904896673768,1.0011355027705517,0.08666946635870054,0.29106998230194675
189_t1,189,Philips,1.5,t1,0.3691839634682499,2.0,1.6308160365317501,2.184978491392764,1.0,1,11,0.6101378837530295,0.40216382661600575,1.089566548847326,0.028270110380410052,1.0155603441854193,0.16369971809218528,0.1786036261644796
189_t2,189,Philips,1.5,t2,0.3715945515560789,2.0,1.628405448443921,2.183734261662864,1.0000000000000002,1,11,0.6069600714115808,0.405296685240052,1.0868525448048842,0.025811088013971015,1.0146095660666914,0.1638930309765636,0.17141912612891427
18_t1,18,Siemens,1.5,t1,0.39940280236045567,2.0000000000000013,1.6005971976395457,2.1919192712723348,1.0,1,11,0.6335233307463345,0.40031212585303344,1.0984550553734334,0.06712282268896724,1.031648467658443,0.19283963233647758,0.2009116953054581
18_t2,18,Siemens,1.5,t2,0.39940280236045567,2.0000000000000013,1.6005971976395457,2.1919192712723348,1.0,1,11,0.6335233307463345,0.40031212585303344,1.0984550553734334,0.06712282268896724,1.031648467658443,0.19283963233647758,0.2009116953054581
18_t2_SPACE,18,Siemens,1.5,t2_SPACE,0.3995000032977611,2.0,1.6004999967022389,2.1917697095157718,1.0,1,11,0.6329485673194558,0.4006686012396577,1.095399274281995,0.0670467380018492,1.031831469435485,0.19247251686408612,0.20001433123871665
190_t1,190,Siemens,1.5,t1,0.3738502464399042,1.9999999999999991,1.6261497535600948,2.1861523299435004,0.9999999999999997,1,11,0.6344881539787555,0.4046205716538067,1.0512536751346173,0.020125450025997495,1.0046108345365896,0.20123220243797693,0.19464173631528525
190_t2,190,Siemens,1.5,t2,0.37385024643990566,2.0,1.6261497535600944,2.186152329943501,1.0000000000000002,1,11,0.6344881539787555,0.4046205716538067,1.0512536751346173,0.02012545002598058,1.0046108345365898,0.20123220243797696,0.19464173631528525
191_t1,191,Siemens,1.5,t1,0.39051887459950363,1.9999999999999991,1.6094811254004955,2.1891575185611707,1.0,1,11,0.6181337916914171,0.39685524790380844,1.1368274711525095,0.018548367378474373,1.0077120038878458,0.1670346169887391,0.19285972473237872
191_t2,191,Siemens,1.5,t2,0.390975037922475,1.9999999999999998,1.6090249620775248,2.18865600886662,0.9999999999999999,1,11,0.6102142001940124,0.39609947179155414,1.1170036637079286,0.015524953679979326,1.007743313151043,0.15341643434699478,0.1890548060798325
191_t2_SPACE,191,Siemens,1.5,t2_SPACE,0.39148525332252554,1.9999999999999991,1.6085147466774736,2.189335964438308,1.0,1,11,0.613847724943798,0.39047389609246025,1.0935693432068212,0.015197467298574997,1.0087080214374968,0.15070184257844974,0.19976315229790606
192_t1,192,Philips,3.0,t1,0.36338971230248657,2.0,1.6366102876975135,2.1863455436888857,1.0,1,11,0.5651622332287544,0.4341526489992915,1.102711984620266,0.05505378168124869,1.0137052362052004,0.1349770734954676,0.1083798396077919
192_t2,192,Philips,3.0,t2,0.36338971230248657,2.0,1.6366102876975135,2.1863455436888857,1.0,1,11,0.5651622332287544,0.4341526489992915,1.102711984620266,0.05505378168124869,1.0137052362052004,0.1349770734954676,0.1083798396077919
193_t1,193,Philips,3.0,t1,0.3976613564657737,1.9999999999999993,1.6023386435342255,2.1927465459375366,0.9999999999999999,1,11,0.6305530939834989,0.44123582585729854,1.1653266965160773,0.044324288160212166,1.0173683760517598,0.2330653393032155,0.15415146746048206
193_t2,193,Philips,3.0,t2,0.3976613564657737,1.9999999999999993,1.6023386435342255,2.1927465459375366,0.9999999999999999,1,11,0.6305530939834989,0.44123582585729854,1.1653266965160773,0.044324288160212166,1.0173683760517598,0.2330653393032155,0.15415146746048206
195_t1,195,Philips,3.0,t1,0.377310152770231,2.000000000000001,1.62268984722977,2.18907107654603,0.9999999999999997,1,11,0.6119711319987563,0.3985317171450657,1.127236253617469,0.03991381547660232,1.0145475128950119,0.15624177847934753,0.19009471191791633
195_t2,195,Philips,3.0,t2,0.377310152770231,2.000000000000001,1.62268984722977,2.18907107654603,0.9999999999999997,1,11,0.6119711319987563,0.3985317171450657,1.127236253617469,0.03991381547660232,1.0145475128950119,0.15624177847934753,0.19009471191791633
196_t1,196,Philips,3.0,t1,0.39079450920297454,1.9999999999999996,1.609205490797025,2.189558072633061,0.9999999999999997,1,11,0.624255034067662,0.384231552223747,1.1371931374372328,0.04153862506818835,1.0112603440042363,0.14293518690719734,0.23042588804165898
196_t2,196,Philips,3.0,t2,0.39079450920297454,1.9999999999999996,1.609205490797025,2.189558072633061,0.9999999999999997,1,11,0.624255034067662,0.384231552223747,1.1371931374372328,0.04153862506818835,1.0112603440042363,0.14293518690719734,0.23042588804165898
197_t2,197,Siemens,1.5,t2,0.3810078102720745,1.9999999999999991,1.6189921897279247,2.1896684760586926,0.9999999999999997,1,11,0.612007769568256,0.4305505257623524,1.0874964646594503,0.08364189610921154,1.0113396980942246,0.19958861491785157,0.14682847813231176
198_t1,198,Philips,3.0,t1,0.3822174606172852,1.9999999999999996,1.6177825393827143,2.1856701528620377,1.0,1,11,0.5706231574549083,0.4204319559292032,1.1005797488335383,0.0710513219630815,1.0105172710874855,0.12502031152069454,0.13035063488010398
198_t2,198,Philips,3.0,t2,0.3822174606172852,1.9999999999999996,1.6177825393827143,2.1856701528620377,1.0,1,11,0.5706231574549083,0.4204319559292032,1.1005797488335383,0.0710513219630815,1.0105172710874855,0.12502031152069454,0.13035063488010398
19_t1,19,Philips,3.0,t1,0.35987927720875734,1.9999999999999998,1.6401207227912424,2.1865387396810934,0.9999999999999997,1,11,0.6008719550444518,0.377571099887616,1.0573763282667967,0.028743614366355044,1.0172129312478118,0.10527788660659315,0.21664041449120086
19_t2,19,Philips,3.0,t2,0.35991159428527647,2.0,1.6400884057147236,2.1861192071609317,1.0,1,11,0.6036340667224419,0.37712699451491516,1.0573763282667967,0.028743614366355058,1.0172129312478118,0.11135453229817142,0.2166404144912009
1_t1,1,Philips,3.0,t1,0.3789156160771879,2.0,1.6210843839228122,2.1860171932934476,1.0,1,11,0.5846590432388319,0.4134040347154839,1.0889913163856029,0.017528449318214113,1.0259492412476368,0.13796774058226363,0.1482821545431664
1_t2,1,Philips,3.0,t2,0.3789156160771879,2.0,1.6210843839228122,2.1860171932934476,1.0,1,11,0.5846590432388319,0.4134040347154839,1.0889913163856029,0.017528449318214113,1.0259492412476368,0.13796774058226363,0.1482821545431664
200_t1,200,Siemens,1.5,t1,0.40716367858485863,2.000000000000001,1.5928363214151422,2.1942315836140547,1.0,1,11,0.6876969873965995,0.37596416501370855,1.1949462500173835,0.038685457591865535,1.0147503172024424,0.21626545398918046,0.2966679182833382
200_t2,200,Siemens,1.5,t2,0.40716367858485863,2.000000000000001,1.5928363214151422,2.1942315836140547,1.0,1,11,0.6876969873965995,0.37596416501370855,1.1949462500173835,0.038685457591865535,1.0147503172024424,0.21626545398918046,0.2966679182833382
200_t2_SPACE,200,Siemens,1.5,t2_SPACE,0.4053642709209841,1.9999999999999996,1.5946357290790154,2.1933430037147734,1.0,1,11,0.6775442897156377,0.39099853961953557,1.2329486516823367,0.03482753942653802,1.0153433220763068,0.21987057948267277,0.27072685789173007
201_t2,201,Siemens,1.5,t2,0.3814639689386356,1.9999999999999996,1.618536031061364,2.1899747395117926,1.0,1,11,0.6467523390465905,0.42350462148019175,1.1539984856427281,0.034397970149240266,1.0058439287562524,0.23079969712854562,0.19205544877395303
202_t1,202,Philips,3.0,t1,0.384216664731068,1.9999999999999991,1.615783335268931,2.188076237414675,1.0,1,11,0.6346762711980979,0.42828889088294714,1.1147454164880337,0.02933735767898546,1.0233699895428794,0.22294908329760674,0.1733387133382089
202_t2,202,Philips,3.0,t2,0.384216664731068,1.9999999999999991,1.615783335268931,2.188076237414675,1.0,1,11,0.6346762711980979,0.42828889088294714,1.1147454164880337,0.02933735767898546,1.0233699895428794,0.22294908329760674,0.1733387133382089
203_t1,203,Philips,3.0,t1,0.3641672340885599,1.9999999999999996,1.6358327659114398,2.183693461859637,0.9999999999999997,1,11,0.6059901379940912,0.42425486999661044,1.1670833091099355,0.04383804870684104,1.0087690398165923,0.17297294879993563,0.16020535478706519
203_t2,203,Philips,3.0,t2,0.3641672340885599,1.9999999999999996,1.6358327659114398,2.183693461859637,0.9999999999999997,1,11,0.6059901379940912,0.42425486999661044,1.1670833091099355,0.04383804870684104,1.0087690398165923,0.17297294879993563,0.16020535478706519
204_t1,204,Philips,3.0,t1,0.38498004225457916,2.0,1.615019957745421,2.1871880853496943,1.0,1,11,0.598945903612028,0.4039335484951525,1.1498927752717591,0.051456102604424646,1.0256886833002836,0.13492164863901904,0.18275933930744254
204_t2,204,Philips,3.0,t2,0.38498004225457916,2.0,1.615019957745421,2.1871880853496943,1.0,1,11,0.598945903612028,0.4039335484951525,1.1498927752717591,0.051456102604424646,1.0256886833002836,0.13492164863901904,0.18275933930744254
205_t1,205,Philips,3.0,t1,0.37899505248741044,1.9999999999999996,1.6210049475125892,2.1876302640578356,1.0000000000000002,1,11,0.6756951534115726,0.3873768545305612,1.1281193722665297,0.028844310165589485,1.0033576073205022,0.22183665288588678,0.2646926846195728
205_t2,205,Philips,3.0,t2,0.37899505248741044,1.9999999999999996,1.6210049475125892,2.1876302640578356,1.0000000000000002,1,11,0.6756951534115726,0.3873768545305612,1.1281193722665297,0.028844310165589485,1.0033576073205022,0.22183665288588678,0.2646926846195728
207_t1,207,Philips,3.0,t1,0.3939396132712695,1.999999999999999,1.6060603867287293,2.1895674077649363,0.9999999999999999,1,11,0.673504781774172,0.4723009265098213,1.4701032658432114,0.020804220532886542,1.014936582844056,0.2940206531686423,0.18768986673453586
207_t2,207,Philips,3.0,t2,0.3939396132712695,1.999999999999999,1.6060603867287293,2.1895674077649363,0.9999999999999999,1,11,0.673504781774172,0.4723009265098213,1.4701032658432114,0.020804220532886542,1.014936582844056,0.2940206531686423,0.18768986673453586
208_t2,208,Siemens,1.5,t2,0.4011781223070864,1.9999999999999993,1.598821877692913,2.1943903279330224,1.0,1,11,0.6344895133872653,0.39874818857928884,1.1096032321558065,0.03156658642285981,1.0350987836389978,0.19076970889878794,0.20510722055319588
209_t1,209,Siemens,3.0,t1,0.376963026965715,2.000000000000001,1.623036973034286,2.1939993225086525,1.0000000000000002,1,11,0.6516607265887255,0.3507351805013753,1.0564847841527283,0.05074893246334497,1.0482966265910802,0.15616243765756346,0.27749116083763264
209_t2,209,Siemens,3.0,t2,0.376963026965715,2.000000000000001,1.623036973034286,2.1939993225086525,1.0000000000000002,1,11,0.6516607265887255,0.3507351805013753,1.0564847841527283,0.05074893246334497,1.0482966265910802,0.15616243765756346,0.27749116083763264
209_t2_SPACE,209,Siemens,1.5,t2_SPACE,0.3857166881867382,2.000000000000001,1.6142833118132627,2.195778448575772,1.0,1,11,0.6605586117721683,0.3512347755471078,1.12766002191809,0.060150716161437794,1.0435520842292103,0.16833466913731987,0.28489427676145035
20_t2,20,Philips,1.5,t2,0.3988042966879969,2.0000000000000004,1.6011957033120034,2.190691248768774,0.9999999999999997,1,11,0.5971814736314565,0.39437788798820944,1.0858504651429886,0.06386218181666685,1.0050455872917954,0.13277248191110602,0.1810267600780981
210_t1,210,Philips,3.0,t1,0.38108526215937943,2.0,1.6189147378406206,2.1921952549071335,0.9999999999999999,1,11,0.6111627189560285,0.3817166564092762,1.097574956245271,0.04416514507139726,1.0257709049963388,0.13549826891771055,0.20905971278555216
210_t2,210,Philips,3.0,t2,0.38108526215937943,2.0,1.6189147378406206,2.1921952549071335,0.9999999999999999,1,11,0.6111627189560285,0.3817166564092762,1.097574956245271,0.04416514507139726,1.0257709049963388,0.13549826891771055,0.20905971278555216
212_t1,212,Siemens,1.5,t1,0.3961641785546369,1.9999999999999998,1.603835821445363,2.192992237767732,1.0,1,11,0.6414462105959706,0.3957825324729033,1.0899577424279299,0.07257744608887144,1.016756114142782,0.19911944954534389,0.21206221376579124
212_t2,212,Siemens,1.5,t2,0.39653562115063684,2.0,1.6034643788493632,2.1929181722178908,1.0000000000000002,1,11,0.6397035009225295,0.3984607826658003,1.0875662953589218,0.0751845473282029,1.0165792121164623,0.19979688230457981,0.20755081972498507
213_t1,213,Philips,3.0,t1,0.36073646967619655,1.9999999999999996,1.639263530323803,2.18532794090226,0.9999999999999999,1,11,0.6070624476955857,0.38699552840994245,1.106785764041452,0.044509896984473295,1.0020431471505795,0.13423638721292855,0.20130099771735985
213_t2,213,Philips,3.0,t2,0.36073646967619655,1.9999999999999996,1.639263530323803,2.18532794090226,0.9999999999999999,1,11,0.6070624476955857,0.38699552840994245,1.106785764041452,0.044509896984473295,1.0020431471505795,0.13423638721292855,0.20130099771735985
214_t1,214,Siemens,1.5,t1,0.4075711181171926,2.000000000000001,1.5924288818828083,2.1946045944869796,1.0,1,11,0.6029464170269666,0.38454078900663524,1.0595101814271344,0.04198715121079958,1.0131155583551184,0.12748464980747215,0.19899746765185417
214_t2,214,Siemens,1.5,t2,0.4081925993481745,2.0000000000000004,1.591807400651826,2.194821765123871,0.9999999999999999,1,11,0.6043204856209285,0.38365969920551535,1.0647070151788371,0.03988309711963923,1.012925702971622,0.12864370874840247,0.20086135961764037
215_t1,215,Philips,3.0,t1,0.3849913363872582,2.0000000000000004,1.6150086636127423,2.1889654929891433,1.0000000000000002,1,11,0.6188015270115085,0.37817251267218693,1.0773243433001236,0.029695289446836484,1.009530836695646,0.14217327476659375,0.219190084658725
215_t2,215,Philips,3.0,t2,0.3849913363872582,2.0000000000000004,1.6150086636127423,2.1889654929891433,1.0000000000000002,1,11,0.6188015270115085,0.37817251267218693,1.0773243433001236,0.029695289446836484,1.009530836695646,0.14217327476659375,0.219190084658725
217_t1,217,Philips,1.5,t1,0.37584116749694507,2.000000000000001,1.6241588325030558,2.185176741244252,1.0,1,11,0.5907431468640107,0.39218270444111114,1.059143752265548,0.026542683899776636,1.0074347454325174,0.11547175185127648,0.18416317124954687
217_t2,217,Philips,1.5,t2,0.3696434503308051,2.0,1.630356549669195,2.18486017171886,0.9999999999999997,1,11,0.5904753536388818,0.395135112038335,1.0413734050351264,0.028157688619369705,1.0072143064455799,0.12251146558378796,0.17653431242175185
218_t1,218,Philips,3.0,t1,0.38243629373386573,2.0,1.6175637062661343,2.190788151689437,1.0,1,11,0.6404531642356385,0.34108576350739006,1.0821196857291466,0.03172357639322394,1.0222798123130676,0.10977237263544033,0.2992245886829642
218_t2,218,Philips,3.0,t2,0.38243629373386573,2.0,1.6175637062661343,2.190788151689437,1.0,1,11,0.6404531642356385,0.34108576350739006,1.0821196857291466,0.03172357639322394,1.0222798123130676,0.10977237263544033,0.2992245886829642
219_t1,219,Siemens,1.5,t1,0.37805397570134086,1.9999999999999998,1.621946024298659,2.1890062059771527,1.0000000000000002,1,11,0.647764466211887,0.3361096012951045,1.0902391518242605,0.016796543191585106,1.0094646155650373,0.1203088291399771,0.3047729965261742
21_t2,21,Siemens,1.5,t2,0.3922840263111508,1.9999999999999991,1.6077159736888484,2.1884821828007484,0.9999999999999997,1,11,0.6120651421401067,0.3939055311993587,1.0782068062827226,0.04923726295281399,1.0117864925151838,0.15575916230366493,0.19078415040456928
220_t1,220,Siemens,1.5,t1,0.39703369645205194,1.9999999999999996,1.6029663035479476,2.1932952690213963,1.0,1,11,0.622690118030054,0.37611687106414393,1.1129822247210448,0.018742012417776243,1.0224967543038954,0.14603516131822505,0.22388309834789377
220_t2,220,Siemens,1.5,t2,0.39703369645205194,1.9999999999999996,1.6029663035479476,2.1932952690213963,1.0,1,11,0.622690118030054,0.37611687106414393,1.1129822247210448,0.018742012417776243,1.0224967543038954,0.14603516131822505,0.22388309834789377
220_t2_SPACE,220,Siemens,1.5,t2_SPACE,0.3963994228975852,1.9999999999999998,1.6036005771024147,2.1931876112011324,1.0000000000000002,1,11,0.621310324950628,0.3767479731056113,1.1180073537688064,0.018399816742722067,1.0246675225813742,0.14483078827899298,0.22205192661238884
221_t1,221,Philips,3.0,t1,0.3495343855826102,2.0000000000000004,1.6504656144173904,2.1803648716397066,1.0,1,11,0.6280098169724995,0.36463085835734765,1.1785688716313818,0.02325774652035236,1.0226508201023854,0.12479030584813298,0.2568312914913658
221_t2,221,Philips,3.0,t2,0.3495343855826102,2.0000000000000004,1.6504656144173904,2.1803648716397066,1.0,1,11,0.6280098169724995,0.36463085835734765,1.1785688716313818,0.02325774652035236,1.0226508201023854,0.12479030584813298,0.2568312914913658
222_t1,222,Siemens,1.5,t1,0.38327616316449914,1.9999999999999998,1.6167238368355006,2.1925668094134045,1.0000000000000002,1,11,0.6063973237987398,0.3726019173412752,1.048568401467776,0.06452069266168173,1.0053424627862306,0.11014781125639568,0.2239263011008321
222_t2,222,Siemens,1.5,t2,0.37482714410310247,2.0,1.6251728558968974,2.1917457238926135,1.0000000000000002,1,11,0.6081211752842205,0.3736108916635262,1.052081750493846,0.07192887483937908,1.0039063228451581,0.11612976751253609,0.2217368181127488
223_t1,223,Philips,3.0,t1,0.38596070742684824,1.9999999999999996,1.6140392925731513,2.1932858179313466,1.0000000000000002,1,11,0.6043018665080147,0.38385316759107174,1.0947214328769481,0.026625708507767135,1.0033523566124882,0.12149602457016562,0.20796808174746692
223_t2,223,Philips,3.0,t2,0.38596070742684824,1.9999999999999996,1.6140392925731513,2.1932858179313466,1.0000000000000002,1,11,0.6043018665080147,0.38385316759107174,1.0947214328769481,0.026625708507767135,1.0033523566124882,0.12149602457016562,0.20796808174746692
224_t1,224,Siemens,1.5,t1,0.3884717067935722,1.999999999999999,1.6115282932064268,2.193515355494572,0.9999999999999997,1,11,0.6009144988732286,0.3915638489820296,1.1420210951059948,0.06156948596408945,1.0009485267442593,0.11967986470649321,0.20233203281460935
224_t2,224,Siemens,1.5,t2,0.3884717067935722,1.999999999999999,1.6115282932064268,2.193515355494572,0.9999999999999997,1,11,0.6009144988732286,0.3915638489820296,1.1420210951059948,0.06156948596408945,1.0009485267442593,0.11967986470649321,0.20233203281460935
225_t1,225,Siemens,1.5,t1,0.401886343343703,2.0,1.598113656656297,2.194497042324282,1.0,1,11,0.6203602044600204,0.39735246950186615,1.0667439814444533,0.030355809648625123,1.0214189989387965,0.1717587778933056,0.19303367191873946
225_t2,225,Siemens,1.5,t2,0.40191775036707533,2.000000000000001,1.5980822496329257,2.1945711975303506,1.0000000000000002,1,11,0.6205153658365994,0.3974206777194696,1.0639037457939766,0.03007901067785674,1.0214020464858018,0.17217118862450292,0.19296261621601576
226_t1,226,Siemens,1.5,t1,0.3909647327927762,2.0000000000000013,1.6090352672072252,2.1922335944545144,1.0,1,11,0.6391322825394048,0.3914909090294523,1.10992712773271,0.030075602747931588,1.0056116184384103,0.18916998945872865,0.21692103212796185
226_t2,226,Siemens,1.5,t2,0.38839224483786194,2.0,1.611607755162138,2.1905660840613064,1.0,1,11,0.6426132346736043,0.3837724973586336,1.0736790335966557,0.04321501717101759,1.0039268389698952,0.18511972458734213,0.22862939169458704
227_t1,227,Philips,3.0,t1,0.3448586825645155,2.0,1.6551413174354845,2.1811490892682786,1.0000000000000002,1,11,0.5847802526123306,0.393744890505288,1.134940596551364,0.07386820453615815,1.0118602583549061,0.09330253725235722,0.1932140184947702
227_t2,227,Philips,3.0,t2,0.3448586825645155,2.0,1.6551413174354845,2.1811490892682786,1.0000000000000002,1,11,0.5847802526123306,0.393744890505288,1.134940596551364,0.07386820453615815,1.0118602583549061,0.09330253725235722,0.1932140184947702
228_t1,228,Philips,3.0,t1,0.39086723620173114,1.9999999999999998,1.6091327637982686,2.1900259322575963,1.0000000000000002,1,11,0.6353497498368977,0.3661246414675959,1.1132599842393691,0.048450509414167085,1.004340359607205,0.14638738668286844,0.2513820629583065
228_t2,228,Philips,3.0,t2,0.39086723620173114,1.9999999999999998,1.6091327637982686,2.1900259322575963,1.0000000000000002,1,11,0.6353497498368977,0.3661246414675959,1.1132599842393691,0.048450509414167085,1.004340359607205,0.14638738668286844,0.2513820629583065
229_t1,229,Philips,3.0,t1,0.37176435903906646,2.000000000000001,1.6282356409609344,2.185417735916632,1.0,1,11,0.5701814668709897,0.4144771037154845,1.076861790556012,0.01569816850909965,1.0096446148618634,0.11432030764791128,0.140078919468266
229_t2,229,Philips,3.0,t2,0.37176435903906646,2.000000000000001,1.6282356409609344,2.185417735916632,1.0,1,11,0.5701814668709897,0.4144771037154845,1.076861790556012,0.01569816850909965,1.0096446148618634,0.11432030764791128,0.140078919468266
22_t1,22,Siemens,1.5,t1,0.3941305643783381,1.9999999999999996,1.6058694356216614,2.1960802297667703,1.0,1,11,0.6877009770747913,0.30042965355349927,1.0564151218800177,0.03989388376027874,1.013366370570082,0.13343550819831657,0.3795066413662239
22_t2,22,Siemens,1.5,t2,0.3941305643783381,1.9999999999999996,1.6058694356216614,2.1960802297667703,1.0,1,11,0.6877009770747913,0.30042965355349927,1.0564151218800177,0.03989388376027874,1.013366370570082,0.13343550819831657,0.3795066413662239
22_t2_SPACE,22,Siemens,1.5,t2_SPACE,0.3918368721752495,1.9999999999999996,1.6081631278247501,2.195299098913906,1.0,1,11,0.6848842010624,0.3019169061193289,1.0460905281431307,0.04351227500947987,1.0124144952723149,0.13074902991717438,0.3759962124201057
231_t1,231,Philips,3.0,t1,0.37686562185450245,1.9999999999999991,1.6231343781454965,2.1862371089204067,1.0,1,11,0.6111043184337048,0.4402908669279688,1.0743627263440625,0.010248089581375701,1.0170728863746599,0.21153580683203108,0.13289369372211987
231_t2,231,Philips,3.0,t2,0.37686562185450245,1.9999999999999991,1.6231343781454965,2.1862371089204067,1.0,1,11,0.6111043184337048,0.4402908669279688,1.0743627263440625,0.010248089581375701,1.0170728863746599,0.21153580683203108,0.13289369372211987
232_t1,232,Philips,3.0,t1,0.37998559561257506,2.000000000000001,1.6200144043874258,2.189233022928242,1.0,1,11,0.6225106845747296,0.3881275905989595,1.1499511661252224,0.02508433713723644,1.0038469510292256,0.1547029445787472,0.21482056148565803
232_t2,232,Philips,3.0,t2,0.37998559561257506,2.000000000000001,1.6200144043874258,2.189233022928242,1.0,1,11,0.6225106845747296,0.3881275905989595,1.1499511661252224,0.02508433713723644,1.0038469510292256,0.1547029445787472,0.21482056148565803
233_t1,233,Siemens,1.5,t1,0.3700318517904968,1.999999999999999,1.629968148209502,2.188431504258505,0.9999999999999999,1,11,0.6509587764925082,0.42692605657955,1.2081020495303156,0.03762974215936746,1.0035349431476213,0.24162040990606315,0.19048889837745514
233_t2,233,Siemens,1.5,t2,0.36934118478843914,2.0,1.6306588152115609,2.1883972540338905,0.9999999999999999,1,11,0.6508028635494718,0.4276023551573051,1.2110020229765592,0.03706983820480408,1.0035081458759134,0.24220040459531186,0.1895658952135261
234_t1,234,Siemens,1.5,t1,0.3821702508085614,2.000000000000001,1.6178297491914395,2.1894305936678555,0.9999999999999997,1,11,0.6964758596125357,0.3570934880115684,1.0965021861336666,0.08387687609831082,1.0365558952871665,0.21930043722673334,0.3129464539208449
234_t2,234,Siemens,1.5,t2,0.38126171580407603,2.000000000000001,1.6187382841959248,2.189617071669784,1.0,1,11,0.6927262194346402,0.3540910183899023,1.1083967296257433,0.07880189129790899,1.0420738259911855,0.2110276757607555,0.31297000699545297
234_t2_SPACE,234,Siemens,1.5,t2_SPACE,0.38027467194477454,2.0,1.6197253280552255,2.189204841078509,0.9999999999999997,1,11,0.6932839248279591,0.34832908956974784,1.1157284976703186,0.07949283343281656,1.0483261546357596,0.20433139254946406,0.32089324207204606
236_t1,236,Philips,3.0,t1,0.3578779694220742,1.999999999999999,1.6421220305779247,2.1831821524971455,0.9999999999999997,1,11,0.5606241276074336,0.425161449029035,1.133671856159061,0.03880647384518772,1.0242963381925434,0.10578391703957771,0.12758916369677642
236_t2,236,Philips,3.0,t2,0.3578779694220742,1.999999999999999,1.6421220305779247,2.1831821524971455,0.9999999999999997,1,11,0.5606241276074336,0.425161449029035,1.133671856159061,0.03880647384518772,1.0242963381925434,0.10578391703957771,0.12758916369677642
237_t1,237,Philips,1.5,t1,0.3909108982736324,1.9999999999999987,1.6090891017263662,2.1892025786014115,0.9999999999999993,1,11,0.7233650869832504,0.5522869643475539,1.968612824771622,0.007326308860148206,1.0138624989903602,0.3937225649543244,0.19768062640882672
237_t2,237,Philips,1.5,t2,0.3909908489774737,2.0000000000000004,1.6090091510225268,2.1891786120693704,1.0,1,11,0.7242692447775618,0.5517779035809391,1.970130063941408,0.007401243532668658,1.0137174115463357,0.39402601278828164,0.19936632572235427
239_t1,239,Siemens,1.5,t1,0.39445430859566705,2.0,1.605545691404333,2.189534504037541,1.0,1,11,0.6302230963741928,0.3874358062767836,1.0640646721416807,0.017870479192173185,1.00655254662987,0.1724103690377449,0.21408044298547915
239_t2,239,Siemens,1.5,t2,0.39445430859566705,2.0,1.605545691404333,2.189534504037541,1.0,1,11,0.6302230963741928,0.3874358062767836,1.0640646721416807,0.017870479192173185,1.00655254662987,0.1724103690377449,0.21408044298547915
239_t2_SPACE,239,Siemens,1.5,t2_SPACE,0.3952877991953531,2.0,1.6047122008046468,2.1898773631572563,1.0000000000000002,1,11,0.6305883407140246,0.38953034404447456,1.0928429526702352,0.01811096776084121,1.0076117381576943,0.17413883166830776,0.21315551790254636
23_t1,23,Siemens,1.5,t1,0.36944220947434886,2.0,1.6305577905256512,2.1836345615863197,1.0,1,11,0.5768713915713469,0.39768100212671037,1.0558578996271313,0.006047073926354789,1.0166915321198529,0.09993845856813602,0.16917860288882725
23_t2,23,Siemens,1.5,t2,0.36944220947434886,2.0,1.6305577905256512,2.1836345615863197,1.0,1,11,0.5768713915713469,0.39768100212671037,1.0558578996271313,0.006047073926354789,1.0166915321198529,0.09993845856813602,0.16917860288882725
241_t1,241,Siemens,1.5,t1,0.3740310726691907,2.0,1.6259689273308093,2.189672199901137,1.0,1,11,0.641275643777129,0.3834781596630471,1.132592119428053,0.06016270342246772,1.0706086261332468,0.1727811602424654,0.2380252560672185
241_t2,241,Siemens,1.5,t2,0.37388755608738766,1.9999999999999998,1.626112443912612,2.1894509549603565,1.0000000000000002,1,11,0.63253945264771,0.377645850056249,1.127042624796857,0.06222991581361972,1.0634592274386474,0.1519870671085689,0.23959972871639343
241_t2_SPACE,241,Siemens,1.5,t2_SPACE,0.3686512504354743,2.0000000000000004,1.631348749564526,2.1886427666223836,1.0,1,11,0.6220254895200585,0.3846039039593111,1.0672776883891935,0.0675710004227625,1.0684224902961275,0.1529080393231511,0.21554803762097727
242_t1,242,Philips,3.0,t1,0.37147849996694854,2.0,1.6285215000330515,2.186634221550306,1.0000000000000002,1,11,0.5720812532167633,0.40712863532528115,1.153637854345417,0.056125765031535,1.0095945779048596,0.08319250615544312,0.17538625092143598
242_t2,242,Philips,3.0,t2,0.37147849996694854,2.0,1.6285215000330515,2.186634221550306,1.0000000000000002,1,11,0.5720812532167633,0.40712863532528115,1.153637854345417,0.056125765031535,1.0095945779048596,0.08319250615544312,0.17538625092143598
243_t1,243,Philips,3.0,t1,0.3632256125196664,1.999999999999999,1.6367743874803324,2.1859534498828688,1.0,1,11,0.6375726468590982,0.4140424095798528,1.083992556728488,0.04139264530928508,1.0056178595833203,0.21369420853506893,0.18896561455494706
243_t2,243,Philips,3.0,t2,0.3632256125196664,1.999999999999999,1.6367743874803324,2.1859534498828688,1.0,1,11,0.6375726468590982,0.4140424095798528,1.083992556728488,0.04139264530928508,1.0056178595833203,0.21369420853506893,0.18896561455494706
244_t1,244,Philips,3.0,t1,0.37484733840137585,2.000000000000001,1.6251526615986251,2.1849052214804834,1.0,1,11,0.5694626356642295,0.4238128689956375,1.0898016619377624,0.05713756903813153,1.0066677679592946,0.12728953310309624,0.12552826535820874
244_t2,244,Philips,3.0,t2,0.37484733840137585,2.000000000000001,1.6251526615986251,2.1849052214804834,1.0,1,11,0.5694626356642295,0.4238128689956375,1.0898016619377624,0.05713756903813153,1.0066677679592946,0.12728953310309624,0.12552826535820874
245_t1,245,Philips,3.0,t1,0.37563073300793637,2.000000000000001,1.6243692669920646,2.1916742828104905,1.0,1,11,0.5850831870565191,0.41868350274357513,1.1044650350012606,0.10793140705429342,1.0178903654969342,0.14190101567545352,0.14528199584888846
245_t2,245,Philips,3.0,t2,0.37662179400874757,2.0,1.6233782059912525,2.1905467136539185,1.0000000000000002,1,11,0.577215504196154,0.4234009075699374,1.1426514137357509,0.11962706195393003,1.0126987771031888,0.13541370870688138,0.13446040052465755
246_t2,246,Siemens,1.5,t2,0.39104980928471017,2.0,1.6089501907152899,2.1900768298522704,1.0,1,11,0.6307876681847641,0.3835038162260078,1.1111570760766143,0.04964990196745194,1.005935487399421,0.16597029743929176,0.22176257256718934
249_t1,249,Siemens,1.5,t1,0.3983485148586691,1.9999999999999996,1.6016514851413304,2.194616893682541,0.9999999999999999,1,11,0.6426694431489285,0.3839576560911345,1.0736245854191773,0.02493703336616926,1.0303550248529825,0.18855197942933807,0.22532079549830444
249_t2,249,Siemens,1.5,t2,0.39607968670845506,2.0000000000000004,1.6039203132915454,2.193527953661264,1.0000000000000002,1,11,0.6553222634438222,0.3959075783575558,1.0811525910620015,0.02480220237358668,1.027644201585763,0.2161297231916743,0.22557925638473456
24_t1,24,Philips,3.0,t1,0.3952407496311927,2.0000000000000004,1.6047592503688077,2.1909146952531646,1.0000000000000002,1,11,0.574681267863451,0.40587583082476697,1.1043626962972477,0.028152004797553767,1.017446770913375,0.10287742059796395,0.16142136870162815
24_t2,24,Philips,3.0,t2,0.3952407496311927,2.0000000000000004,1.6047592503688077,2.1909146952531646,1.0000000000000002,1,11,0.574681267863451,0.40587583082476697,1.1043626962972477,0.028152004797553767,1.017446770913375,0.10287742059796395,0.16142136870162815
250_t1,250,Siemens,3.0,t1,0.37173111790706337,1.9999999999999993,1.6282688820929359,2.187788534981721,1.0,1,11,0.6109894394861889,0.4065900421590959,1.0640527289880548,0.053184927003813054,1.006214354671236,0.17306274584607134,0.17111402102354448
250_t2,250,Siemens,3.0,t2,0.3741505946710708,2.0,1.6258494053289292,2.1883202061526363,1.0000000000000002,1,11,0.6271499557258223,0.41224681385137213,1.09195738381974,0.0519493419235106,1.0089980713124298,0.20062133367445772,0.1791085689223516
251_t1,251,Philips,3.0,t1,0.38021927297461366,2.0,1.6197807270253863,2.189924529301739,0.9999999999999999,1,11,0.5446552633743894,0.4308898957287331,1.2351908276531975,0.05467948506501133,1.0154585128345561,0.07244559938231118,0.1257959800413453
251_t2,251,Philips,3.0,t2,0.38021927297461366,2.0,1.6197807270253863,2.189924529301739,0.9999999999999999,1,11,0.5446552633743894,0.4308898957287331,1.2351908276531975,0.05467948506501133,1.0154585128345561,0.07244559938231118,0.1257959800413453
252_t1,252,Philips,3.0,t1,0.3733102725694062,2.0,1.6266897274305938,2.188726085509453,1.0000000000000002,1,11,0.6163010192944561,0.40484741005272756,1.1059880171053533,0.05776393371376548,1.0127549192686338,0.17073338059411375,0.18512886185368976
252_t2,252,Philips,3.0,t2,0.3733102725694062,2.0,1.6266897274305938,2.188726085509453,1.0000000000000002,1,11,0.6163010192944561,0.40484741005272756,1.1059880171053533,0.05776393371376548,1.0127549192686338,0.17073338059411375,0.18512886185368976
253_t1,253,Philips,3.0,t1,0.3918933709340733,2.000000000000001,1.6081066290659276,2.193688444075276,1.0,1,11,0.5906783077459401,0.4043066766160683,1.1287195526896465,0.03182032639277808,1.0729365409266831,0.13293451016517066,0.1665577668758971
253_t2,253,Philips,3.0,t2,0.3918933709340733,2.000000000000001,1.6081066290659276,2.193688444075276,1.0,1,11,0.5906783077459401,0.4043066766160683,1.1287195526896465,0.03182032639277808,1.0729365409266831,0.13293451016517066,0.1665577668758971
254_t1,254,Philips,3.0,t1,0.3887578156322015,2.0,1.6112421843677984,2.1912423214718144,1.0,1,11,0.6092468989058547,0.40027506140238533,1.0881106945841332,0.055685200421258525,1.0163602704454828,0.158739447136631,0.1816037304562494
254_t2,254,Philips,3.0,t2,0.3887578156322015,2.0,1.6112421843677984,2.1912423214718144,1.0,1,11,0.6092468989058547,0.40027506140238533,1.0881106945841332,0.055685200421258525,1.0163602704454828,0.158739447136631,0.1816037304562494
255_t1,255,Philips,3.0,t1,0.3900919937060029,2.0000000000000004,1.6099080062939977,2.1948494859390593,1.0000000000000002,1,11,0.6411415466531415,0.33413016042143234,1.0492732294749787,0.04817431402871801,1.0103003416829797,0.09636642193875028,0.31414498069816094
255_t2,255,Philips,3.0,t2,0.3900919937060029,2.0000000000000004,1.6099080062939977,2.1948494859390593,1.0000000000000002,1,11,0.6411415466531415,0.33413016042143234,1.0492732294749787,0.04817431402871801,1.0103003416829797,0.09636642193875028,0.31414498069816094
256_t1,256,Siemens,3.0,t1,0.3851719205736854,1.9999999999999996,1.6148280794263141,2.189895195025609,1.0,1,11,0.6252404132711813,0.38793614626531236,1.0837062171332783,0.023606624709294352,1.0176314548220147,0.16684691261225942,0.20868199658433934
256_t2,256,Siemens,3.0,t2,0.390204416705166,2.0,1.609795583294834,2.1924755265816382,1.0,1,11,0.6340382515452251,0.3961283275015822,1.104179712455012,0.026823103239942348,1.0185351584064193,0.18633180895273155,0.2085523444467637
257_t1,257,Philips,3.0,t1,0.36126573732424083,2.000000000000001,1.6387342626757602,2.1857899697970304,1.0,1,11,0.6010400294572332,0.39591336589916765,1.1612898141873256,0.045038301651725544,1.0029366568830056,0.12512017147089877,0.19716789333501442
257_t2,257,Philips,3.0,t2,0.36126573732424083,2.000000000000001,1.6387342626757602,2.1857899697970304,1.0,1,11,0.6010400294572332,0.39591336589916765,1.1612898141873256,0.045038301651725544,1.0029366568830056,0.12512017147089877,0.19716789333501442
25_t1,25,Philips,3.0,t1,0.36440173598874653,2.0000000000000004,1.6355982640112539,2.181599868683018,1.0000000000000002,1,11,0.5841443030922092,0.400887400001778,1.1273493360572013,0.019424226994132095,1.005000362039867,0.09395301327885597,0.19116445352400407
25_t2,25,Philips,3.0,t2,0.36440173598874653,2.0000000000000004,1.6355982640112539,2.181599868683018,1.0000000000000002,1,11,0.5841443030922092,0.400887400001778,1.1273493360572013,0.019424226994132095,1.005000362039867,0.09395301327885597,0.19116445352400407
28_t1,28,Philips,3.0,t1,0.3777110652622452,2.000000000000001,1.6222889347377558,2.191012507559334,1.0,1,11,0.5709055220753938,0.4048665823728624,1.1305944484890416,0.042686821132778795,1.0188659731854421,0.07074737447559902,0.18524477409026738
28_t2,28,Philips,3.0,t2,0.3777110652622452,2.000000000000001,1.6222889347377558,2.191012507559334,1.0,1,11,0.5709055220753938,0.4048665823728624,1.1305944484890416,0.042686821132778795,1.0188659731854421,0.07074737447559902,0.18524477409026738
29_t1,29,Philips,3.0,t1,0.3716886120220294,2.0,1.6283113879779707,2.189316268711523,0.9999999999999997,1,11,0.5850501493653486,0.39930708483072364,1.124998150586634,0.04800006441184026,1.0519945579810455,0.10454363875778604,0.18256668984598087
29_t2,29,Philips,3.0,t2,0.3716886120220294,2.0,1.6283113879779707,2.189316268711523,0.9999999999999997,1,11,0.5850501493653486,0.39930708483072364,1.124998150586634,0.04800006441184026,1.0519945579810455,0.10454363875778604,0.18256668984598087
2_t1,2,Siemens,1.5,t1,0.38225982176816303,1.9999999999999996,1.6177401782318366,2.1923588891531978,1.0000000000000002,1,11,0.573566883058682,0.39887393108152985,1.048540954429634,0.028717310950481263,1.0173112108446651,0.08651839332129732,0.1753287494078029
2_t2,2,Siemens,1.5,t2,0.3816784944196084,2.000000000000001,1.6183215055803926,2.1923023408620232,1.0000000000000002,1,11,0.5738747264446679,0.398689379101177,1.051380756162799,0.027527605245958372,1.0171716180117107,0.0872280054941083,0.17529639268416103
30_t1,30,Philips,3.0,t1,0.389804316160069,2.0,1.610195683839931,2.1914112360189466,1.0,1,11,0.5900345736843847,0.4053693825958715,1.1467219035225436,0.018644445275486886,1.0242357972144545,0.13313554718512902,0.16494051492051742
30_t2,30,Philips,3.0,t2,0.389804316160069,2.0,1.610195683839931,2.1914112360189466,1.0,1,11,0.5900345736843847,0.4053693825958715,1.1467219035225436,0.018644445275486886,1.0242357972144545,0.13313554718512902,0.16494051492051742
31_t1,31,Siemens,1.5,t1,0.3867763133113833,2.0,1.6132236866886167,2.1902820904306783,0.9999999999999999,1,11,0.5974203916078519,0.3864868578793625,1.0882108878982613,0.05065472746907883,1.0185840692265637,0.11215963256720507,0.20216522897006886
31_t2,31,Siemens,1.5,t2,0.39151222948600334,1.9999999999999998,1.6084877705139964,2.191971967087657,0.9999999999999999,1,11,0.5819169162226339,0.4026057142611123,1.1143972713400951,0.054977656078166834,1.0217482874323034,0.11152499775603628,0.16869221793375822
32_t1,32,Philips,3.0,t1,0.3860967612885711,2.0,1.613903238711429,2.1964351206115675,0.9999999999999999,1,11,0.6169802167573821,0.3925110329673697,1.1659905215291366,0.0646056818301672,1.009322516724291,0.15102114797183117,0.20633532889440942
32_t2,32,Philips,3.0,t2,0.3860967612885711,2.0,1.613903238711429,2.1964351206115675,0.9999999999999999,1,11,0.6169802167573821,0.3925110329673697,1.1659905215291366,0.0646056818301672,1.009322516724291,0.15102114797183117,0.20633532889440942
33_t1,33,Siemens,1.5,t1,0.38093519406850934,1.9999999999999982,1.619064805931489,2.1884932585279966,0.9999999999999997,1,11,0.5889567313256755,0.39191855935330705,1.0643050188738246,0.016917296096706193,1.0043776479965478,0.10951285430300862,0.18619195461347748
33_t2,33,Siemens,1.5,t2,0.38155335102899735,2.0,1.6184466489710028,2.1885803108177337,1.0,1,11,0.5881856619198066,0.39258743471441154,1.0656216699322814,0.0130339432687268,1.0042748788216247,0.10998246880478497,0.18402598741878934
34_t1,34,Siemens,1.5,t1,0.3984611224759021,2.0,1.601538877524098,2.1926762082905493,1.0,1,11,0.6271859254881678,0.3862477051938596,1.0672070398788218,0.015732173740858797,1.0045690282473565,0.16780571809829503,0.2120033179756742
34_t2,34,Siemens,1.5,t2,0.39657168073605,2.000000000000001,1.603428319263951,2.1913683811884517,1.0000000000000002,1,11,0.62127258551189,0.3955119460724576,1.075503651103715,0.023412612125904637,1.0041040126756562,0.171522229394948,0.19527745873121005
34_t2_SPACE,34,Siemens,1.5,t2_SPACE,0.39564393474659754,2.0000000000000004,1.6043560652534028,2.19180753335402,1.0,1,11,0.6228352521727555,0.38904829546862396,1.0973820212868404,0.0164515570604412,1.005041192625793,0.16366150163480367,0.20657605314525831
35_t1,35,Siemens,1.5,t1,0.39452451220945894,2.0000000000000004,1.6054754877905415,2.1928195123522394,1.0000000000000002,1,11,0.6502711247222199,0.3505548966760419,1.0993205622136608,0.03375349885463447,1.0262726717830235,0.13563871151222676,0.2949577628766569
35_t2_SPACE,35,Siemens,1.5,t2_SPACE,0.39138214488918105,2.000000000000001,1.60861785511082,2.19218550319974,1.0000000000000002,1,11,0.6484950015229556,0.3524008271179589,1.0885155500597816,0.03943949871075053,1.0294818171848077,0.1332199829974496,0.29346902035305295
36_t1,36,Philips,3.0,t1,0.3804794180688099,1.9999999999999998,1.61952058193119,2.190386205498378,0.9999999999999997,1,11,0.5637180766296325,0.40662564126866624,1.0497591498237075,0.06054363987458757,1.0318819434798336,0.08134280180761781,0.1588369667775736
36_t2,36,Philips,3.0,t2,0.3804794180688099,1.9999999999999998,1.61952058193119,2.190386205498378,0.9999999999999997,1,11,0.5637180766296325,0.40662564126866624,1.0497591498237075,0.06054363987458757,1.0318819434798336,0.08134280180761781,0.1588369667775736
37_t1,37,Philips,3.0,t1,0.3653864166815757,2.0,1.6346135833184243,2.185186733360874,1.0000000000000002,1,11,0.6147939234422438,0.4242374768299257,1.1801045543978779,0.018453639582972445,1.008298707875712,0.18308959803142863,0.16945703354150768
37_t2,37,Philips,3.0,t2,0.3653864166815757,2.0,1.6346135833184243,2.185186733360874,1.0000000000000002,1,11,0.6147939234422438,0.4242374768299257,1.1801045543978779,0.018453639582972445,1.008298707875712,0.18308959803142863,0.16945703354150768
38_t1,38,Philips,3.0,t1,0.40070513883425246,1.9999999999999996,1.5992948611657472,2.1933465102543184,1.0000000000000002,1,11,0.5903885505043858,0.4309635031264313,1.2311438725812822,0.0773463028995501,1.0393068113225374,0.1654907638980299,0.13336404721161865
38_t2,38,Philips,3.0,t2,0.40070513883425246,1.9999999999999996,1.5992948611657472,2.1933465102543184,1.0000000000000002,1,11,0.5903885505043858,0.4309635031264313,1.2311438725812822,0.0773463028995501,1.0393068113225374,0.1654907638980299,0.13336404721161865
39_t1,39,Philips,3.0,t1,0.3658677721366952,2.0,1.6341322278633048,2.1877675587336527,0.9999999999999999,1,11,0.6485538864463887,0.3873032495326269,1.0935841389779821,0.03238221192742353,1.0076077015598726,0.19149421876248415,0.23532433141957054
39_t2,39,Philips,3.0,t2,0.3658677721366952,2.0,1.6341322278633048,2.1877675587336527,0.9999999999999999,1,11,0.6485538864463887,0.3873032495326269,1.0935841389779821,0.03238221192742353,1.0076077015598726,0.19149421876248415,0.23532433141957054
3_t1,3,Siemens,1.5,t1,0.36710474994607123,1.9999999999999998,1.6328952500539287,2.184899020776321,1.0,1,11,0.6081408775981525,0.3986329612163687,1.0647806004618938,0.023170328818008592,1.017036952767675,0.1571362586605081,0.18077367205542724
3_t2,3,Siemens,1.5,t2,0.36789241940867873,2.0,1.6321075805913212,2.185023201855371,1.0000000000000002,1,11,0.6083861852915432,0.39818447484092456,1.0645126614352187,0.02355809509237452,1.0169671694981306,0.15716611127320754,0.1812834963681875
40_t1,40,Philips,3.0,t1,0.39435677353532955,1.9999999999999996,1.60564322646467,2.1891841538307033,1.0000000000000002,1,11,0.6541100409024939,0.43795453955821206,1.2684878015066696,0.011872477464795323,1.0048105680737227,0.25369756030133395,0.18534452968415238
40_t2,40,Philips,3.0,t2,0.39435677353532955,1.9999999999999996,1.60564322646467,2.1891841538307033,1.0000000000000002,1,11,0.6541100409024939,0.43795453955821206,1.2684878015066696,0.011872477464795323,1.0048105680737227,0.25369756030133395,0.18534452968415238
41_t2_SPACE,41,Siemens,1.5,t2_SPACE,0.3991631098493934,2.0,1.6008368901506067,2.1950611560773265,1.0,1,11,0.6980942303872819,0.3384732146081956,1.1183806436063102,0.02204615776175153,1.014689448602022,0.19398222657616682,0.34182508027585345
42_t2,42,Philips,1.5,t2,0.3947786940925483,1.9999999999999996,1.6052213059074512,2.1936325089380606,1.0,1,11,0.6757401034390319,0.36639470872968605,1.0826280837189233,0.02313005255495924,1.0019402101644492,0.20528757402124143,0.28134065354462856
44_t1,44,Philips,3.0,t1,0.386596333507869,2.0,1.613403666492131,2.189749197996436,1.0000000000000002,1,11,0.5918195198612912,0.3991456639812076,1.1113007661441516,0.023811877603490603,1.0040923912035316,0.12334976803013091,0.17865317566470978
44_t2,44,Philips,3.0,t2,0.386596333507869,2.0,1.613403666492131,2.189749197996436,1.0000000000000002,1,11,0.5918195198612912,0.3991456639812076,1.1113007661441516,0.023811877603490603,1.0040923912035316,0.12334976803013091,0.17865317566470978
45_t1,45,Siemens,1.5,t1,0.3785987294727555,1.9999999999999998,1.6214012705272443,2.1908709783091678,1.0000000000000002,1,11,0.6584614249710831,0.35475411230613807,1.1294463709498481,0.030215117914546463,1.005928395328777,0.16807298039190827,0.2805421545444748
45_t2,45,Siemens,1.5,t2,0.3785987294727555,1.9999999999999998,1.6214012705272443,2.1908709783091678,1.0000000000000002,1,11,0.6584614249710831,0.35475411230613807,1.1294463709498481,0.030215117914546463,1.005928395328777,0.16807298039190827,0.2805421545444748
45_t2_SPACE,45,Siemens,1.5,t2_SPACE,0.37726150862513197,2.0,1.622738491374868,2.1905143798764746,1.0000000000000004,1,11,0.6556752659130131,0.3544660927261379,1.1256985050591155,0.03028789802263015,1.0061479077889193,0.16420732102507093,0.27827826398355776
47_t1,47,Siemens,1.5,t1,0.41499152748501683,2.0,1.5850084725149831,2.194133706971977,1.0000000000000002,1,11,0.6439336065004515,0.39580593598892116,1.106951871657754,0.029349319296083275,1.001666455133618,0.2008997538409303,0.21575418046006284
47_t2,47,Siemens,1.5,t2,0.415241879591771,1.9999999999999996,1.5847581204082286,2.194388576394074,1.0,1,11,0.6622772186206523,0.3788350656051087,1.1095069264227493,0.02799552375842735,1.0020592094264993,0.20321161835837076,0.2537982626070641
48_t1,48,Philips,3.0,t1,0.34960450875705257,1.9999999999999993,1.6503954912429468,2.1853134599899686,1.0,1,11,0.5996254648017727,0.39258190341976884,1.1315422689011072,0.07538535929170156,1.0040177987594305,0.13159714219866328,0.18757888036523668
48_t2,48,Philips,3.0,t2,0.34960450875705257,1.9999999999999993,1.6503954912429468,2.1853134599899686,1.0,1,11,0.5996254648017727,0.39258190341976884,1.1315422689011072,0.07538535929170156,1.0040177987594305,0.13159714219866328,0.18757888036523668
4_t1,4,Philips,3.0,t1,0.38127965546687975,1.9999999999999996,1.6187203445331197,2.1925970559891095,1.0,1,11,0.6165100846160709,0.38479591739220936,1.1266198636169196,0.08872444342535304,1.0102123842829358,0.14132507989230267,0.2149971062630533
4_t2,4,Philips,3.0,t2,0.38127965546687975,1.9999999999999996,1.6187203445331197,2.1925970559891095,1.0,1,11,0.6165100846160709,0.38479591739220936,1.1266198636169196,0.08872444342535304,1.0102123842829358,0.14132507989230267,0.2149971062630533
50_t1,50,Siemens,1.5,t1,0.38121946002740903,1.9999999999999991,1.61878053997259,2.192143149188599,1.0,1,11,0.6168154614400163,0.3757824604824327,1.0696069879576457,0.01793845675736385,1.045488672047069,0.1390988829929006,0.21789513217513512
50_t2,50,Siemens,1.5,t2,0.38236891384582683,1.9999999999999993,1.6176310861541725,2.192162428962126,1.0,1,11,0.6186208277494633,0.3761345783185764,1.0337396177799414,0.019454337814949967,1.0446907137022836,0.1430148957770561,0.21795092527176332
50_t2_SPACE,50,Siemens,1.5,t2_SPACE,0.38422487765482405,2.0,1.615775122345176,2.193101654117062,1.0,1,11,0.6301436164917393,0.3562087486379081,1.0532546198075208,0.014272285964837421,1.0510393627720063,0.1261939282417098,0.2601220280401168
51_t1,51,Philips,3.0,t1,0.36490026378444623,2.0000000000000004,1.6350997362155542,2.187749433205829,0.9999999999999999,1,11,0.6156868326459821,0.40130221795705007,1.1128304085050607,0.08007364884780739,1.0144644154497329,0.16695186776378065,0.18755916405738002
51_t2,51,Philips,3.0,t2,0.36490026378444623,2.0000000000000004,1.6350997362155542,2.187749433205829,0.9999999999999999,1,11,0.6156868326459821,0.40130221795705007,1.1128304085050607,0.08007364884780739,1.0144644154497329,0.16695186776378065,0.18755916405738002
52_t1,52,Siemens,1.5,t1,0.37461976541707825,1.9999999999999998,1.6253802345829216,2.1870064944775853,1.0,1,11,0.5978605308978833,0.3729919822200539,1.0920109586360411,0.019899037573993198,1.0070382457661171,0.07841050854920378,0.23688265942613929
52_t2,52,Siemens,1.5,t2,0.37962193615407225,1.9999999999999991,1.6203780638459269,2.1883239162539962,1.0,1,11,0.5892124718530587,0.3816948636984667,1.0766155876180326,0.026293250618586006,1.008265187439655,0.07957405267918716,0.21669338539754188
52_t2_SPACE,52,Siemens,1.5,t2_SPACE,0.3713906443229602,2.0,1.6286093556770398,2.18615515339208,0.9999999999999999,1,11,0.5948489059246416,0.3755148336602879,1.0813276374805831,0.022389812028649182,1.0077001414600166,0.07845286984673641,0.23021472318747518
53_t1,53,Siemens,1.5,t1,0.40275882309644656,2.0,1.5972411769035535,2.192512179079587,0.9999999999999999,1,11,0.5999127321113428,0.42731701071011724,1.0560602580450984,0.024628476727143262,1.0130193106919605,0.1832215243511251,0.13658648629382925
53_t2,53,Siemens,1.5,t2,0.40275882309644656,2.0,1.5972411769035535,2.192512179079587,0.9999999999999999,1,11,0.5999127321113428,0.42731701071011724,1.0560602580450984,0.024628476727143262,1.0130193106919605,0.1832215243511251,0.13658648629382925
55_t1,55,Siemens,1.5,t1,0.38218116640860933,2.000000000000001,1.6178188335913917,2.1846816228617976,1.0000000000000002,1,11,0.6398984884519069,0.3642027072195851,1.1171811863584937,0.028627032879152612,1.003440535756889,0.15837354822323305,0.24940312637096215
55_t2,55,Siemens,1.5,t2,0.37588171297946354,2.0,1.6241182870205364,2.185041447993801,1.0,1,11,0.6173002221619285,0.3676241566149842,1.1047250376761917,0.02457150876478266,1.0043412997171508,0.12294258443899413,0.23511790431724833
55_t2_SPACE,55,Siemens,1.5,t2_SPACE,0.37741993876207763,2.0,1.6225800612379224,2.183739248029523,1.0000000000000002,1,11,0.6335079016696864,0.3675053921738049,1.0989079137251843,0.03217402442273603,1.0041505197185452,0.15207379382971253,0.24164358984359766
56_t1,56,Philips,3.0,t1,0.3732397551710254,2.0,1.6267602448289746,2.1869340875165553,1.0,1,11,0.6215176023332717,0.40812495512593217,1.108577050353278,0.049289226098528725,1.0017148645778298,0.1858190552851138,0.18151966984808415
56_t2,56,Philips,3.0,t2,0.3732397551710254,2.0,1.6267602448289746,2.1869340875165553,1.0,1,11,0.6215176023332717,0.40812495512593217,1.108577050353278,0.049289226098528725,1.0017148645778298,0.1858190552851138,0.18151966984808415
57_t1,57,Siemens,1.5,t1,0.3875973513053862,2.0,1.612402648694614,2.1871920006566454,0.9999999999999997,1,11,0.6227578745166178,0.3632132894905929,1.09542180421426,0.03490997841930979,1.0031211637819262,0.11540886053607,0.25465846340048914
57_t2,57,Siemens,1.5,t2,0.3874525408377878,1.9999999999999993,1.6125474591622115,2.187224117346019,1.0000000000000002,1,11,0.6224971898271744,0.3634706108054877,1.0956504939184195,0.03625815687448525,1.0031693908918204,0.1155668301861434,0.2539269874336402
57_t2_SPACE,57,Siemens,1.5,t2_SPACE,0.3865167903164573,1.9999999999999996,1.6134832096835423,2.1869191034167303,1.0000000000000002,1,11,0.6213796878522868,0.36488104587153053,1.0900819097058816,0.037940325420683665,1.004134104011257,0.11569565506110747,0.2513396582139238
58_t1,58,Siemens,1.5,t1,0.4036085566738492,1.9999999999999998,1.5963914433261506,2.1932810170862442,1.0,1,11,0.5938461583805897,0.3935055945867715,1.10365873427571,0.09079560781296435,1.0068277749334722,0.12066366230060951,0.18579788613668788
58_t2,58,Siemens,1.5,t2,0.40669048285057213,1.9999999999999996,1.5933095171494274,2.191690195802477,1.0,1,11,0.5979250274835765,0.39362325285784,1.129080513629394,0.09020129789974834,1.005973966711084,0.12703461960670437,0.1884004408571636
59_t1,59,Philips,3.0,t1,0.3854160824241982,2.0,1.6145839175758017,2.1888391010319515,1.0000000000000002,1,11,0.5965626507505605,0.3972771722909123,1.1368848194776817,0.022338841227162565,1.009433081130825,0.12214753927791072,0.19029029237332223
59_t2,59,Philips,3.0,t2,0.3854160824241982,2.0,1.6145839175758017,2.1888391010319515,1.0000000000000002,1,11,0.5965626507505605,0.3972771722909123,1.1368848194776817,0.022338841227162565,1.009433081130825,0.12214753927791072,0.19029029237332223
5_t1,5,Siemens,1.5,t1,0.3979224241010016,2.000000000000001,1.6020775758989994,2.1912315165572864,1.0,1,11,0.6480769268360383,0.35111930609771985,1.0804018749865612,0.023591447417467746,1.0031189968082246,0.14949362461564925,0.27627561442363513
5_t2,5,Siemens,1.5,t2,0.3979224241010016,2.000000000000001,1.6020775758989994,2.1912315165572864,1.0,1,11,0.6480769268360386,0.35111930609771996,1.0804018749865614,0.023591447417467746,1.0031189968082246,0.14949362461564927,0.2762756144236352
5_t2_SPACE,5,Siemens,1.5,t2_SPACE,0.4018867833328538,1.9999999999999991,1.5981132166671452,2.1925598047995463,0.9999999999999997,1,11,0.6650151268378169,0.3360814876298281,1.077822884507864,0.020698656584648818,1.0040771845536656,0.15403748450300217,0.30899579454019493
60_t1,60,Philips,3.0,t1,0.40435849867484985,1.9999999999999998,1.59564150132515,2.191467269611791,1.0,1,11,0.5852276457213108,0.4095844874033062,1.100625834263332,0.0888123012943931,1.01336781095208,0.13025449134554368,0.15724632924134008
60_t2,60,Philips,3.0,t2,0.40435849867484985,1.9999999999999998,1.59564150132515,2.191467269611791,1.0,1,11,0.5852276457213108,0.4095844874033062,1.100625834263332,0.0888123012943931,1.01336781095208,0.13025449134554368,0.15724632924134008
61_t1,61,Siemens,1.5,t1,0.370727801776907,2.000000000000001,1.6292721982230938,2.186371014592686,1.0,1,11,0.5981454229986012,0.3826403484440811,1.0667524876765562,0.11202518214604683,1.0028246284818132,0.11088900704825033,0.2050309235486721
61_t2,61,Siemens,1.5,t2,0.3752899310891175,1.9999999999999996,1.624710068910882,2.1869350409042823,1.0,1,11,0.5972277313020832,0.384457665921016,1.0684290537205583,0.11265529779516531,1.0026687560860796,0.1129375530591696,0.20096345580541347
61_t2_SPACE,61,Siemens,1.5,t2_SPACE,0.36937171160068566,1.9999999999999996,1.630628288399314,2.1861831778361744,1.0000000000000002,1,11,0.6042672384515696,0.3747202436114845,1.047772065761939,0.11662475101013299,1.003274641564978,0.10521329765225235,0.2241746269412006
62_t1,62,Siemens,1.5,t1,0.3997539644898656,2.0000000000000004,1.600246035510135,2.1919578189570617,1.0000000000000002,1,11,0.6853718922684441,0.3711013650019128,1.118532325428877,0.08421651525490155,1.016979288400216,0.22370646508577544,0.28411169790480134
62_t2,62,Siemens,1.5,t2,0.40056638593835747,2.000000000000001,1.5994336140616434,2.1920318020839678,1.0,1,11,0.6911016534585657,0.3911531723423613,1.2430902064377263,0.07648597604195562,1.0162471829407949,0.24861804128754525,0.2718055963212993
63_t1,63,Philips,1.5,t1,0.3775450743566624,1.9999999999999996,1.6224549256433372,2.1858092572399475,0.9999999999999997,1,11,0.5846121519090167,0.40710835627031255,1.119061404428559,0.04330444405320817,1.0178646615837346,0.11303903824498857,0.1731076959548482
63_t2,63,Philips,1.5,t2,0.3775450743566624,1.9999999999999996,1.6224549256433372,2.1858092572399475,0.9999999999999997,1,11,0.5846121519090167,0.40710835627031255,1.119061404428559,0.04330444405320817,1.0178646615837346,0.11303903824498857,0.1731076959548482
64_t1,64,Siemens,1.5,t1,0.36807802112012683,2.000000000000001,1.631921978879874,2.1883978758252614,1.0,1,11,0.6484172660331881,0.3724415161162954,1.1671018891006186,0.016489443750651124,1.0051054563143533,0.15543322276330956,0.27108476250970426
64_t2,64,Siemens,1.5,t2,0.37981047351520253,2.0,1.6201895264847974,2.190641287157328,0.9999999999999999,1,11,0.6613530737272023,0.3704639833699638,1.157411890007746,0.020493187608544978,1.0066433452752799,0.17285534469403563,0.2821214175058095
65_t1,65,Siemens,1.5,t1,0.3642710552010065,2.000000000000001,1.6357289447989944,2.1841292893898863,1.0,1,11,0.581731623569066,0.41416317225809135,1.0778185888139227,0.042536400587751134,1.0233343855750432,0.1390456523109906,0.14076391954095466
65_t2,65,Siemens,1.5,t2,0.36375696085688825,2.0,1.6362430391431118,2.1845878611299097,1.0000000000000002,1,11,0.5776694744014312,0.4120099751342039,1.0799411327396033,0.04254277475118389,1.0221293837787173,0.1277859537861662,0.1430868898969823
65_t2_SPACE,65,Siemens,1.5,t2_SPACE,0.3692887140841398,2.0,1.6307112859158601,2.1861399360642304,1.0000000000000002,1,11,0.588840579520098,0.4158645340027218,1.0913950874405403,0.04572225053176716,1.0271086999131163,0.15119707159350274,0.1442522033507131
66_t1,66,Philips,1.5,t1,0.3644126384430185,2.0000000000000004,1.6355873615569818,2.1833172875082245,1.0,1,11,0.5990232642115721,0.4210807316461516,1.1331375726487394,0.06353997012505204,1.0046636033413847,0.16863036565009196,0.14922081561536676
66_t2,66,Philips,1.5,t2,0.36219830154769106,2.0,1.637801698452309,2.184013178507859,1.0,1,11,0.6127254596468549,0.43075643013073106,1.1272320737304358,0.06551559603375672,1.005645081313878,0.19797712027648914,0.1500188909465913
67_t1,67,Siemens,3.0,t1,0.3859142012215996,2.000000000000001,1.6140857987784014,2.1922893046423466,1.0000000000000002,1,11,0.6461740676754842,0.3955513334942359,1.1267419028271313,0.014205771583281636,1.017777496242954,0.19926485076198694,0.2223180981240785
67_t2,67,Siemens,3.0,t2,0.3859149532876826,1.9999999999999996,1.614085046712317,2.1922411138637306,1.0,1,11,0.645109242060191,0.39586705210563117,1.1252689477341415,0.014882599951902846,1.0180005860956858,0.19862365735430781,0.22061667517811245
68_t1,68,Siemens,1.5,t1,0.37656554226903216,2.000000000000001,1.6234344577309687,2.189768844860125,1.0,1,11,0.5632123207494245,0.41226025244722236,1.1081998862323963,0.07233614819878681,1.0181106449383301,0.08694602933825178,0.15212107631048216
68_t2,68,Siemens,1.5,t2,0.38131768530368737,2.0,1.6186823146963127,2.1897399604397614,1.0000000000000002,1,11,0.5636640373199389,0.40911607988701304,1.0700716394680825,0.06810402955374438,1.018715425343393,0.0853036094390149,0.15475727266485087
69_t1,69,Siemens,1.5,t1,0.4012260717752173,2.0,1.5987739282247828,2.191416834407344,1.0000000000000002,1,11,0.6640718984778463,0.38046063508675837,1.1207049975600658,0.04580470751797495,1.0037587012877833,0.20709590378046333,0.2538622728707983
69_t2,69,Siemens,1.5,t2,0.4012260717752173,2.0,1.5987739282247828,2.191416834407344,1.0000000000000002,1,11,0.6640718984778463,0.38046063508675837,1.1207049975600658,0.04580470751797495,1.0037587012877833,0.20709590378046333,0.2538622728707983
69_t2_SPACE,69,Siemens,1.5,t2_SPACE,0.3962916789548829,2.0,1.603708321045117,2.190054965315598,1.0,1,11,0.6586863546856528,0.3804098677772141,1.1063685636856369,0.043723581757214185,1.004059777384724,0.19999512585053908,0.2491148544578971
6_t2,6,Siemens,1.5,t2,0.3893551902757983,1.9999999999999998,1.6106448097242014,2.191634444430681,0.9999999999999997,1,11,0.6989248950884794,0.412630783177614,1.355824208990761,0.0312637162927672,1.0038450594292176,0.2711648417981522,0.2664699273965023
71_t1,71,Siemens,1.5,t1,0.3828143668938776,2.0,1.6171856331061223,2.189219175272889,0.9999999999999997,1,11,0.5688109866897801,0.4284291642343315,1.0995476811621403,0.09363655217813527,1.0125618420788804,0.13301176779715096,0.11837240292036562
71_t2,71,Siemens,1.5,t2,0.3863462895852706,2.000000000000001,1.6136537104147304,2.1896037376490995,1.0,1,11,0.5746383292000651,0.43065545138062167,1.0879383289641031,0.08884395697963482,1.0120946675295166,0.14818179458561528,0.11602252965452801
72_t1,72,Siemens,1.5,t1,0.36076431121664876,2.0000000000000004,1.6392356887833517,2.1837239979846315,1.0000000000000002,1,11,0.6340611268663255,0.3558473169190643,1.1611659267546623,0.06587813048132263,1.0110901658911213,0.11860412525738225,0.27633035384853416
73_t1,73,Siemens,1.5,t1,0.37992237073855345,2.0,1.6200776292614465,2.189147794752997,1.0,1,11,0.603659474527371,0.3775854909299107,1.066746454266573,0.009365524063666971,1.014359358076264,0.10889631738956983,0.21915452657064644
73_t2,73,Siemens,1.5,t2,0.3799880525685807,2.000000000000001,1.6200119474314203,2.189035948093939,1.0000000000000002,1,11,0.6041221367345057,0.3774037248234169,1.0693284410756527,0.011098239004422802,1.0140380329481349,0.1095254188190991,0.21954328199681358
74_t1,74,Philips,3.0,t1,0.3874346852687108,1.9999999999999991,1.6125653147312884,2.1954469112412385,0.9999999999999997,1,11,0.6069806385643045,0.37775909928854334,1.1215257967234493,0.03272660368482584,1.0181455711528418,0.1154291303284701,0.2199282745130002
74_t2,74,Philips,3.0,t2,0.3874346852687108,1.9999999999999991,1.6125653147312884,2.1954469112412385,0.9999999999999997,1,11,0.6069806385643045,0.37775909928854334,1.1215257967234493,0.03272660368482584,1.0181455711528418,0.1154291303284701,0.2199282745130002
75_t1,75,Philips,3.0,t1,0.3988172624060856,2.000000000000001,1.6011827375939154,2.1906446655456184,1.0,1,11,0.6581694347319348,0.45121672492096754,1.3055689102564103,0.02365008788053259,1.0056190187867073,0.26111378205128205,0.1868589743589744
75_t2,75,Philips,3.0,t2,0.3933201786495731,1.9999999999999998,1.6066798213504268,2.1899884720415206,0.9999999999999999,1,11,0.6595451023439012,0.4361794677452217,1.2378930716084455,0.025656924349951527,1.005401023968366,0.24757861432168912,0.20342061083489377
77_t1,77,Siemens,1.5,t1,0.38104387968787157,2.0,1.6189561203121285,2.1915789254805476,1.0000000000000002,1,11,0.633849646300776,0.3962984731399035,1.080129785258137,0.03747128584410868,1.0071115862523992,0.19116955778998174,0.20329966407172578
78_t1,78,Siemens,1.5,t1,0.3898610655598072,1.9999999999999998,1.6101389344401926,2.190242765395948,1.0,1,11,0.6223632444989872,0.3887780687045121,1.064481277939774,0.017724244284335555,1.016791181888415,0.163022208503062,0.20617692939470939
78_t2,78,Siemens,1.5,t2,0.3898610655598072,1.9999999999999998,1.6101389344401926,2.190242765395948,1.0,1,11,0.6223632444989872,0.3887780687045121,1.064481277939774,0.017724244284335555,1.016791181888415,0.163022208503062,0.20617692939470939
78_t2_SPACE,78,Siemens,1.5,t2_SPACE,0.3883380325494987,1.9999999999999991,1.6116619674505004,2.1894857520639395,1.0,1,11,0.620104072956967,0.3920667238453033,1.1127310713594576,0.02112733257677404,1.0172551223823085,0.16132580803345803,0.20290315247186938
7_t1,7,Siemens,1.5,t1,0.38023793330615874,1.9999999999999991,1.6197620666938404,2.18928056825256,1.0,1,11,0.6255768752054517,0.3766504499078829,1.1703153785319516,0.06470828200986813,1.0014656499079018,0.13957294299963888,0.23669618245235496
7_t2,7,Siemens,1.5,t2,0.3815652700412132,1.9999999999999996,1.6184347299587865,2.190504645680279,0.9999999999999997,1,11,0.6167029864780449,0.3858866027098036,1.188220175215663,0.057253915485041613,1.002121516181467,0.13972178399658583,0.21702478625511282
7_t2_SPACE,7,Siemens,1.5,t2_SPACE,0.37908302554015927,1.9999999999999993,1.6209169744598402,2.1897542448857656,1.0,1,11,0.6143579454223802,0.3907263902500238,1.2458826845999533,0.06126841726080697,1.0025942252527111,0.1378564220314677,0.21373105789776883
80_t1,80,Philips,3.0,t1,0.36717883194152817,1.9999999999999991,1.632821168058471,2.1865556916908284,0.9999999999999997,1,11,0.6146367487280474,0.41607375915153805,1.204283347344537,0.0156457852583947,1.0005906490140668,0.17163588282824985,0.18056496437345435
80_t2,80,Philips,3.0,t2,0.3684849111310251,2.0,1.631515088868975,2.1861456975962543,1.0000000000000002,1,11,0.6190647548737735,0.41862290322381107,1.2042440318302388,0.01565416407770303,1.000589089864169,0.18099979596000818,0.18094266476229343
81_t1,81,Siemens,1.5,t1,0.3831340322954928,1.9999999999999991,1.6168659677045063,2.1911438814473057,0.9999999999999997,1,11,0.6207400500918784,0.3945002522802478,1.1139377223166906,0.09375785671612537,1.0045628952301935,0.16709288988266585,0.19853522031946658
81_t2,81,Siemens,1.5,t2,0.3808627877777669,1.9999999999999991,1.6191372122222323,2.1904212378931724,0.9999999999999997,1,11,0.613236032288609,0.40128838159970154,1.131555413179567,0.10352500082418511,1.004883386802945,0.1640126892599563,0.18510658177498363
81_t2_SPACE,81,Siemens,1.5,t2_SPACE,0.38467435524380555,1.9999999999999991,1.6153256447561937,2.1915071800189576,0.9999999999999997,1,11,0.6176011428895646,0.4049164741139905,1.127580890811959,0.1071512757567074,1.006843795027613,0.17178521026720633,0.18693730408983572
82_t1,82,Siemens,1.5,t1,0.37103018992368236,1.999999999999999,1.6289698100763166,2.187298215929812,1.0,1,11,0.5659733899196203,0.4269216823219485,1.1175428541655814,0.06370885799653324,1.0103158169055582,0.1316104829885896,0.11353097483457511
82_t2,82,Siemens,1.5,t2,0.36930965957437806,1.9999999999999991,1.630690340425621,2.1867335906092595,0.9999999999999997,1,11,0.5667409068880327,0.42338060600323135,1.0998632901503809,0.06829928908284948,1.0096464445246585,0.1278562593581147,0.11897373579555728
83_t1,83,Philips,3.0,t1,0.37482850267499085,2.0,1.625171497325009,2.185244666933517,1.0,1,11,0.5630144666739259,0.41734716715395526,1.1160142049633317,0.030053789776008397,1.0136217570695152,0.09324633843955536,0.14538548824308137
83_t2,83,Philips,3.0,t2,0.37482850267499085,2.0,1.625171497325009,2.185244666933517,1.0,1,11,0.5630144666739259,0.41734716715395526,1.1160142049633317,0.030053789776008397,1.0136217570695152,0.09324633843955536,0.14538548824308137
85_t1,85,Siemens,1.5,t1,0.399574795946344,2.0,1.600425204053656,2.1938810167612983,1.0,1,11,0.5746300793178557,0.4116218551398823,1.1221180494132907,0.05691609608361242,1.0255820170947099,0.11329284352457888,0.1508933309747037
85_t2,85,Siemens,1.5,t2,0.39466444042768956,1.999999999999999,1.6053355595723093,2.19333401241553,0.9999999999999999,1,11,0.5768469940655371,0.41474245178128166,1.1115015542640896,0.0609482431070671,1.0262010591195836,0.12551696175158805,0.14354642519259359
86_t1,86,Philips,3.0,t1,0.3734156247237648,2.0000000000000013,1.6265843752762366,2.18785898915424,1.0000000000000002,1,11,0.5966808089643768,0.4082992825707584,1.1999279631583009,0.04017701897407808,1.0077769042837557,0.12805834984177622,0.18463942987985285
86_t2,86,Philips,3.0,t2,0.3734156247237648,2.0000000000000013,1.6265843752762366,2.18785898915424,1.0000000000000002,1,11,0.5966808089643768,0.4082992825707584,1.1999279631583009,0.04017701897407808,1.0077769042837557,0.12805834984177622,0.18463942987985285
87_t1,87,Philips,3.0,t1,0.3779628137011716,2.0,1.6220371862988285,2.1862587822477284,0.9999999999999997,1,11,0.6297652620019497,0.37678434061489713,1.098306765112578,0.014708912969654542,1.032174549823906,0.15641420334472592,0.2290693730595632
87_t2,87,Philips,3.0,t2,0.3779628137011716,2.0,1.6220371862988285,2.1862587822477284,0.9999999999999997,1,11,0.6297652620019497,0.37678434061489713,1.098306765112578,0.014708912969654542,1.032174549823906,0.15641420334472592,0.2290693730595632
88_t1,88,Siemens,1.5,t1,0.3688683428789059,1.9999999999999996,1.6311316571210936,2.186470944585614,1.0000000000000002,1,11,0.5768736957088823,0.4174476321750426,1.0718929340028696,0.062301286342775125,1.0075166651423506,0.13533446915351507,0.13378766140602585
88_t2,88,Siemens,1.5,t2,0.36865378249948616,1.9999999999999993,1.6313462175005131,2.1864274703742614,0.9999999999999999,1,11,0.576753003572103,0.4176036959485693,1.0725152871646333,0.06268605480104557,1.0075468418570606,0.1353389508177536,0.13351765704087304
89_t2,89,Siemens,1.5,t2,0.3732847688411175,2.0,1.6267152311588826,2.1881467555307292,1.0000000000000002,1,11,0.6722334361630549,0.3931531395373069,1.138720150816925,0.026221043864105294,1.0070039798135966,0.227744030163385,0.2511695293953358
8_t1,8,Siemens,1.5,t1,0.37116051542555484,2.0,1.6288394845744452,2.1867999186444775,1.0,1,11,0.6430495662931635,0.42087206609414146,1.1235210674814111,0.05212022837066261,1.010627260398637,0.22395597886237162,0.19075306698258798
8_t2,8,Siemens,1.5,t2,0.37235147053825535,2.0000000000000004,1.627648529461745,2.1876748845919174,0.9999999999999999,1,11,0.6415970274678635,0.41518665335528854,1.1235210674814111,0.052120228370662394,1.010627260398637,0.21653598540942462,0.194977475019875
90_t1,90,Siemens,1.5,t1,0.384497343643293,1.9999999999999996,1.6155026563567065,2.1901459545116873,1.0,1,11,0.5884302761284371,0.39576204455816566,1.0565067286690621,0.03899582685106278,1.0044718746212071,0.12053477066159372,0.1740118368209681
90_t2,90,Siemens,1.5,t2,0.3817582325217306,2.000000000000001,1.6182417674782703,2.189681615648059,1.0000000000000002,1,11,0.600931922196137,0.39191625947056674,1.053892671053132,0.04336093217330238,1.0044865595588217,0.13813562545164113,0.18391460337986026
91_t2,91,Siemens,1.5,t2,0.38020725297311664,1.9999999999999996,1.619792747026883,2.188913130341156,1.0,1,11,0.6363569030219238,0.38133466160413393,1.066376160379222,0.019249366204202714,1.0032042624299007,0.1758468299427217,0.22413835670551055
93_t1,93,Siemens,1.5,t1,0.3829632660649851,2.0,1.617036733935015,2.190676756676301,1.0,1,11,0.580522062430611,0.4161904144403801,1.1118432263561489,0.10465508662834665,1.0128238314213993,0.13464356716841805,0.14250497017892644
93_t2,93,Siemens,1.5,t2,0.38354165943509316,2.0000000000000004,1.6164583405649073,2.1907891391826864,1.0000000000000002,1,11,0.5802397782256004,0.41606930507537027,1.109274783391471,0.10437208720973386,1.0127937968352851,0.13417069877348936,0.14235681332283112
94_t1,94,Philips,3.0,t1,0.3898235101466757,2.0,1.6101764898533242,2.19614677609942,1.0000000000000002,1,11,0.6314243951644614,0.3720907384120177,1.1084037878176218,0.030057858714124024,1.0224970554895894,0.14603974670988132,0.24309392265193375
94_t2,94,Philips,3.0,t2,0.3898235101466757,2.0,1.6101764898533242,2.19614677609942,1.0000000000000002,1,11,0.6314243951644614,0.3720907384120177,1.1084037878176218,0.030057858714124024,1.0224970554895894,0.14603974670988132,0.24309392265193375
95_t1,95,Philips,3.0,t1,0.41010295202776703,2.000000000000001,1.5898970479722339,2.194728126131894,1.0,1,11,0.6190706241983511,0.41279006115440753,1.0861147367766797,0.02418338658704858,1.0072045533253553,0.18952700602896388,0.17242836720740876
95_t2,95,Philips,3.0,t2,0.3885845432583774,2.000000000000001,1.6114154567416235,2.1910122912644034,1.0,1,11,0.6214147441703518,0.4082214054502978,1.1035632041013255,0.022549346323228053,1.0072433919414807,0.18666714026083198,0.18044529691394204
96_t1,96,Siemens,1.5,t1,0.3905492619200498,1.9999999999999998,1.6094507380799499,2.189426225427696,1.0,1,11,0.6087628128991984,0.39201264829308274,1.129488194237431,0.0570559952858169,1.0119101919089055,0.14455763082964135,0.19472055754859535
96_t2,96,Siemens,1.5,t2,0.3931864757341622,2.000000000000001,1.6068135242658386,2.1893352106740536,1.0000000000000002,1,11,0.6168505516549649,0.3998582561477339,1.1272477225490907,0.059293570465702564,1.0122471492221004,0.1701599644293706,0.18691124921155217
97_t2,97,Siemens,1.5,t2,0.3850625502515315,1.9999999999999998,1.6149374497484683,2.192747765802957,0.9999999999999999,1,11,0.5826662645480344,0.39772286791369194,1.0700867340820974,0.05309113838717392,1.0289327028894113,0.10812782285463048,0.1737379591510452
98_t1,98,Siemens,1.5,t1,0.38570283715253256,1.9999999999999996,1.614297162847467,2.1912174932355892,1.0000000000000002,1,11,0.6317140139951228,0.3874501846496304,1.1407918481431731,0.05798315926770751,1.006015729451015,0.17225682148139101,0.21751400930787915
98_t2,98,Siemens,1.5,t2,0.3779887476039651,2.0,1.6220112523960348,2.1898692982635692,1.0000000000000002,1,11,0.6236072053907784,0.3859260867064824,1.1036902424789095,0.05846066914399584,1.0057362640321676,0.15880511487239352,0.21313073698731896
98_t2_SPACE,98,Siemens,1.5,t2_SPACE,0.39383656406650436,2.0000000000000004,1.606163435933496,2.192461276311425,1.0000000000000002,1,11,0.6352545396974397,0.3861329654803774,1.1317427051859326,0.057378401880679684,1.0072248928947585,0.1765057880867918,0.22105419924757555
99_t2,99,Philips,3.0,t2,0.37008830257605696,1.9999999999999987,1.6299116974239416,2.18459628702733,0.9999999999999999,1,11,0.6306561951835857,0.4218443280506847,1.0923574203829503,0.07503523635834616,1.0037876576041684,0.2125448705837899,0.17489875882009873
9_t1,9,Siemens,1.5,t1,0.37533448540745795,2.0,1.6246655145925422,2.188363216590164,1.0000000000000002,1,11,0.5846478422403505,0.4073389293436753,1.0729846988545044,0.04570373051768243,1.0047896376858128,0.12835496427874654,0.15787028865002461
9_t2,9,Siemens,1.5,t2,0.3699993022721326,2.0,1.6300006977278674,2.18719229820551,1.0,1,11,0.5915607516501039,0.4077673398187333,1.0906936614308171,0.04407948430695255,1.0043868375996272,0.14123792977106456,0.16019572385916395
