config,i,auc
vendor|R3,0,0.4925392966463572
vendor|R3,1,0.5942351829626876
vendor|R3,2,0.5215557701246384
vendor|R3,3,0.603389153220317
vendor|R3,4,0.4874331571703364
vendor|R3,5,0.5351125301930199
vendor|R3,6,0.5559591389349043
vendor|R3,7,0.5758785873330035
vendor|R3,8,0.5348157031201208
vendor|R3,9,0.512077626087172
vendor|R3,10,0.5163830445830445
vendor|R3,11,0.5068427184737703
vendor|R3,12,0.5343589034716449
vendor|R3,13,0.5045034533217614
vendor|R3,14,0.47886348622085106
vendor|R3,15,0.4545452064048088
vendor|R3,16,0.5443397132164967
vendor|R3,17,0.49881053333743364
vendor|R3,18,0.551994974580551
vendor|R3,19,0.3581882557147337
vendor|R3,20,0.5224157892616313
vendor|R3,21,0.497256634063882
vendor|R3,22,0.45533256101781505
vendor|R3,23,0.5167115508714888
vendor|R3,24,0.5079550942160165
vendor|R3,25,0.45291234570227346
vendor|R3,26,0.5550168556486519
vendor|R3,27,0.4736383514945774
vendor|R3,28,0.5399763376092447
vendor|R3,29,0.6125716799040543
vendor|R3,30,0.5307287890695047
vendor|R3,31,0.44198211428808537
vendor|R3,32,0.4781053257450513
vendor|R3,33,0.552889896650234
vendor|R3,34,0.4503374583392943
vendor|R3,35,0.5513036252050226
vendor|R3,36,0.41932951466206275
vendor|R3,37,0.4783095330593752
vendor|R3,38,0.519450915767614
vendor|R3,39,0.47991012406129385
vendor|R3,40,0.5805258467023172
vendor|R3,41,0.48924179131656864
vendor|R3,42,0.37294932394176705
vendor|R3,43,0.5508842266868796
vendor|R3,44,0.49284239009720665
vendor|R3,45,0.45997793628067746
vendor|R3,46,0.5659356864574255
vendor|R3,47,0.5116065190030757
vendor|R3,48,0.5118495642521891
vendor|R3,49,0.553465586349045
vendor|R3,50,0.40294118877391255
vendor|R3,51,0.4962090181080748
vendor|R3,52,0.5713744078109173
vendor|R3,53,0.5514777083025337
vendor|R3,54,0.4270714875853785
vendor|R3,55,0.5323258255223439
vendor|R3,56,0.5651687319740456
vendor|R3,57,0.5106416944190599
vendor|R3,58,0.47782477238505117
vendor|R3,59,0.5365291876693021
vendor|R3,60,0.42766798031984654
vendor|R3,61,0.5131656673258085
vendor|R3,62,0.5422727389166313
vendor|R3,63,0.5007613738487043
vendor|R3,64,0.43870901602784385
vendor|R3,65,0.6064424285136856
vendor|R3,66,0.5406273688462704
vendor|R3,67,0.48559678765631215
vendor|R3,68,0.4626454270843731
vendor|R3,69,0.4861896237231603
vendor|R3,70,0.606225856477425
vendor|R3,71,0.49173158605412004
vendor|R3,72,0.5086919880399453
vendor|R3,73,0.4723176352700943
vendor|R3,74,0.4609976326336286
vendor|R3,75,0.5489017375065031
vendor|R3,76,0.47277245065615026
vendor|R3,77,0.41212561783757434
vendor|R3,78,0.42604178687174005
vendor|R3,79,0.4279849103068484
vendor|R3,80,0.47868019377687104
vendor|R3,81,0.48283782009495246
vendor|R3,82,0.534830083747815
vendor|R3,83,0.42823285828187785
vendor|R3,84,0.4884546258912435
vendor|R3,85,0.41965487847118743
vendor|R3,86,0.47263084711423325
vendor|R3,87,0.4872196728105436
vendor|R3,88,0.5106519808802328
vendor|R3,89,0.49542536863164044
vendor|R3,90,0.5146639984188198
vendor|R3,91,0.48636027124003833
vendor|R3,92,0.5776271329072453
vendor|R3,93,0.617054712555533
vendor|R3,94,0.4118795002310641
vendor|R3,95,0.48059040387115387
vendor|R3,96,0.4977419354727178
vendor|R3,97,0.4637366068071619
vendor|R3,98,0.4841502155161332
vendor|R3,99,0.49920376988835374
vendor|R3,100,0.6413235660585579
vendor|R3,101,0.503748729858662
vendor|R3,102,0.45843460448984585
vendor|R3,103,0.4355521563408318
vendor|R3,104,0.6104243573077254
vendor|R3,105,0.5039946904417069
vendor|R3,106,0.5378760480121383
vendor|R3,107,0.5428681722665815
vendor|R3,108,0.5070645603340668
vendor|R3,109,0.4688221310390689
vendor|R3,110,0.5424927012161891
vendor|R3,111,0.5306438243866998
vendor|R3,112,0.5244019744215933
vendor|R3,113,0.5054834724056116
vendor|R3,114,0.6170721445512027
vendor|R3,115,0.43569238544440925
vendor|R3,116,0.46632770989290206
vendor|R3,117,0.4578008633052894
vendor|R3,118,0.5251714252473071
vendor|R3,119,0.4699164262662664
vendor|R3,120,0.5452132968657357
vendor|R3,121,0.4888876381583396
vendor|R3,122,0.5188368492894808
vendor|R3,123,0.4123125857881956
vendor|R3,124,0.4524970319445969
vendor|R3,125,0.5429812135783991
vendor|R3,126,0.3973874295014346
vendor|R3,127,0.6013577836505015
vendor|R3,128,0.4663247117595031
vendor|R3,129,0.5184102386082975
vendor|R3,130,0.5743907255455243
vendor|R3,131,0.4284189318976767
vendor|R3,132,0.45958831442331577
vendor|R3,133,0.4399497066688903
vendor|R3,134,0.5456966574682367
vendor|R3,135,0.4733813284208142
vendor|R3,136,0.4636167929421567
vendor|R3,137,0.5406988376113756
vendor|R3,138,0.5777126429282538
vendor|R3,139,0.4418635908086321
vendor|R3,140,0.3800106631621394
vendor|R3,141,0.515293519147766
vendor|R3,142,0.40908381091402457
vendor|R3,143,0.5088395922974096
vendor|R3,144,0.4976308136308137
vendor|R3,145,0.4957260246819071
vendor|R3,146,0.47583794082361075
vendor|R3,147,0.5338154921366216
vendor|R3,148,0.4644755787330242
vendor|R3,149,0.517212690769503
vendor|R3,150,0.5008170234468426
vendor|R3,151,0.501111635245003
vendor|R3,152,0.4838629393496838
vendor|R3,153,0.5405747055707373
vendor|R3,154,0.5303356872475751
vendor|R3,155,0.589123270963573
vendor|R3,156,0.5557955011856535
vendor|R3,157,0.5433036393123181
vendor|R3,158,0.4617375627213486
vendor|R3,159,0.42294764004868535
vendor|R3,160,0.44885311236564257
vendor|R3,161,0.5621505448907198
vendor|R3,162,0.46429811401605336
vendor|R3,163,0.4656688169041619
vendor|R3,164,0.5671039784420401
vendor|R3,165,0.45378281158370826
vendor|R3,166,0.42236254224761327
vendor|R3,167,0.6424166771966171
vendor|R3,168,0.39736266409999166
vendor|R3,169,0.46594319884211466
vendor|R3,170,0.574797840155739
vendor|R3,171,0.4791101671702423
vendor|R3,172,0.6308855740274366
vendor|R3,173,0.45370757303139575
vendor|R3,174,0.568642845415014
vendor|R3,175,0.5792182173979745
vendor|R3,176,0.465449316578595
vendor|R3,177,0.6153658736743821
vendor|R3,178,0.533288084905732
vendor|R3,179,0.46132162456906656
vendor|R3,180,0.4313815063788332
vendor|R3,181,0.5094840744915224
vendor|R3,182,0.49829871794871783
vendor|R3,183,0.5573569448801647
vendor|R3,184,0.5020157167326978
vendor|R3,185,0.5665745877134891
vendor|R3,186,0.5036201948928473
vendor|R3,187,0.39765922111387114
vendor|R3,188,0.5911929772703577
vendor|R3,189,0.5548388633353804
vendor|R3,190,0.5043769739073253
vendor|R3,191,0.5332712778401191
vendor|R3,192,0.47770097113494325
vendor|R3,193,0.4985016236637961
vendor|R3,194,0.46109981230222746
vendor|R3,195,0.4710730273354268
vendor|R3,196,0.5363290871247625
vendor|R3,197,0.460465757562436
vendor|R3,198,0.6044702052333631
vendor|R3,199,0.6180391842733128
vendor|R3,200,0.4603076064331571
vendor|R3,201,0.48816613405634046
vendor|R3,202,0.4724610176087215
vendor|R3,203,0.47078391603681685
vendor|R3,204,0.45567482922076535
vendor|R3,205,0.536567797373764
vendor|R3,206,0.5530595794475263
vendor|R3,207,0.5101774555239837
vendor|R3,208,0.4899263439317837
vendor|R3,209,0.45978169693093174
vendor|R3,210,0.5507582967167528
vendor|R3,211,0.567503590413286
vendor|R3,212,0.5635090216167226
vendor|R3,213,0.5411075992354232
vendor|R3,214,0.5285311664860666
vendor|R3,215,0.585884253030418
vendor|R3,216,0.4536504877087374
vendor|R3,217,0.5041701547241921
vendor|R3,218,0.4973494770869918
vendor|R3,219,0.4228484467210739
vendor|R3,220,0.49399555526335553
vendor|R3,221,0.4643458949543147
vendor|R3,222,0.4046787394084005
vendor|R3,223,0.41233272853062697
vendor|R3,224,0.4742080767332075
vendor|R3,225,0.575580753771894
vendor|R3,226,0.5314128823639266
vendor|R3,227,0.5585498833703424
vendor|R3,228,0.609080403099598
vendor|R3,229,0.45539287579326854
vendor|R3,230,0.49892470320587823
vendor|R3,231,0.4738248625578228
vendor|R3,232,0.5188160366114223
vendor|R3,233,0.5112210673924787
vendor|R3,234,0.5098546236861342
vendor|R3,235,0.4206302436279941
vendor|R3,236,0.5490126235257153
vendor|R3,237,0.5563959637828326
vendor|R3,238,0.5015342330217785
vendor|R3,239,0.559196737966557
vendor|R3,240,0.5048021336516404
vendor|R3,241,0.4938354395323733
vendor|R3,242,0.4640618241598634
vendor|R3,243,0.5365921974850546
vendor|R3,244,0.5593562950177098
vendor|R3,245,0.494417757946444
vendor|R3,246,0.49482783467933966
vendor|R3,247,0.5462678862120235
vendor|R3,248,0.5232200813178796
vendor|R3,249,0.3811459907202067
vendor|R3,250,0.5875332153098525
vendor|R3,251,0.5339455933517006
vendor|R3,252,0.4767006589746674
vendor|R3,253,0.48922319179406165
vendor|R3,254,0.45447150456066215
vendor|R3,255,0.4325685484862361
vendor|R3,256,0.49519927044620393
vendor|R3,257,0.468460402095892
vendor|R3,258,0.42868780692313785
vendor|R3,259,0.5265119451876986
vendor|R3,260,0.5854074525285327
vendor|R3,261,0.4548741833995102
vendor|R3,262,0.5379089135407602
vendor|R3,263,0.5555421469273275
vendor|R3,264,0.43638355265375584
vendor|R3,265,0.48425456954734614
vendor|R3,266,0.49537864824291855
vendor|R3,267,0.45288327333194933
vendor|R3,268,0.4059699449762502
vendor|R3,269,0.443340026475893
vendor|R3,270,0.4800889179553366
vendor|R3,271,0.4763319848918647
vendor|R3,272,0.43650718805438143
vendor|R3,273,0.4674750576085625
vendor|R3,274,0.509138123173809
vendor|R3,275,0.3878959893665776
vendor|R3,276,0.38364453353219574
vendor|R3,277,0.43450437505327766
vendor|R3,278,0.5576140753594877
vendor|R3,279,0.49469750836971593
vendor|R3,280,0.4823407140836681
vendor|R3,281,0.4755298434848746
vendor|R3,282,0.465207191804748
vendor|R3,283,0.4174660540112458
vendor|R3,284,0.4876553726850276
vendor|R3,285,0.4850662111481321
vendor|R3,286,0.4523644171132098
vendor|R3,287,0.5668830206729819
vendor|R3,288,0.5493619972517438
vendor|R3,289,0.4606772377540243
vendor|R3,290,0.5295799451348631
vendor|R3,291,0.46869785297819166
vendor|R3,292,0.5842669294107576
vendor|R3,293,0.4834404459213796
vendor|R3,294,0.5189011581108127
vendor|R3,295,0.5927521922418338
vendor|R3,296,0.563379196173522
vendor|R3,297,0.5050439707865063
vendor|R3,298,0.5628872657274637
vendor|R3,299,0.3828973142641917
vendor|R3,300,0.43365700198965956
vendor|R3,301,0.5167308200658585
vendor|R3,302,0.5462347131865459
vendor|R3,303,0.4820410910540199
vendor|R3,304,0.4805558497367624
vendor|R3,305,0.59637844773789
vendor|R3,306,0.5442232082241973
vendor|R3,307,0.38237812771479973
vendor|R3,308,0.4927727266308703
vendor|R3,309,0.5237018296943153
vendor|R3,310,0.49201257525834957
vendor|R3,311,0.563342279293724
vendor|R3,312,0.4406690569635991
vendor|R3,313,0.5409082569737045
vendor|R3,314,0.39663433413873694
vendor|R3,315,0.4249386593985406
vendor|R3,316,0.4880287238140606
vendor|R3,317,0.4597148839778654
vendor|R3,318,0.5178251073254987
vendor|R3,319,0.5650498643902006
vendor|R3,320,0.49886964278411644
vendor|R3,321,0.4679807080841103
vendor|R3,322,0.48237955984935077
vendor|R3,323,0.5457261927510475
vendor|R3,324,0.5006079746219173
vendor|R3,325,0.5828552818726871
vendor|R3,326,0.49128616926381163
vendor|R3,327,0.5055894638623374
vendor|R3,328,0.547326192669963
vendor|R3,329,0.4982421368835784
vendor|R3,330,0.39936730546979
vendor|R3,331,0.44490969521571894
vendor|R3,332,0.563812071140318
vendor|R3,333,0.5532151715488456
vendor|R3,334,0.4695843191813781
vendor|R3,335,0.46157332645417365
vendor|R3,336,0.5775139007036387
vendor|R3,337,0.6009349412537602
vendor|R3,338,0.5419555677310901
vendor|R3,339,0.49498194097797105
vendor|R3,340,0.5142491195051566
vendor|R3,341,0.5436215595642843
vendor|R3,342,0.505475969696507
vendor|R3,343,0.5684094435234528
vendor|R3,344,0.5172374220519231
vendor|R3,345,0.5049754887187251
vendor|R3,346,0.3819092128507199
vendor|R3,347,0.5246207911481074
vendor|R3,348,0.5369752253104437
vendor|R3,349,0.5912082885648589
vendor|R3,350,0.5457074451766484
vendor|R3,351,0.4919694555487757
vendor|R3,352,0.5712588106784124
vendor|R3,353,0.5156765940957116
vendor|R3,354,0.541446714100958
vendor|R3,355,0.57503069262282
vendor|R3,356,0.5614466436369585
vendor|R3,357,0.5664993801569889
vendor|R3,358,0.5701944912458441
vendor|R3,359,0.4584676250283305
vendor|R3,360,0.5417584851353723
vendor|R3,361,0.4275594577016289
vendor|R3,362,0.4996610036320631
vendor|R3,363,0.4702484786176516
vendor|R3,364,0.44478434508790904
vendor|R3,365,0.5441383638303806
vendor|R3,366,0.4786642706886609
vendor|R3,367,0.49024460801874864
vendor|R3,368,0.42609173673723066
vendor|R3,369,0.4462521198659812
vendor|R3,370,0.535749060672146
vendor|R3,371,0.5744995848730297
vendor|R3,372,0.45954554626750765
vendor|R3,373,0.44337726913350944
vendor|R3,374,0.39386946269572914
vendor|R3,375,0.6180983430381948
vendor|R3,376,0.5383361680882863
vendor|R3,377,0.5561606067996899
vendor|R3,378,0.5110251508107714
vendor|R3,379,0.5391198828275421
vendor|R3,380,0.5322948334345393
vendor|R3,381,0.5712506728500639
vendor|R3,382,0.567880563992824
vendor|R3,383,0.5754629175925063
vendor|R3,384,0.40703168256302735
vendor|R3,385,0.4898576233140357
vendor|R3,386,0.5469155679270317
vendor|R3,387,0.5168857045150423
vendor|R3,388,0.4884682836964182
vendor|R3,389,0.41367303696440877
vendor|R3,390,0.4610349196456297
vendor|R3,391,0.5497059670719251
vendor|R3,392,0.5354458491299449
vendor|R3,393,0.4956689798123287
vendor|R3,394,0.5404956966409313
vendor|R3,395,0.4907876028630794
vendor|R3,396,0.4743312625154612
vendor|R3,397,0.4944336806753446
vendor|R3,398,0.478036388440129
vendor|R3,399,0.49021482058546023
vendor|R3,400,0.5558130398379745
vendor|R3,401,0.5576197616960683
vendor|R3,402,0.48439029312088266
vendor|R3,403,0.4448215382170327
vendor|R3,404,0.5014868801734548
vendor|R3,405,0.44758553765397824
vendor|R3,406,0.45349833833620545
vendor|R3,407,0.5347611101028694
vendor|R3,408,0.4882340847686592
vendor|R3,409,0.561012081992754
vendor|R3,410,0.548409667707643
vendor|R3,411,0.49070303121248493
vendor|R3,412,0.5162511697117498
vendor|R3,413,0.5269801986762419
vendor|R3,414,0.5193404535594668
vendor|R3,415,0.5386470520019329
vendor|R3,416,0.4409714136336477
vendor|R3,417,0.4727326808333673
vendor|R3,418,0.48857787634731686
vendor|R3,419,0.4849654341865631
vendor|R3,420,0.4572945410930743
vendor|R3,421,0.46922233748538533
vendor|R3,422,0.47286080067223646
vendor|R3,423,0.45339900928342847
vendor|R3,424,0.4309566849413339
vendor|R3,425,0.555779815564922
vendor|R3,426,0.5462256743669283
vendor|R3,427,0.6175054335063722
vendor|R3,428,0.4846372618097563
vendor|R3,429,0.5755814114263591
vendor|R3,430,0.5008257038128747
vendor|R3,431,0.35130236884599697
vendor|R3,432,0.5794838134002221
vendor|R3,433,0.5150100282914816
vendor|R3,434,0.4558377638207178
vendor|R3,435,0.5086945392623539
vendor|R3,436,0.5322018595860298
vendor|R3,437,0.42069991590369504
vendor|R3,438,0.46245469047756327
vendor|R3,439,0.4544873109067911
vendor|R3,440,0.5183112252199704
vendor|R3,441,0.5783667510415019
vendor|R3,442,0.4498201013292008
vendor|R3,443,0.4894011248431759
vendor|R3,444,0.38733851576435796
vendor|R3,445,0.3913446560142389
vendor|R3,446,0.4495929059457161
vendor|R3,447,0.5856729640238164
vendor|R3,448,0.47076491547088695
vendor|R3,449,0.4612068247498021
vendor|R3,450,0.5155919391259108
vendor|R3,451,0.5047795176244415
vendor|R3,452,0.49607813809487356
vendor|R3,453,0.5575079216441368
vendor|R3,454,0.5033719431184716
vendor|R3,455,0.4824001088087286
vendor|R3,456,0.4338567809398479
vendor|R3,457,0.5462105556475901
vendor|R3,458,0.49323659264275505
vendor|R3,459,0.5104636410783258
vendor|R3,460,0.5118473645731376
vendor|R3,461,0.5694622433796819
vendor|R3,462,0.5111586104471756
vendor|R3,463,0.501739740986995
vendor|R3,464,0.49823308616043055
vendor|R3,465,0.4300241982342999
vendor|R3,466,0.44649889830162726
vendor|R3,467,0.47932424139951335
vendor|R3,468,0.5223849774376074
vendor|R3,469,0.542537327691268
vendor|R3,470,0.4560546539319562
vendor|R3,471,0.5393785130339355
vendor|R3,472,0.42899974895109433
vendor|R3,473,0.5042115599983389
vendor|R3,474,0.5038741787035644
vendor|R3,475,0.5031086108282207
vendor|R3,476,0.39893294302671906
vendor|R3,477,0.48848549868566077
vendor|R3,478,0.49125503001738025
vendor|R3,479,0.5173881816877695
vendor|R3,480,0.455998817535046
vendor|R3,481,0.5049949612695696
vendor|R3,482,0.3895882665167135
vendor|R3,483,0.45379757249036556
vendor|R3,484,0.5310676197492235
vendor|R3,485,0.4995002715391366
vendor|R3,486,0.5448593932656267
vendor|R3,487,0.5367667529505407
vendor|R3,488,0.4600941907879282
vendor|R3,489,0.4912362718304072
vendor|R3,490,0.5395300196786832
vendor|R3,491,0.4927660259580632
vendor|R3,492,0.48692714858100167
vendor|R3,493,0.5166809868760773
vendor|R3,494,0.5185612726599977
vendor|R3,495,0.4029019585123816
vendor|R3,496,0.40535145217453933
vendor|R3,497,0.5090250688582605
vendor|R3,498,0.4756305382969165
vendor|R3,499,0.4287614588915506
vendor|R3,500,0.49072134178562743
vendor|R3,501,0.5853646625528759
vendor|R3,502,0.5054077960803932
vendor|R3,503,0.5675384274680949
vendor|R3,504,0.5088902808573541
vendor|R3,505,0.4517779998371732
vendor|R3,506,0.4725442728314125
vendor|R3,507,0.500709480384187
vendor|R3,508,0.4682308710824783
vendor|R3,509,0.4494897191589649
vendor|R3,510,0.5064908754402764
vendor|R3,511,0.569831207012114
vendor|R3,512,0.5203966376669175
vendor|R3,513,0.5427226166007126
vendor|R3,514,0.3591934993963286
vendor|R3,515,0.49722182954258437
vendor|R3,516,0.5334796225378151
vendor|R3,517,0.43789327738880257
vendor|R3,518,0.4148685842928258
vendor|R3,519,0.5119742843988692
vendor|R3,520,0.5578458649034649
vendor|R3,521,0.5199068688362253
vendor|R3,522,0.5828814216426113
vendor|R3,523,0.548525158355669
vendor|R3,524,0.48755872679020335
vendor|R3,525,0.4875276021333567
vendor|R3,526,0.5227766753790515
vendor|R3,527,0.47922409408141575
vendor|R3,528,0.4952466071357254
vendor|R3,529,0.506496897921764
vendor|R3,530,0.5179108435124261
vendor|R3,531,0.46765026864496984
vendor|R3,532,0.49026158553012766
vendor|R3,533,0.4280924749556026
vendor|R3,534,0.49623334331816393
vendor|R3,535,0.4906572330513299
vendor|R3,536,0.4577915397524007
vendor|R3,537,0.5821300635426254
vendor|R3,538,0.4646982813936454
vendor|R3,539,0.48218172276515786
vendor|R3,540,0.5463513409914678
vendor|R3,541,0.5237058004337832
vendor|R3,542,0.37241063344373976
vendor|R3,543,0.5325213781308618
vendor|R3,544,0.4937725067580116
vendor|R3,545,0.497744989066359
vendor|R3,546,0.5613319872627418
vendor|R3,547,0.5168840147678668
vendor|R3,548,0.5532668640017806
vendor|R3,549,0.48593207989288734
vendor|R3,550,0.41214674381354655
vendor|R3,551,0.41682276056525874
vendor|R3,552,0.5874116284430151
vendor|R3,553,0.481731128586541
vendor|R3,554,0.5508545164919815
vendor|R3,555,0.5658925451217777
vendor|R3,556,0.5151231496985338
vendor|R3,557,0.5210698976141466
vendor|R3,558,0.5203055096761543
vendor|R3,559,0.5810013981666401
vendor|R3,560,0.47634948737316557
vendor|R3,561,0.5328461837191576
vendor|R3,562,0.5384818613778074
vendor|R3,563,0.576378114231786
vendor|R3,564,0.5097951775892952
vendor|R3,565,0.5610347879758256
vendor|R3,566,0.4872819053020698
vendor|R3,567,0.5047083130717511
vendor|R3,568,0.6191326919803666
vendor|R3,569,0.5215975124706946
vendor|R3,570,0.4329356556504142
vendor|R3,571,0.48772726009311373
vendor|R3,572,0.4963479129068826
vendor|R3,573,0.44347225064111717
vendor|R3,574,0.39396511427357916
vendor|R3,575,0.4947885729801517
vendor|R3,576,0.4513758680213112
vendor|R3,577,0.5254930485153261
vendor|R3,578,0.40191392782454216
vendor|R3,579,0.501091591321428
vendor|R3,580,0.49290158888762514
vendor|R3,581,0.6214765758350409
vendor|R3,582,0.4359027152075492
vendor|R3,583,0.5043065345634457
vendor|R3,584,0.5248653244336559
vendor|R3,585,0.45556364450789644
vendor|R3,586,0.5547725518970704
vendor|R3,587,0.47031702286656846
vendor|R3,588,0.3690380358471174
vendor|R3,589,0.4860759057637468
vendor|R3,590,0.5169076437827245
vendor|R3,591,0.4891821174545723
vendor|R3,592,0.4250369130640029
vendor|R3,593,0.4856108645074052
vendor|R3,594,0.5095715326879905
vendor|R3,595,0.5529679770839593
vendor|R3,596,0.5107026663427555
vendor|R3,597,0.6277885035019181
vendor|R3,598,0.5448332760619078
vendor|R3,599,0.6142656221673708
vendor|R3,600,0.5646550847603479
vendor|R3,601,0.49417679433249917
vendor|R3,602,0.5116177663975779
vendor|R3,603,0.3811969333629711
vendor|R3,604,0.6021586339706856
vendor|R3,605,0.5099335764772037
vendor|R3,606,0.4746271230439459
vendor|R3,607,0.44021117295331125
vendor|R3,608,0.5250160656782603
vendor|R3,609,0.4448347090726178
vendor|R3,610,0.4790510605371871
vendor|R3,611,0.4533052063850092
vendor|R3,612,0.6074248083260285
vendor|R3,613,0.5605912836015003
vendor|R3,614,0.551953636251432
vendor|R3,615,0.5355299677018299
vendor|R3,616,0.5131249834332718
vendor|R3,617,0.533011037787867
vendor|R3,618,0.48801142611638915
vendor|R3,619,0.41817869160606724
vendor|R3,620,0.5893116881668885
vendor|R3,621,0.5086886747636328
vendor|R3,622,0.5741925280230751
vendor|R3,623,0.5215917157148626
vendor|R3,624,0.5652469737420015
vendor|R3,625,0.4679804510130968
vendor|R3,626,0.5050620110615904
vendor|R3,627,0.5236848917388397
vendor|R3,628,0.5226400804972313
vendor|R3,629,0.4576834747507611
vendor|R3,630,0.47618198357567126
vendor|R3,631,0.44570198355119317
vendor|R3,632,0.4753991291698977
vendor|R3,633,0.502163092352521
vendor|R3,634,0.423151064101122
vendor|R3,635,0.5519023736881983
vendor|R3,636,0.527018677527213
vendor|R3,637,0.43600659583393864
vendor|R3,638,0.4619555611399992
vendor|R3,639,0.5018575941165998
vendor|R3,640,0.4033733435413298
vendor|R3,641,0.4382519762380901
vendor|R3,642,0.4533684035196325
vendor|R3,643,0.5080389746843648
vendor|R3,644,0.49347122345214006
vendor|R3,645,0.540814348964349
vendor|R3,646,0.5493934558980094
vendor|R3,647,0.4108485387863956
vendor|R3,648,0.38001214729419314
vendor|R3,649,0.46246529490866256
vendor|R3,650,0.5495186949905118
vendor|R3,651,0.49640787002010456
vendor|R3,652,0.432622851184217
vendor|R3,653,0.473911242224941
vendor|R3,654,0.4653313079026874
vendor|R3,655,0.44380682490902074
vendor|R3,656,0.5404572059037133
vendor|R3,657,0.5111231714726692
vendor|R3,658,0.5457378686046663
vendor|R3,659,0.54267495510607
vendor|R3,660,0.5197170473154846
vendor|R3,661,0.4950173090927585
vendor|R3,662,0.5211727208670057
vendor|R3,663,0.49826856302928324
vendor|R3,664,0.5425939622133018
vendor|R3,665,0.42691898641434245
vendor|R3,666,0.4663067895422017
vendor|R3,667,0.4636136064152597
vendor|R3,668,0.4960565356126291
vendor|R3,669,0.4607481012847545
vendor|R3,670,0.4881252784094727
vendor|R3,671,0.5798507893708552
vendor|R3,672,0.49238011537090953
vendor|R3,673,0.5001608386071832
vendor|R3,674,0.40176643892989644
vendor|R3,675,0.4202932255805078
vendor|R3,676,0.5039076151808456
vendor|R3,677,0.42949940220975763
vendor|R3,678,0.42994715122328364
vendor|R3,679,0.49295863304414433
vendor|R3,680,0.517931472179653
vendor|R3,681,0.4785135847845117
vendor|R3,682,0.5535405084895886
vendor|R3,683,0.5517332124851254
vendor|R3,684,0.47500832743889515
vendor|R3,685,0.395002439360992
vendor|R3,686,0.4896754284438929
vendor|R3,687,0.5736788964099571
vendor|R3,688,0.4550667582819651
vendor|R3,689,0.39742841159647935
vendor|R3,690,0.5018775546734059
vendor|R3,691,0.5092612382513624
vendor|R3,692,0.5371558441558442
vendor|R3,693,0.5681011476100445
vendor|R3,694,0.5032146366521918
vendor|R3,695,0.40705294052352875
vendor|R3,696,0.5626313899616937
vendor|R3,697,0.5378723935218462
vendor|R3,698,0.5775999138046555
vendor|R3,699,0.5119728189303318
vendor|R3,700,0.4780766520375018
vendor|R3,701,0.4525340998763637
vendor|R3,702,0.47253445685258944
vendor|R3,703,0.4447589213453954
vendor|R3,704,0.47904286205926894
vendor|R3,705,0.5530894765459984
vendor|R3,706,0.4627260472780531
vendor|R3,707,0.5415054134124986
vendor|R3,708,0.5240517337577844
vendor|R3,709,0.43792383097609583
vendor|R3,710,0.4773784124679721
vendor|R3,711,0.5752756277341879
vendor|R3,712,0.5223663462234018
vendor|R3,713,0.47139762827133014
vendor|R3,714,0.45561960841865556
vendor|R3,715,0.5558894702576598
vendor|R3,716,0.45952472554303797
vendor|R3,717,0.5981553037952916
vendor|R3,718,0.5399768102323685
vendor|R3,719,0.4175452089715768
vendor|R3,720,0.5133972314299375
vendor|R3,721,0.557527569637496
vendor|R3,722,0.5492912316441728
vendor|R3,723,0.507869995949713
vendor|R3,724,0.5459301899276643
vendor|R3,725,0.5813942860261873
vendor|R3,726,0.4561962235356595
vendor|R3,727,0.5104926054915253
vendor|R3,728,0.4473792309172856
vendor|R3,729,0.5218536102454323
vendor|R3,730,0.4817885826671094
vendor|R3,731,0.5488479432004838
vendor|R3,732,0.5148591810343246
vendor|R3,733,0.5104282236991023
vendor|R3,734,0.45898942476356613
vendor|R3,735,0.5481479651301855
vendor|R3,736,0.5330164856073337
vendor|R3,737,0.4502997794630944
vendor|R3,738,0.5578252022966856
vendor|R3,739,0.4590598564101727
vendor|R3,740,0.45282950213992157
vendor|R3,741,0.3886640223459149
vendor|R3,742,0.4614961347426065
vendor|R3,743,0.5168484202180177
vendor|R3,744,0.5633816693324003
vendor|R3,745,0.4707191563677219
vendor|R3,746,0.5116423069545678
vendor|R3,747,0.3912546556038047
vendor|R3,748,0.47881179414559333
vendor|R3,749,0.491750719481231
vendor|R3,750,0.4479327455586374
vendor|R3,751,0.3886821743597232
vendor|R3,752,0.551126608789625
vendor|R3,753,0.4581506458680371
vendor|R3,754,0.47229861340438795
vendor|R3,755,0.4812538078212329
vendor|R3,756,0.5795275096641527
vendor|R3,757,0.541545177045177
vendor|R3,758,0.46508117654387854
vendor|R3,759,0.5556770519799932
vendor|R3,760,0.4816110210055567
vendor|R3,761,0.5332820531374239
vendor|R3,762,0.5729763388549992
vendor|R3,763,0.539485848805338
vendor|R3,764,0.5031912994102427
vendor|R3,765,0.5314082491137382
vendor|R3,766,0.434142509451333
vendor|R3,767,0.4447670026399046
vendor|R3,768,0.4017911573027426
vendor|R3,769,0.49131404216710417
vendor|R3,770,0.45210707743129586
vendor|R3,771,0.5113065675333693
vendor|R3,772,0.4520799978049316
vendor|R3,773,0.40681626627083867
vendor|R3,774,0.5907252589529988
vendor|R3,775,0.47623123549666097
vendor|R3,776,0.4350642490371198
vendor|R3,777,0.6110738990695217
vendor|R3,778,0.4717558269460948
vendor|R3,779,0.44759653372098607
vendor|R3,780,0.5145474116077382
vendor|R3,781,0.5056151927878396
vendor|R3,782,0.46529882075850226
vendor|R3,783,0.43847387125485493
vendor|R3,784,0.5101123721889588
vendor|R3,785,0.515616037769887
vendor|R3,786,0.38055006197507135
vendor|R3,787,0.5118856425939151
vendor|R3,788,0.530511493850363
vendor|R3,789,0.6452901015941086
vendor|R3,790,0.4633753420492551
vendor|R3,791,0.48995344560588466
vendor|R3,792,0.6138207092063137
vendor|R3,793,0.5339634486261027
vendor|R3,794,0.47485791031846264
vendor|R3,795,0.4771639058531906
vendor|R3,796,0.5233870543037209
vendor|R3,797,0.45198599751076174
vendor|R3,798,0.5592537523157468
vendor|R3,799,0.6351098349625275
vendor|R3,800,0.47927928712140355
vendor|R3,801,0.5225443376550626
vendor|R3,802,0.4694493843361439
vendor|R3,803,0.5077026526117722
vendor|R3,804,0.4561934248234126
vendor|R3,805,0.5492492471049721
vendor|R3,806,0.46186475495104345
vendor|R3,807,0.5480812410498539
vendor|R3,808,0.5062231313458705
vendor|R3,809,0.6714910164276228
vendor|R3,810,0.4573078748451014
vendor|R3,811,0.5329765141693871
vendor|R3,812,0.5489111428866064
vendor|R3,813,0.5331443613538603
vendor|R3,814,0.5451104709225515
vendor|R3,815,0.41606952990476787
vendor|R3,816,0.4305343364609294
vendor|R3,817,0.5195289513412163
vendor|R3,818,0.44854641124377964
vendor|R3,819,0.38577510945465865
vendor|R3,820,0.481611239955953
vendor|R3,821,0.45231909851313956
vendor|R3,822,0.49133757641779036
vendor|R3,823,0.4323683350681316
vendor|R3,824,0.46204448132685927
vendor|R3,825,0.39687616443131
vendor|R3,826,0.41112564925353895
vendor|R3,827,0.3691229192862806
vendor|R3,828,0.4694356809725121
vendor|R3,829,0.4808712799805237
vendor|R3,830,0.377450820607482
vendor|R3,831,0.4070226666608246
vendor|R3,832,0.37040359237793996
vendor|R3,833,0.5455662205921168
vendor|R3,834,0.5203472566864071
vendor|R3,835,0.4195345157179067
vendor|R3,836,0.5264423747883561
vendor|R3,837,0.5961603903462513
vendor|R3,838,0.5571963788444027
vendor|R3,839,0.5092200532749314
vendor|R3,840,0.6080878225668432
vendor|R3,841,0.5372091103362122
vendor|R3,842,0.4333690763754895
vendor|R3,843,0.5968405799395138
vendor|R3,844,0.5513371495128571
vendor|R3,845,0.5650791984899917
vendor|R3,846,0.5600301634259358
vendor|R3,847,0.5638513955124752
vendor|R3,848,0.49759765056633026
vendor|R3,849,0.5364168957392721
vendor|R3,850,0.6490538153553281
vendor|R3,851,0.44002832128300023
vendor|R3,852,0.46314021040436143
vendor|R3,853,0.4087512300898064
vendor|R3,854,0.43616517326802173
vendor|R3,855,0.5456231828763516
vendor|R3,856,0.4494812386252149
vendor|R3,857,0.4792588711853417
vendor|R3,858,0.5854515698612792
vendor|R3,859,0.5924865950686494
vendor|R3,860,0.5066772195559556
vendor|R3,861,0.44617130348220313
vendor|R3,862,0.5344668825890326
vendor|R3,863,0.5737830535679832
vendor|R3,864,0.5551141167769991
vendor|R3,865,0.48601816288822325
vendor|R3,866,0.4998787831581392
vendor|R3,867,0.5088523586638432
vendor|R3,868,0.3854529494976745
vendor|R3,869,0.5121540999257317
vendor|R3,870,0.4950377140599137
vendor|R3,871,0.5190265435363408
vendor|R3,872,0.536129195522059
vendor|R3,873,0.436718260086338
vendor|R3,874,0.4766002863208437
vendor|R3,875,0.5106633191314107
vendor|R3,876,0.45480022065415965
vendor|R3,877,0.593366866095053
vendor|R3,878,0.5264455903305636
vendor|R3,879,0.5211442658451769
vendor|R3,880,0.5621258924617145
vendor|R3,881,0.4192578776337995
vendor|R3,882,0.4569477953861802
vendor|R3,883,0.42287256722069805
vendor|R3,884,0.417024999092608
vendor|R3,885,0.5327698032294629
vendor|R3,886,0.5562101863293794
vendor|R3,887,0.5024029566471878
vendor|R3,888,0.5280798475982081
vendor|R3,889,0.4621675781148733
vendor|R3,890,0.5539685519534673
vendor|R3,891,0.496396526703184
vendor|R3,892,0.4335152049962422
vendor|R3,893,0.4595980109041723
vendor|R3,894,0.5097018627683718
vendor|R3,895,0.4227470523888437
vendor|R3,896,0.5580477729822129
vendor|R3,897,0.41719505469432966
vendor|R3,898,0.5325499985053233
vendor|R3,899,0.5581417401276931
vendor|R3,900,0.44236691635138065
vendor|R3,901,0.5427563121755259
vendor|R3,902,0.5149984610289833
vendor|R3,903,0.582231812252959
vendor|R3,904,0.5033770957060619
vendor|R3,905,0.5038466061398701
vendor|R3,906,0.5091355068849028
vendor|R3,907,0.3677287007840534
vendor|R3,908,0.5380699809377186
vendor|R3,909,0.49679779754176323
vendor|R3,910,0.5372196039766521
vendor|R3,911,0.4865880414343883
vendor|R3,912,0.46565513332052444
vendor|R3,913,0.5639329528032535
vendor|R3,914,0.46191713120513783
vendor|R3,915,0.5193141300171155
vendor|R3,916,0.5410743177363309
vendor|R3,917,0.4881560459125523
vendor|R3,918,0.5221693071061492
vendor|R3,919,0.5326745378978229
vendor|R3,920,0.4887514633670902
vendor|R3,921,0.5658309016762834
vendor|R3,922,0.528574476094056
vendor|R3,923,0.48505950350126187
vendor|R3,924,0.4944053622197787
vendor|R3,925,0.5206923898237231
vendor|R3,926,0.5321011742406244
vendor|R3,927,0.5409450656916964
vendor|R3,928,0.479861901807054
vendor|R3,929,0.5191939985441866
vendor|R3,930,0.5056149702635322
vendor|R3,931,0.4975328703785567
vendor|R3,932,0.46865599171215067
vendor|R3,933,0.5168075024343317
vendor|R3,934,0.5035241160566108
vendor|R3,935,0.40162857952587655
vendor|R3,936,0.49878492763348825
vendor|R3,937,0.4525362325222787
vendor|R3,938,0.5048336691234143
vendor|R3,939,0.49005943426471676
vendor|R3,940,0.5438251655659406
vendor|R3,941,0.4642095400832832
vendor|R3,942,0.5649291487361565
vendor|R3,943,0.5233314269155709
vendor|R3,944,0.5768584577253874
vendor|R3,945,0.5664699742486445
vendor|R3,946,0.47407982707318225
vendor|R3,947,0.4872998762151937
vendor|R3,948,0.5454708153227317
vendor|R3,949,0.544147483675431
vendor|R3,950,0.4790249488735309
vendor|R3,951,0.47583752557632736
vendor|R3,952,0.6105187366715114
vendor|R3,953,0.5173437212131817
vendor|R3,954,0.48853641330106495
vendor|R3,955,0.44144522565953215
vendor|R3,956,0.6357328748800452
vendor|R3,957,0.42639510013036075
vendor|R3,958,0.4727317940756398
vendor|R3,959,0.5599078967390847
vendor|R3,960,0.49443143354450336
vendor|R3,961,0.5023017250064494
vendor|R3,962,0.4522254573580506
vendor|R3,963,0.533137111012111
vendor|R3,964,0.40798040016084436
vendor|R3,965,0.5114540588724592
vendor|R3,966,0.517765484023531
vendor|R3,967,0.476123161752206
vendor|R3,968,0.4399522785932947
vendor|R3,969,0.44878171335052863
vendor|R3,970,0.4275131682964841
vendor|R3,971,0.4869397207338643
vendor|R3,972,0.42097184188183545
vendor|R3,973,0.5395943564512633
vendor|R3,974,0.5480694354490978
vendor|R3,975,0.5622796837292596
vendor|R3,976,0.5094008745369889
vendor|R3,977,0.5448094670972313
vendor|R3,978,0.4618017308240211
vendor|R3,979,0.5531704715830397
vendor|R3,980,0.5465121264579567
vendor|R3,981,0.4939117105896327
vendor|R3,982,0.5599792463339652
vendor|R3,983,0.5413300341979937
vendor|R3,984,0.5063490974539737
vendor|R3,985,0.574151156794847
vendor|R3,986,0.4763389595353275
vendor|R3,987,0.46502032591612374
vendor|R3,988,0.4892871455450904
vendor|R3,989,0.377899771552407
vendor|R3,990,0.490248756248911
vendor|R3,991,0.5769421186176028
vendor|R3,992,0.45675509164044026
vendor|R3,993,0.5256628300544709
vendor|R3,994,0.5679460854869922
vendor|R3,995,0.527210327360499
vendor|R3,996,0.42575886591498957
vendor|R3,997,0.4986493675364677
vendor|R3,998,0.44634936324289665
vendor|R3,999,0.48880878647499293
vendor|R3 minus voxel,0,0.48035970669673034
vendor|R3 minus voxel,1,0.615431290417791
vendor|R3 minus voxel,2,0.4833065877038686
vendor|R3 minus voxel,3,0.6100360945755189
vendor|R3 minus voxel,4,0.4943757277502748
vendor|R3 minus voxel,5,0.5556769238014636
vendor|R3 minus voxel,6,0.5509199923687179
vendor|R3 minus voxel,7,0.5570160773101767
vendor|R3 minus voxel,8,0.5487560252651387
vendor|R3 minus voxel,9,0.49871412308213137
vendor|R3 minus voxel,10,0.5067840370590371
vendor|R3 minus voxel,11,0.5022103821705363
vendor|R3 minus voxel,12,0.5618769568715687
vendor|R3 minus voxel,13,0.5041585549288167
vendor|R3 minus voxel,14,0.46581083889725267
vendor|R3 minus voxel,15,0.4774485479171548
vendor|R3 minus voxel,16,0.554743692096443
vendor|R3 minus voxel,17,0.4871307847089231
vendor|R3 minus voxel,18,0.5555907009897473
vendor|R3 minus voxel,19,0.37173946775606853
vendor|R3 minus voxel,20,0.5315861797593171
vendor|R3 minus voxel,21,0.4867266976904858
vendor|R3 minus voxel,22,0.45162427103568115
vendor|R3 minus voxel,23,0.5124228403583995
vendor|R3 minus voxel,24,0.4809357684631612
vendor|R3 minus voxel,25,0.4252298459076461
vendor|R3 minus voxel,26,0.5411493249718689
vendor|R3 minus voxel,27,0.4881956273111034
vendor|R3 minus voxel,28,0.5456594090242255
vendor|R3 minus voxel,29,0.6032793818884663
vendor|R3 minus voxel,30,0.5281217801461704
vendor|R3 minus voxel,31,0.4599364324839984
vendor|R3 minus voxel,32,0.4769967445275366
vendor|R3 minus voxel,33,0.5656188378725091
vendor|R3 minus voxel,34,0.47372675692537536
vendor|R3 minus voxel,35,0.5488898131716454
vendor|R3 minus voxel,36,0.43088286534280196
vendor|R3 minus voxel,37,0.4894885031613705
vendor|R3 minus voxel,38,0.5109696903720307
vendor|R3 minus voxel,39,0.47433945928079274
vendor|R3 minus voxel,40,0.5653933326698626
vendor|R3 minus voxel,41,0.5002560619022148
vendor|R3 minus voxel,42,0.3919802491165753
vendor|R3 minus voxel,43,0.5554229967069932
vendor|R3 minus voxel,44,0.4896328376139813
vendor|R3 minus voxel,45,0.4457473155823152
vendor|R3 minus voxel,46,0.5520843070698144
vendor|R3 minus voxel,47,0.5058106053359999
vendor|R3 minus voxel,48,0.49780035746249174
vendor|R3 minus voxel,49,0.5689685100474575
vendor|R3 minus voxel,50,0.3983937779359762
vendor|R3 minus voxel,51,0.49960275009708965
vendor|R3 minus voxel,52,0.5746746475513282
vendor|R3 minus voxel,53,0.5643587516940027
vendor|R3 minus voxel,54,0.4117604229371225
vendor|R3 minus voxel,55,0.5063410830278736
vendor|R3 minus voxel,56,0.5812476164414319
vendor|R3 minus voxel,57,0.4975470236993482
vendor|R3 minus voxel,58,0.48819334575606355
vendor|R3 minus voxel,59,0.5252509132500105
vendor|R3 minus voxel,60,0.42558215500224783
vendor|R3 minus voxel,61,0.5130590762036846
vendor|R3 minus voxel,62,0.5136320762666517
vendor|R3 minus voxel,63,0.4880523546610046
vendor|R3 minus voxel,64,0.4349806894045264
vendor|R3 minus voxel,65,0.6161642619422357
vendor|R3 minus voxel,66,0.5412045762198205
vendor|R3 minus voxel,67,0.47995974965740534
vendor|R3 minus voxel,68,0.45867337209556525
vendor|R3 minus voxel,69,0.4842384265463534
vendor|R3 minus voxel,70,0.5822042185457066
vendor|R3 minus voxel,71,0.48159162536874456
vendor|R3 minus voxel,72,0.46622323946394495
vendor|R3 minus voxel,73,0.46275822175661174
vendor|R3 minus voxel,74,0.4464169766869464
vendor|R3 minus voxel,75,0.5804709022821639
vendor|R3 minus voxel,76,0.46857374192791196
vendor|R3 minus voxel,77,0.402987902243337
vendor|R3 minus voxel,78,0.4207623923575804
vendor|R3 minus voxel,79,0.425712349201447
vendor|R3 minus voxel,80,0.4709014511567534
vendor|R3 minus voxel,81,0.4940940417756569
vendor|R3 minus voxel,82,0.5342256404505947
vendor|R3 minus voxel,83,0.41346519179954644
vendor|R3 minus voxel,84,0.4967481817539177
vendor|R3 minus voxel,85,0.4391016407278806
vendor|R3 minus voxel,86,0.46840876415877003
vendor|R3 minus voxel,87,0.5170718483499075
vendor|R3 minus voxel,88,0.4906165229615723
vendor|R3 minus voxel,89,0.5176811266171022
vendor|R3 minus voxel,90,0.5109833502377912
vendor|R3 minus voxel,91,0.4803990450022164
vendor|R3 minus voxel,92,0.5735615002451718
vendor|R3 minus voxel,93,0.6349042876914084
vendor|R3 minus voxel,94,0.4092839265602929
vendor|R3 minus voxel,95,0.45668342467563683
vendor|R3 minus voxel,96,0.5024043555574365
vendor|R3 minus voxel,97,0.4654427431691282
vendor|R3 minus voxel,98,0.4765188462933584
vendor|R3 minus voxel,99,0.4863092088687567
vendor|R3 minus voxel,100,0.6475627338239441
vendor|R3 minus voxel,101,0.5269152812050266
vendor|R3 minus voxel,102,0.47821802980222794
vendor|R3 minus voxel,103,0.4714159380920419
vendor|R3 minus voxel,104,0.5963855969507221
vendor|R3 minus voxel,105,0.5104589076938286
vendor|R3 minus voxel,106,0.5581724920999357
vendor|R3 minus voxel,107,0.5467676733125816
vendor|R3 minus voxel,108,0.4893993570674862
vendor|R3 minus voxel,109,0.46577517491427195
vendor|R3 minus voxel,110,0.5251052825192479
vendor|R3 minus voxel,111,0.5146702994701363
vendor|R3 minus voxel,112,0.5379387722678075
vendor|R3 minus voxel,113,0.5027908301136599
vendor|R3 minus voxel,114,0.6286087825340131
vendor|R3 minus voxel,115,0.4309347741430439
vendor|R3 minus voxel,116,0.48725520030914415
vendor|R3 minus voxel,117,0.45641637438675053
vendor|R3 minus voxel,118,0.5315615274085331
vendor|R3 minus voxel,119,0.4457280186591904
vendor|R3 minus voxel,120,0.5335385732154025
vendor|R3 minus voxel,121,0.5038299513899283
vendor|R3 minus voxel,122,0.511006964711828
vendor|R3 minus voxel,123,0.4234844940891689
vendor|R3 minus voxel,124,0.42471131535559137
vendor|R3 minus voxel,125,0.5541435728066763
vendor|R3 minus voxel,126,0.39676695530676037
vendor|R3 minus voxel,127,0.5602752631223131
vendor|R3 minus voxel,128,0.4569605629408217
vendor|R3 minus voxel,129,0.526593060797894
vendor|R3 minus voxel,130,0.5678576391444812
vendor|R3 minus voxel,131,0.430039509859444
vendor|R3 minus voxel,132,0.44738621768011433
vendor|R3 minus voxel,133,0.4360315272499786
vendor|R3 minus voxel,134,0.5533638865360048
vendor|R3 minus voxel,135,0.4546940021597058
vendor|R3 minus voxel,136,0.47267111347700774
vendor|R3 minus voxel,137,0.5251034942177585
vendor|R3 minus voxel,138,0.5850563431273582
vendor|R3 minus voxel,139,0.44589773477172745
vendor|R3 minus voxel,140,0.3837917438767889
vendor|R3 minus voxel,141,0.5046901392606905
vendor|R3 minus voxel,142,0.411811643583573
vendor|R3 minus voxel,143,0.5113145990448622
vendor|R3 minus voxel,144,0.4709583749583749
vendor|R3 minus voxel,145,0.5085551523860347
vendor|R3 minus voxel,146,0.47615534791413905
vendor|R3 minus voxel,147,0.5406402962000332
vendor|R3 minus voxel,148,0.4651946115074474
vendor|R3 minus voxel,149,0.49669390845931005
vendor|R3 minus voxel,150,0.4817851141383452
vendor|R3 minus voxel,151,0.4627247927130895
vendor|R3 minus voxel,152,0.47033614392704093
vendor|R3 minus voxel,153,0.5318078514916493
vendor|R3 minus voxel,154,0.5202112297620205
vendor|R3 minus voxel,155,0.5899997636013896
vendor|R3 minus voxel,156,0.5487393812408847
vendor|R3 minus voxel,157,0.56281916291601
vendor|R3 minus voxel,158,0.43597701747753137
vendor|R3 minus voxel,159,0.43727125861620636
vendor|R3 minus voxel,160,0.4446571051258597
vendor|R3 minus voxel,161,0.5444271826321601
vendor|R3 minus voxel,162,0.46654859273244753
vendor|R3 minus voxel,163,0.46823595142593655
vendor|R3 minus voxel,164,0.5501821705575684
vendor|R3 minus voxel,165,0.48077338768612643
vendor|R3 minus voxel,166,0.43673432284284763
vendor|R3 minus voxel,167,0.6322262726487862
vendor|R3 minus voxel,168,0.4043972266259643
vendor|R3 minus voxel,169,0.4529013836327775
vendor|R3 minus voxel,170,0.5817446337109081
vendor|R3 minus voxel,171,0.4734610490735334
vendor|R3 minus voxel,172,0.6393938798965719
vendor|R3 minus voxel,173,0.4469513707868133
vendor|R3 minus voxel,174,0.5693543307492033
vendor|R3 minus voxel,175,0.5803213625545718
vendor|R3 minus voxel,176,0.47293022242028
vendor|R3 minus voxel,177,0.5970340411859031
vendor|R3 minus voxel,178,0.5138711649814591
vendor|R3 minus voxel,179,0.4697989376501123
vendor|R3 minus voxel,180,0.4378407109672553
vendor|R3 minus voxel,181,0.5059236828091984
vendor|R3 minus voxel,182,0.4953178549093183
vendor|R3 minus voxel,183,0.5430214030988024
vendor|R3 minus voxel,184,0.5042508400998967
vendor|R3 minus voxel,185,0.5825641165593665
vendor|R3 minus voxel,186,0.5276699755259188
vendor|R3 minus voxel,187,0.41417430619563655
vendor|R3 minus voxel,188,0.5933180787343584
vendor|R3 minus voxel,189,0.5439056196641336
vendor|R3 minus voxel,190,0.5108525295346102
vendor|R3 minus voxel,191,0.5347291251891887
vendor|R3 minus voxel,192,0.472858793761407
vendor|R3 minus voxel,193,0.5273992993744546
vendor|R3 minus voxel,194,0.4536453062984627
vendor|R3 minus voxel,195,0.4954313437231015
vendor|R3 minus voxel,196,0.5340701195689721
vendor|R3 minus voxel,197,0.4600141777612411
vendor|R3 minus voxel,198,0.5750291550554709
vendor|R3 minus voxel,199,0.6240370071835002
vendor|R3 minus voxel,200,0.44854873369149495
vendor|R3 minus voxel,201,0.49671262192923155
vendor|R3 minus voxel,202,0.48280805822592016
vendor|R3 minus voxel,203,0.47893737064848957
vendor|R3 minus voxel,204,0.47921323989442677
vendor|R3 minus voxel,205,0.5351257570418071
vendor|R3 minus voxel,206,0.5692308152705244
vendor|R3 minus voxel,207,0.514700703078114
vendor|R3 minus voxel,208,0.48768094718366245
vendor|R3 minus voxel,209,0.46570114768284193
vendor|R3 minus voxel,210,0.5586517947226436
vendor|R3 minus voxel,211,0.569480554779155
vendor|R3 minus voxel,212,0.5693449177501243
vendor|R3 minus voxel,213,0.5353593286500171
vendor|R3 minus voxel,214,0.5295651322438729
vendor|R3 minus voxel,215,0.5830325055271152
vendor|R3 minus voxel,216,0.4495905372391156
vendor|R3 minus voxel,217,0.4954806945563387
vendor|R3 minus voxel,218,0.49922458640448053
vendor|R3 minus voxel,219,0.44634633779065247
vendor|R3 minus voxel,220,0.48065091087454703
vendor|R3 minus voxel,221,0.4543781337332346
vendor|R3 minus voxel,222,0.3909938759570618
vendor|R3 minus voxel,223,0.4146119731126555
vendor|R3 minus voxel,224,0.4755147228902584
vendor|R3 minus voxel,225,0.5772769128491032
vendor|R3 minus voxel,226,0.5542846961350529
vendor|R3 minus voxel,227,0.5723257265974337
vendor|R3 minus voxel,228,0.5950422090338459
vendor|R3 minus voxel,229,0.4127494661566867
vendor|R3 minus voxel,230,0.5135608722571948
vendor|R3 minus voxel,231,0.45754634896462293
vendor|R3 minus voxel,232,0.4955898350287814
vendor|R3 minus voxel,233,0.4980455620568097
vendor|R3 minus voxel,234,0.5193398851031645
vendor|R3 minus voxel,235,0.4094452377676663
vendor|R3 minus voxel,236,0.5336578374975074
vendor|R3 minus voxel,237,0.5648117759888972
vendor|R3 minus voxel,238,0.48401742096915934
vendor|R3 minus voxel,239,0.5612924052452698
vendor|R3 minus voxel,240,0.5030953907516539
vendor|R3 minus voxel,241,0.48267542300955146
vendor|R3 minus voxel,242,0.4362852466990973
vendor|R3 minus voxel,243,0.5461835037045122
vendor|R3 minus voxel,244,0.5657325953284615
vendor|R3 minus voxel,245,0.4835835995535785
vendor|R3 minus voxel,246,0.5064650960769655
vendor|R3 minus voxel,247,0.5462062366828283
vendor|R3 minus voxel,248,0.5194797872038347
vendor|R3 minus voxel,249,0.3855544758048242
vendor|R3 minus voxel,250,0.5791332075807658
vendor|R3 minus voxel,251,0.5217728711706313
vendor|R3 minus voxel,252,0.48281120413488565
vendor|R3 minus voxel,253,0.5112832773665723
vendor|R3 minus voxel,254,0.4631632985834667
vendor|R3 minus voxel,255,0.44391073813240256
vendor|R3 minus voxel,256,0.4622216164474973
vendor|R3 minus voxel,257,0.47097086991996706
vendor|R3 minus voxel,258,0.41912862296549525
vendor|R3 minus voxel,259,0.5256604416299117
vendor|R3 minus voxel,260,0.5734138034682459
vendor|R3 minus voxel,261,0.4579544967464214
vendor|R3 minus voxel,262,0.5315146932526065
vendor|R3 minus voxel,263,0.5719214552086646
vendor|R3 minus voxel,264,0.42491002307415987
vendor|R3 minus voxel,265,0.4547873493802708
vendor|R3 minus voxel,266,0.5209131999492688
vendor|R3 minus voxel,267,0.48935488305803004
vendor|R3 minus voxel,268,0.42822946715221805
vendor|R3 minus voxel,269,0.44355083103670195
vendor|R3 minus voxel,270,0.47551776108241856
vendor|R3 minus voxel,271,0.47927369287174953
vendor|R3 minus voxel,272,0.4444558470432516
vendor|R3 minus voxel,273,0.4895131655179741
vendor|R3 minus voxel,274,0.5207955003991044
vendor|R3 minus voxel,275,0.4257659263541617
vendor|R3 minus voxel,276,0.37801342420228184
vendor|R3 minus voxel,277,0.44479967149225647
vendor|R3 minus voxel,278,0.5553766473423122
vendor|R3 minus voxel,279,0.4988236305712682
vendor|R3 minus voxel,280,0.5067479039980396
vendor|R3 minus voxel,281,0.47538227375217623
vendor|R3 minus voxel,282,0.4532540429300771
vendor|R3 minus voxel,283,0.433277460629902
vendor|R3 minus voxel,284,0.49747122606596683
vendor|R3 minus voxel,285,0.4540139301655309
vendor|R3 minus voxel,286,0.4120219100995376
vendor|R3 minus voxel,287,0.5252010552652323
vendor|R3 minus voxel,288,0.5794209938836861
vendor|R3 minus voxel,289,0.47039057943929424
vendor|R3 minus voxel,290,0.5278458061108828
vendor|R3 minus voxel,291,0.48507141884288857
vendor|R3 minus voxel,292,0.586319352533917
vendor|R3 minus voxel,293,0.47841137191269195
vendor|R3 minus voxel,294,0.5485343439906454
vendor|R3 minus voxel,295,0.5823508579368042
vendor|R3 minus voxel,296,0.5689570092701013
vendor|R3 minus voxel,297,0.5134402879094245
vendor|R3 minus voxel,298,0.5756717616500655
vendor|R3 minus voxel,299,0.4021539660329271
vendor|R3 minus voxel,300,0.41297063015467844
vendor|R3 minus voxel,301,0.49173009354914726
vendor|R3 minus voxel,302,0.5312402955822968
vendor|R3 minus voxel,303,0.49067267860689956
vendor|R3 minus voxel,304,0.4674313859662493
vendor|R3 minus voxel,305,0.5642135414097765
vendor|R3 minus voxel,306,0.5413519978281592
vendor|R3 minus voxel,307,0.41396006512333294
vendor|R3 minus voxel,308,0.4962315855247133
vendor|R3 minus voxel,309,0.5144406260665548
vendor|R3 minus voxel,310,0.4839519138481698
vendor|R3 minus voxel,311,0.5614900654852881
vendor|R3 minus voxel,312,0.4334665615936424
vendor|R3 minus voxel,313,0.5448591609186163
vendor|R3 minus voxel,314,0.38341200510973217
vendor|R3 minus voxel,315,0.4247221558002253
vendor|R3 minus voxel,316,0.5009328095037406
vendor|R3 minus voxel,317,0.44927159035150604
vendor|R3 minus voxel,318,0.5292354239355028
vendor|R3 minus voxel,319,0.572362430014741
vendor|R3 minus voxel,320,0.5059721411629307
vendor|R3 minus voxel,321,0.4836084829903825
vendor|R3 minus voxel,322,0.4719075804614491
vendor|R3 minus voxel,323,0.5433964130645195
vendor|R3 minus voxel,324,0.5080481261062391
vendor|R3 minus voxel,325,0.5691680817244004
vendor|R3 minus voxel,326,0.48049117309266365
vendor|R3 minus voxel,327,0.49730377694089034
vendor|R3 minus voxel,328,0.5320318383349372
vendor|R3 minus voxel,329,0.4804263144672836
vendor|R3 minus voxel,330,0.40075189737845013
vendor|R3 minus voxel,331,0.45841294891300954
vendor|R3 minus voxel,332,0.5763398137579481
vendor|R3 minus voxel,333,0.49698594044705713
vendor|R3 minus voxel,334,0.46333958653979285
vendor|R3 minus voxel,335,0.4893432689154046
vendor|R3 minus voxel,336,0.5843450250354765
vendor|R3 minus voxel,337,0.5955414028125557
vendor|R3 minus voxel,338,0.5423160088427919
vendor|R3 minus voxel,339,0.4667229366131892
vendor|R3 minus voxel,340,0.4881815185792833
vendor|R3 minus voxel,341,0.5428216972909218
vendor|R3 minus voxel,342,0.5075774379105578
vendor|R3 minus voxel,343,0.5875651809490818
vendor|R3 minus voxel,344,0.5150971003702619
vendor|R3 minus voxel,345,0.5023364122500109
vendor|R3 minus voxel,346,0.3729799103843778
vendor|R3 minus voxel,347,0.5296475336611873
vendor|R3 minus voxel,348,0.5408459436267277
vendor|R3 minus voxel,349,0.6008616737904664
vendor|R3 minus voxel,350,0.5530043961717923
vendor|R3 minus voxel,351,0.49098521863018496
vendor|R3 minus voxel,352,0.5520968564047181
vendor|R3 minus voxel,353,0.5439793564232419
vendor|R3 minus voxel,354,0.5329588518722292
vendor|R3 minus voxel,355,0.5611672377584364
vendor|R3 minus voxel,356,0.5620975562236492
vendor|R3 minus voxel,357,0.5821307957286218
vendor|R3 minus voxel,358,0.5700582566618755
vendor|R3 minus voxel,359,0.4578219554121933
vendor|R3 minus voxel,360,0.5521758545527655
vendor|R3 minus voxel,361,0.41715673575871975
vendor|R3 minus voxel,362,0.48021222362725363
vendor|R3 minus voxel,363,0.46278668612318086
vendor|R3 minus voxel,364,0.45850296570127913
vendor|R3 minus voxel,365,0.5604745577018686
vendor|R3 minus voxel,366,0.4697147177251707
vendor|R3 minus voxel,367,0.48189754368731014
vendor|R3 minus voxel,368,0.4356559300109185
vendor|R3 minus voxel,369,0.447949704690484
vendor|R3 minus voxel,370,0.5351194174212347
vendor|R3 minus voxel,371,0.5759533263407248
vendor|R3 minus voxel,372,0.4460193792624333
vendor|R3 minus voxel,373,0.45089666557284735
vendor|R3 minus voxel,374,0.41130274775641273
vendor|R3 minus voxel,375,0.61223723105186
vendor|R3 minus voxel,376,0.49417859865098224
vendor|R3 minus voxel,377,0.5781896894763577
vendor|R3 minus voxel,378,0.5217641511416655
vendor|R3 minus voxel,379,0.5473427990204971
vendor|R3 minus voxel,380,0.5329238939165409
vendor|R3 minus voxel,381,0.5605161646203278
vendor|R3 minus voxel,382,0.5559277376831143
vendor|R3 minus voxel,383,0.573040441793206
vendor|R3 minus voxel,384,0.391285459605057
vendor|R3 minus voxel,385,0.47622541017237296
vendor|R3 minus voxel,386,0.5600652226366517
vendor|R3 minus voxel,387,0.5068072437457513
vendor|R3 minus voxel,388,0.49270680953694096
vendor|R3 minus voxel,389,0.4005196431226091
vendor|R3 minus voxel,390,0.45424206617567575
vendor|R3 minus voxel,391,0.5388257340524769
vendor|R3 minus voxel,392,0.530008684642991
vendor|R3 minus voxel,393,0.4550420151694065
vendor|R3 minus voxel,394,0.5411790139821149
vendor|R3 minus voxel,395,0.5134825324182775
vendor|R3 minus voxel,396,0.4668928087946348
vendor|R3 minus voxel,397,0.524851368502671
vendor|R3 minus voxel,398,0.4702526753862585
vendor|R3 minus voxel,399,0.49565470677576995
vendor|R3 minus voxel,400,0.547820452645247
vendor|R3 minus voxel,401,0.5521818557137372
vendor|R3 minus voxel,402,0.49744481506625055
vendor|R3 minus voxel,403,0.46502799481147417
vendor|R3 minus voxel,404,0.49428772660753273
vendor|R3 minus voxel,405,0.4471976657568553
vendor|R3 minus voxel,406,0.47518973035137774
vendor|R3 minus voxel,407,0.5346326586319846
vendor|R3 minus voxel,408,0.4962958425224383
vendor|R3 minus voxel,409,0.5485844547957759
vendor|R3 minus voxel,410,0.5273042242193186
vendor|R3 minus voxel,411,0.46314259036948113
vendor|R3 minus voxel,412,0.5066217058676583
vendor|R3 minus voxel,413,0.5560006933863912
vendor|R3 minus voxel,414,0.4903214748622749
vendor|R3 minus voxel,415,0.5329182044228294
vendor|R3 minus voxel,416,0.4384937728937729
vendor|R3 minus voxel,417,0.4503558036681607
vendor|R3 minus voxel,418,0.4905610191088877
vendor|R3 minus voxel,419,0.47150275346848713
vendor|R3 minus voxel,420,0.46830658829235183
vendor|R3 minus voxel,421,0.4707054409496675
vendor|R3 minus voxel,422,0.4715332882652257
vendor|R3 minus voxel,423,0.48584358941850336
vendor|R3 minus voxel,424,0.4493040164573999
vendor|R3 minus voxel,425,0.5364394748150068
vendor|R3 minus voxel,426,0.5570039454944972
vendor|R3 minus voxel,427,0.6022127799655961
vendor|R3 minus voxel,428,0.49803746767827156
vendor|R3 minus voxel,429,0.5948876583153587
vendor|R3 minus voxel,430,0.4777160911330645
vendor|R3 minus voxel,431,0.37337538972225354
vendor|R3 minus voxel,432,0.5777827825769002
vendor|R3 minus voxel,433,0.5028217706970336
vendor|R3 minus voxel,434,0.46010989137079666
vendor|R3 minus voxel,435,0.4979281987081953
vendor|R3 minus voxel,436,0.5452056461152068
vendor|R3 minus voxel,437,0.44126059724808586
vendor|R3 minus voxel,438,0.4643613072141621
vendor|R3 minus voxel,439,0.4592702113949211
vendor|R3 minus voxel,440,0.5169274899232125
vendor|R3 minus voxel,441,0.5651583576942741
vendor|R3 minus voxel,442,0.44425199594898707
vendor|R3 minus voxel,443,0.49539546724585043
vendor|R3 minus voxel,444,0.37095292590684803
vendor|R3 minus voxel,445,0.4066414491951885
vendor|R3 minus voxel,446,0.48079082548769714
vendor|R3 minus voxel,447,0.5874234322007584
vendor|R3 minus voxel,448,0.4764225304520916
vendor|R3 minus voxel,449,0.4635413376364369
vendor|R3 minus voxel,450,0.513146589714839
vendor|R3 minus voxel,451,0.4926549033099562
vendor|R3 minus voxel,452,0.49664166413204053
vendor|R3 minus voxel,453,0.5576678083447156
vendor|R3 minus voxel,454,0.4974270710356377
vendor|R3 minus voxel,455,0.4823203868698055
vendor|R3 minus voxel,456,0.44331600728189136
vendor|R3 minus voxel,457,0.5504523591277183
vendor|R3 minus voxel,458,0.5082452411163897
vendor|R3 minus voxel,459,0.5027098359887111
vendor|R3 minus voxel,460,0.5184377061962742
vendor|R3 minus voxel,461,0.5727576827626988
vendor|R3 minus voxel,462,0.516891938916584
vendor|R3 minus voxel,463,0.505808017640583
vendor|R3 minus voxel,464,0.5060626379443832
vendor|R3 minus voxel,465,0.44811762057571747
vendor|R3 minus voxel,466,0.4639311509888522
vendor|R3 minus voxel,467,0.4688392020878872
vendor|R3 minus voxel,468,0.528418605902946
vendor|R3 minus voxel,469,0.5488067916205287
vendor|R3 minus voxel,470,0.46871369681688513
vendor|R3 minus voxel,471,0.5362343398956954
vendor|R3 minus voxel,472,0.44081208451336434
vendor|R3 minus voxel,473,0.5185977299932971
vendor|R3 minus voxel,474,0.515303302958863
vendor|R3 minus voxel,475,0.5047498606605524
vendor|R3 minus voxel,476,0.41296980428282415
vendor|R3 minus voxel,477,0.5080274069555858
vendor|R3 minus voxel,478,0.4852880234997613
vendor|R3 minus voxel,479,0.5230215531041701
vendor|R3 minus voxel,480,0.4571316186725568
vendor|R3 minus voxel,481,0.5122402174318672
vendor|R3 minus voxel,482,0.4054213562350946
vendor|R3 minus voxel,483,0.49648530332976665
vendor|R3 minus voxel,484,0.5195120484337465
vendor|R3 minus voxel,485,0.508067812803043
vendor|R3 minus voxel,486,0.5597582165028173
vendor|R3 minus voxel,487,0.5387899975920779
vendor|R3 minus voxel,488,0.4397087093537742
vendor|R3 minus voxel,489,0.49543680899558645
vendor|R3 minus voxel,490,0.5414998902076416
vendor|R3 minus voxel,491,0.4926265428340388
vendor|R3 minus voxel,492,0.47824103464725665
vendor|R3 minus voxel,493,0.5181208954104977
vendor|R3 minus voxel,494,0.5231399345723472
vendor|R3 minus voxel,495,0.40969056485310357
vendor|R3 minus voxel,496,0.39286670096820475
vendor|R3 minus voxel,497,0.5115759431890686
vendor|R3 minus voxel,498,0.48982663291577255
vendor|R3 minus voxel,499,0.440346768353142
vendor|R3 minus voxel,500,0.5096903826760969
vendor|R3 minus voxel,501,0.5787392147654432
vendor|R3 minus voxel,502,0.4943260109498616
vendor|R3 minus voxel,503,0.5683969605964492
vendor|R3 minus voxel,504,0.5213444503358077
vendor|R3 minus voxel,505,0.4307283829094991
vendor|R3 minus voxel,506,0.48556630978840987
vendor|R3 minus voxel,507,0.5121061451550535
vendor|R3 minus voxel,508,0.49238334942336587
vendor|R3 minus voxel,509,0.48204986811079253
vendor|R3 minus voxel,510,0.5073004765610126
vendor|R3 minus voxel,511,0.5446088131264271
vendor|R3 minus voxel,512,0.5398554927570443
vendor|R3 minus voxel,513,0.5409986499487273
vendor|R3 minus voxel,514,0.3659199124426942
vendor|R3 minus voxel,515,0.5004532182133261
vendor|R3 minus voxel,516,0.5357015589401538
vendor|R3 minus voxel,517,0.4599811241540249
vendor|R3 minus voxel,518,0.4067390775505384
vendor|R3 minus voxel,519,0.5193913883999277
vendor|R3 minus voxel,520,0.5790118330505651
vendor|R3 minus voxel,521,0.5182544923555712
vendor|R3 minus voxel,522,0.5618801728760625
vendor|R3 minus voxel,523,0.5558828331092763
vendor|R3 minus voxel,524,0.4740618871456784
vendor|R3 minus voxel,525,0.4855829707451962
vendor|R3 minus voxel,526,0.49531325224828765
vendor|R3 minus voxel,527,0.4634757348756097
vendor|R3 minus voxel,528,0.4935313067057575
vendor|R3 minus voxel,529,0.5054851967315173
vendor|R3 minus voxel,530,0.5036273686358285
vendor|R3 minus voxel,531,0.4779242071801866
vendor|R3 minus voxel,532,0.4889814410612729
vendor|R3 minus voxel,533,0.41767945378242566
vendor|R3 minus voxel,534,0.4776256051054674
vendor|R3 minus voxel,535,0.471698929483413
vendor|R3 minus voxel,536,0.470669014512095
vendor|R3 minus voxel,537,0.5618316912007818
vendor|R3 minus voxel,538,0.4844311400740889
vendor|R3 minus voxel,539,0.4889646327110796
vendor|R3 minus voxel,540,0.5192700234901045
vendor|R3 minus voxel,541,0.5089746689606732
vendor|R3 minus voxel,542,0.3925796858608792
vendor|R3 minus voxel,543,0.5358805742282653
vendor|R3 minus voxel,544,0.48057411939497746
vendor|R3 minus voxel,545,0.5075365290004287
vendor|R3 minus voxel,546,0.562794713769584
vendor|R3 minus voxel,547,0.5127247717577552
vendor|R3 minus voxel,548,0.5620276310303589
vendor|R3 minus voxel,549,0.48590480500997496
vendor|R3 minus voxel,550,0.42888033139027426
vendor|R3 minus voxel,551,0.4138964346817359
vendor|R3 minus voxel,552,0.58183577466982
vendor|R3 minus voxel,553,0.47562754330810897
vendor|R3 minus voxel,554,0.5375737422440464
vendor|R3 minus voxel,555,0.581098186112263
vendor|R3 minus voxel,556,0.5230806937637915
vendor|R3 minus voxel,557,0.5111373046099822
vendor|R3 minus voxel,558,0.514824137341559
vendor|R3 minus voxel,559,0.5384189972117654
vendor|R3 minus voxel,560,0.46711845873952756
vendor|R3 minus voxel,561,0.5348500828397814
vendor|R3 minus voxel,562,0.5142668354893105
vendor|R3 minus voxel,563,0.5929341503985773
vendor|R3 minus voxel,564,0.5001977075212369
vendor|R3 minus voxel,565,0.5436526059544928
vendor|R3 minus voxel,566,0.4969924595205158
vendor|R3 minus voxel,567,0.4920254308664001
vendor|R3 minus voxel,568,0.6036795196066518
vendor|R3 minus voxel,569,0.5244110390507446
vendor|R3 minus voxel,570,0.4459657933746105
vendor|R3 minus voxel,571,0.47231949614673185
vendor|R3 minus voxel,572,0.433033564310772
vendor|R3 minus voxel,573,0.4562191717576223
vendor|R3 minus voxel,574,0.4206060105206447
vendor|R3 minus voxel,575,0.50256954083523
vendor|R3 minus voxel,576,0.46628174872838474
vendor|R3 minus voxel,577,0.5201549138108568
vendor|R3 minus voxel,578,0.39124734666292627
vendor|R3 minus voxel,579,0.5018235784960179
vendor|R3 minus voxel,580,0.45447530106545325
vendor|R3 minus voxel,581,0.6062247427029046
vendor|R3 minus voxel,582,0.4458687449809305
vendor|R3 minus voxel,583,0.5040624534879229
vendor|R3 minus voxel,584,0.53166950872039
vendor|R3 minus voxel,585,0.467309002992658
vendor|R3 minus voxel,586,0.5246809855867943
vendor|R3 minus voxel,587,0.4556397961128553
vendor|R3 minus voxel,588,0.38635107292279636
vendor|R3 minus voxel,589,0.48539573013173093
vendor|R3 minus voxel,590,0.5512684969056788
vendor|R3 minus voxel,591,0.4977262825812379
vendor|R3 minus voxel,592,0.4435598429377068
vendor|R3 minus voxel,593,0.5201013220084405
vendor|R3 minus voxel,594,0.5148513843508504
vendor|R3 minus voxel,595,0.5486756436928468
vendor|R3 minus voxel,596,0.517268177922525
vendor|R3 minus voxel,597,0.6246794475365904
vendor|R3 minus voxel,598,0.5337521807676262
vendor|R3 minus voxel,599,0.6144382583311254
vendor|R3 minus voxel,600,0.560511230590178
vendor|R3 minus voxel,601,0.47415442393575713
vendor|R3 minus voxel,602,0.526143754895999
vendor|R3 minus voxel,603,0.4044610228515889
vendor|R3 minus voxel,604,0.5955835452951664
vendor|R3 minus voxel,605,0.5136794048771498
vendor|R3 minus voxel,606,0.46193286238621595
vendor|R3 minus voxel,607,0.43515457886527076
vendor|R3 minus voxel,608,0.5535453270054234
vendor|R3 minus voxel,609,0.454665616491084
vendor|R3 minus voxel,610,0.49269446421594837
vendor|R3 minus voxel,611,0.4729419035211503
vendor|R3 minus voxel,612,0.5981826973683609
vendor|R3 minus voxel,613,0.5516410576570356
vendor|R3 minus voxel,614,0.5546610384719891
vendor|R3 minus voxel,615,0.5491440765702456
vendor|R3 minus voxel,616,0.5113767320277001
vendor|R3 minus voxel,617,0.5302424257088891
vendor|R3 minus voxel,618,0.46560720065671324
vendor|R3 minus voxel,619,0.403809078412139
vendor|R3 minus voxel,620,0.5537444853387358
vendor|R3 minus voxel,621,0.5238898515450167
vendor|R3 minus voxel,622,0.5549375904824723
vendor|R3 minus voxel,623,0.5301180298916894
vendor|R3 minus voxel,624,0.5776392539178568
vendor|R3 minus voxel,625,0.4808097677853622
vendor|R3 minus voxel,626,0.4971652249075058
vendor|R3 minus voxel,627,0.5222302026159453
vendor|R3 minus voxel,628,0.5254062036338426
vendor|R3 minus voxel,629,0.43408890998705096
vendor|R3 minus voxel,630,0.47569721685557786
vendor|R3 minus voxel,631,0.4455770000021542
vendor|R3 minus voxel,632,0.48458318874456124
vendor|R3 minus voxel,633,0.4915627176886466
vendor|R3 minus voxel,634,0.39600232867780016
vendor|R3 minus voxel,635,0.5328531342727153
vendor|R3 minus voxel,636,0.5527889074866739
vendor|R3 minus voxel,637,0.4289731808768119
vendor|R3 minus voxel,638,0.47840470648609745
vendor|R3 minus voxel,639,0.5301094537147846
vendor|R3 minus voxel,640,0.41117858910787247
vendor|R3 minus voxel,641,0.44575575810588963
vendor|R3 minus voxel,642,0.4752424199963768
vendor|R3 minus voxel,643,0.48596730561269574
vendor|R3 minus voxel,644,0.5033241917788747
vendor|R3 minus voxel,645,0.5390310939144272
vendor|R3 minus voxel,646,0.5459203627378484
vendor|R3 minus voxel,647,0.3909272916236245
vendor|R3 minus voxel,648,0.37795119468249716
vendor|R3 minus voxel,649,0.440011219456893
vendor|R3 minus voxel,650,0.5576977237607352
vendor|R3 minus voxel,651,0.5064939297305323
vendor|R3 minus voxel,652,0.4270113542559669
vendor|R3 minus voxel,653,0.5059703771446574
vendor|R3 minus voxel,654,0.482939242209968
vendor|R3 minus voxel,655,0.42997180888802744
vendor|R3 minus voxel,656,0.5460639357676984
vendor|R3 minus voxel,657,0.4713724841199111
vendor|R3 minus voxel,658,0.5289613782152692
vendor|R3 minus voxel,659,0.5688202588930854
vendor|R3 minus voxel,660,0.49625005030960667
vendor|R3 minus voxel,661,0.49273586281293047
vendor|R3 minus voxel,662,0.5389876678680474
vendor|R3 minus voxel,663,0.5064995777711203
vendor|R3 minus voxel,664,0.5414035270201839
vendor|R3 minus voxel,665,0.4361487873765627
vendor|R3 minus voxel,666,0.45427200869454165
vendor|R3 minus voxel,667,0.4666076867142402
vendor|R3 minus voxel,668,0.4865855711923496
vendor|R3 minus voxel,669,0.4730097334228274
vendor|R3 minus voxel,670,0.5027846530756717
vendor|R3 minus voxel,671,0.5773542002876514
vendor|R3 minus voxel,672,0.4566805515385507
vendor|R3 minus voxel,673,0.5054835538647633
vendor|R3 minus voxel,674,0.4115618401757849
vendor|R3 minus voxel,675,0.4186389220133459
vendor|R3 minus voxel,676,0.5221315011808944
vendor|R3 minus voxel,677,0.42909364170968356
vendor|R3 minus voxel,678,0.4382702960120207
vendor|R3 minus voxel,679,0.4973601401668814
vendor|R3 minus voxel,680,0.5320828523850513
vendor|R3 minus voxel,681,0.4926972674913094
vendor|R3 minus voxel,682,0.5345734153208439
vendor|R3 minus voxel,683,0.5794808955856301
vendor|R3 minus voxel,684,0.4713291449086644
vendor|R3 minus voxel,685,0.42208839137373494
vendor|R3 minus voxel,686,0.5052799271291523
vendor|R3 minus voxel,687,0.5383793759483007
vendor|R3 minus voxel,688,0.45843583110352143
vendor|R3 minus voxel,689,0.39343713761914234
vendor|R3 minus voxel,690,0.4833002986689109
vendor|R3 minus voxel,691,0.5173875887956362
vendor|R3 minus voxel,692,0.5309221017078161
vendor|R3 minus voxel,693,0.5194906947624244
vendor|R3 minus voxel,694,0.5350104597529615
vendor|R3 minus voxel,695,0.4011974789915967
vendor|R3 minus voxel,696,0.5518688334364253
vendor|R3 minus voxel,697,0.5774628274842708
vendor|R3 minus voxel,698,0.5716329771408547
vendor|R3 minus voxel,699,0.5182986846412208
vendor|R3 minus voxel,700,0.48087033296728077
vendor|R3 minus voxel,701,0.4614025532147469
vendor|R3 minus voxel,702,0.48784991022405266
vendor|R3 minus voxel,703,0.4563689582806217
vendor|R3 minus voxel,704,0.45267363491809753
vendor|R3 minus voxel,705,0.5368570592048854
vendor|R3 minus voxel,706,0.49141152475768113
vendor|R3 minus voxel,707,0.5437339042003747
vendor|R3 minus voxel,708,0.5154017920030552
vendor|R3 minus voxel,709,0.4268412980532609
vendor|R3 minus voxel,710,0.4827918277267963
vendor|R3 minus voxel,711,0.5861276590716179
vendor|R3 minus voxel,712,0.5401013779871517
vendor|R3 minus voxel,713,0.46499672088156896
vendor|R3 minus voxel,714,0.47063356761178377
vendor|R3 minus voxel,715,0.5391806472943081
vendor|R3 minus voxel,716,0.451907826901785
vendor|R3 minus voxel,717,0.5884084300045562
vendor|R3 minus voxel,718,0.5331305610475736
vendor|R3 minus voxel,719,0.42354187420250317
vendor|R3 minus voxel,720,0.5048289399928112
vendor|R3 minus voxel,721,0.5696579368378785
vendor|R3 minus voxel,722,0.5430165586047939
vendor|R3 minus voxel,723,0.5354698189481208
vendor|R3 minus voxel,724,0.5305313717275059
vendor|R3 minus voxel,725,0.5728527394912648
vendor|R3 minus voxel,726,0.4656568798417247
vendor|R3 minus voxel,727,0.5063645357690832
vendor|R3 minus voxel,728,0.4368261991703085
vendor|R3 minus voxel,729,0.521620366166062
vendor|R3 minus voxel,730,0.5067658571229909
vendor|R3 minus voxel,731,0.5560919738205568
vendor|R3 minus voxel,732,0.5382417238426263
vendor|R3 minus voxel,733,0.5280190108267762
vendor|R3 minus voxel,734,0.4541864781302481
vendor|R3 minus voxel,735,0.5541600599473357
vendor|R3 minus voxel,736,0.5123270337347183
vendor|R3 minus voxel,737,0.4600346102170924
vendor|R3 minus voxel,738,0.5588732246033457
vendor|R3 minus voxel,739,0.4578930145548803
vendor|R3 minus voxel,740,0.42038671665210936
vendor|R3 minus voxel,741,0.40840457625087856
vendor|R3 minus voxel,742,0.47319941644890234
vendor|R3 minus voxel,743,0.5431481385585494
vendor|R3 minus voxel,744,0.5448632128754936
vendor|R3 minus voxel,745,0.4929477289911347
vendor|R3 minus voxel,746,0.5305988079236407
vendor|R3 minus voxel,747,0.3708922782953297
vendor|R3 minus voxel,748,0.505719261838856
vendor|R3 minus voxel,749,0.4683310429034996
vendor|R3 minus voxel,750,0.448675241371452
vendor|R3 minus voxel,751,0.40527192348601987
vendor|R3 minus voxel,752,0.5408143827595016
vendor|R3 minus voxel,753,0.4668501414697067
vendor|R3 minus voxel,754,0.46449198263112434
vendor|R3 minus voxel,755,0.4392973546711615
vendor|R3 minus voxel,756,0.5777067849149229
vendor|R3 minus voxel,757,0.5362250723133076
vendor|R3 minus voxel,758,0.4530181267890514
vendor|R3 minus voxel,759,0.5412987683487684
vendor|R3 minus voxel,760,0.5138972808258192
vendor|R3 minus voxel,761,0.5330817809840428
vendor|R3 minus voxel,762,0.5435516077514838
vendor|R3 minus voxel,763,0.5324428405849103
vendor|R3 minus voxel,764,0.4817875420233819
vendor|R3 minus voxel,765,0.5243203007461708
vendor|R3 minus voxel,766,0.42214236253942145
vendor|R3 minus voxel,767,0.4455935502436752
vendor|R3 minus voxel,768,0.41102256320914854
vendor|R3 minus voxel,769,0.4857922255048793
vendor|R3 minus voxel,770,0.44096541914745807
vendor|R3 minus voxel,771,0.5095760231678993
vendor|R3 minus voxel,772,0.4633916794013824
vendor|R3 minus voxel,773,0.3627298527986741
vendor|R3 minus voxel,774,0.625050413749623
vendor|R3 minus voxel,775,0.48239884427916346
vendor|R3 minus voxel,776,0.45469743131359885
vendor|R3 minus voxel,777,0.608379629923256
vendor|R3 minus voxel,778,0.4776394949504884
vendor|R3 minus voxel,779,0.4571139544254052
vendor|R3 minus voxel,780,0.5009705429185729
vendor|R3 minus voxel,781,0.5092380775789725
vendor|R3 minus voxel,782,0.4718352047704508
vendor|R3 minus voxel,783,0.4246268004145648
vendor|R3 minus voxel,784,0.505867973334539
vendor|R3 minus voxel,785,0.5247553068961953
vendor|R3 minus voxel,786,0.3817716846542297
vendor|R3 minus voxel,787,0.5054870337484807
vendor|R3 minus voxel,788,0.5369163013763675
vendor|R3 minus voxel,789,0.6429003841686768
vendor|R3 minus voxel,790,0.5053948515252862
vendor|R3 minus voxel,791,0.5071473738546909
vendor|R3 minus voxel,792,0.6024012013802145
vendor|R3 minus voxel,793,0.5268105882180629
vendor|R3 minus voxel,794,0.4842715418971716
vendor|R3 minus voxel,795,0.4396113306686317
vendor|R3 minus voxel,796,0.527503103686437
vendor|R3 minus voxel,797,0.46192919374429653
vendor|R3 minus voxel,798,0.5411279298678221
vendor|R3 minus voxel,799,0.6241301351698862
vendor|R3 minus voxel,800,0.48871158479235605
vendor|R3 minus voxel,801,0.534349000662804
vendor|R3 minus voxel,802,0.4748506224367057
vendor|R3 minus voxel,803,0.5038774956815837
vendor|R3 minus voxel,804,0.4652931724058571
vendor|R3 minus voxel,805,0.5333425438362648
vendor|R3 minus voxel,806,0.44421055929009795
vendor|R3 minus voxel,807,0.5562940483588544
vendor|R3 minus voxel,808,0.514858757402972
vendor|R3 minus voxel,809,0.6573485518249342
vendor|R3 minus voxel,810,0.4321499819284352
vendor|R3 minus voxel,811,0.5045263489278442
vendor|R3 minus voxel,812,0.5529250577138927
vendor|R3 minus voxel,813,0.540004237863729
vendor|R3 minus voxel,814,0.5435982393402601
vendor|R3 minus voxel,815,0.4431238835107493
vendor|R3 minus voxel,816,0.44032222222018663
vendor|R3 minus voxel,817,0.5250642576625739
vendor|R3 minus voxel,818,0.46283768898900474
vendor|R3 minus voxel,819,0.40046819936231676
vendor|R3 minus voxel,820,0.4634576241151877
vendor|R3 minus voxel,821,0.4403363958919428
vendor|R3 minus voxel,822,0.5212344707209985
vendor|R3 minus voxel,823,0.4401252980783047
vendor|R3 minus voxel,824,0.4498799373738275
vendor|R3 minus voxel,825,0.4130107510265191
vendor|R3 minus voxel,826,0.4118688251278086
vendor|R3 minus voxel,827,0.3787481908013347
vendor|R3 minus voxel,828,0.44471040676553963
vendor|R3 minus voxel,829,0.500904035133867
vendor|R3 minus voxel,830,0.3874428031732937
vendor|R3 minus voxel,831,0.4403187634089337
vendor|R3 minus voxel,832,0.365242199623071
vendor|R3 minus voxel,833,0.5585515552103131
vendor|R3 minus voxel,834,0.5066321401287336
vendor|R3 minus voxel,835,0.42116842281851313
vendor|R3 minus voxel,836,0.5189321294563803
vendor|R3 minus voxel,837,0.5849847345713153
vendor|R3 minus voxel,838,0.5659065460215279
vendor|R3 minus voxel,839,0.5120838474497011
vendor|R3 minus voxel,840,0.6012183169964258
vendor|R3 minus voxel,841,0.5365823592152936
vendor|R3 minus voxel,842,0.43587176105259917
vendor|R3 minus voxel,843,0.5779533692488197
vendor|R3 minus voxel,844,0.5388628014597325
vendor|R3 minus voxel,845,0.5580058027883321
vendor|R3 minus voxel,846,0.5622600400522408
vendor|R3 minus voxel,847,0.5608278001925855
vendor|R3 minus voxel,848,0.509144700782933
vendor|R3 minus voxel,849,0.5418848937798908
vendor|R3 minus voxel,850,0.6586134597399255
vendor|R3 minus voxel,851,0.42681090800968147
vendor|R3 minus voxel,852,0.4668891572325954
vendor|R3 minus voxel,853,0.39341395528028256
vendor|R3 minus voxel,854,0.4528174738460374
vendor|R3 minus voxel,855,0.5209371931499721
vendor|R3 minus voxel,856,0.43452760925932343
vendor|R3 minus voxel,857,0.47551700310354744
vendor|R3 minus voxel,858,0.5857408903643488
vendor|R3 minus voxel,859,0.6098362639952313
vendor|R3 minus voxel,860,0.5190181389799636
vendor|R3 minus voxel,861,0.4689298177329443
vendor|R3 minus voxel,862,0.5305371228596574
vendor|R3 minus voxel,863,0.5803101224718622
vendor|R3 minus voxel,864,0.5688076678174122
vendor|R3 minus voxel,865,0.4885426170788111
vendor|R3 minus voxel,866,0.5130701368260008
vendor|R3 minus voxel,867,0.5115231332865988
vendor|R3 minus voxel,868,0.3783367026982257
vendor|R3 minus voxel,869,0.509165222914222
vendor|R3 minus voxel,870,0.47253185580392765
vendor|R3 minus voxel,871,0.5041363188882301
vendor|R3 minus voxel,872,0.5289948700872202
vendor|R3 minus voxel,873,0.4240648962962358
vendor|R3 minus voxel,874,0.4809848080278584
vendor|R3 minus voxel,875,0.5263835178134915
vendor|R3 minus voxel,876,0.48265077743636847
vendor|R3 minus voxel,877,0.5771666874912786
vendor|R3 minus voxel,878,0.5027194766273331
vendor|R3 minus voxel,879,0.5177669360945111
vendor|R3 minus voxel,880,0.5651102599857459
vendor|R3 minus voxel,881,0.4269955318612867
vendor|R3 minus voxel,882,0.4552770823947294
vendor|R3 minus voxel,883,0.4094901612647779
vendor|R3 minus voxel,884,0.4238031796046508
vendor|R3 minus voxel,885,0.5414352273330617
vendor|R3 minus voxel,886,0.541252776697343
vendor|R3 minus voxel,887,0.5006200711993231
vendor|R3 minus voxel,888,0.5207403508597743
vendor|R3 minus voxel,889,0.45542672596830835
vendor|R3 minus voxel,890,0.5505093485228875
vendor|R3 minus voxel,891,0.49242543704014813
vendor|R3 minus voxel,892,0.4236014379926919
vendor|R3 minus voxel,893,0.46077190567539167
vendor|R3 minus voxel,894,0.4947267290500049
vendor|R3 minus voxel,895,0.3942715267589739
vendor|R3 minus voxel,896,0.5161589695207806
vendor|R3 minus voxel,897,0.4179933700593601
vendor|R3 minus voxel,898,0.5484808220240454
vendor|R3 minus voxel,899,0.550091883908777
vendor|R3 minus voxel,900,0.42699792479714394
vendor|R3 minus voxel,901,0.5433704918818937
vendor|R3 minus voxel,902,0.5193897463456949
vendor|R3 minus voxel,903,0.574729329343187
vendor|R3 minus voxel,904,0.5173804618283764
vendor|R3 minus voxel,905,0.5095466196157982
vendor|R3 minus voxel,906,0.48141296850556464
vendor|R3 minus voxel,907,0.34603896316163507
vendor|R3 minus voxel,908,0.5371596199592987
vendor|R3 minus voxel,909,0.4761536123482323
vendor|R3 minus voxel,910,0.5194432292051545
vendor|R3 minus voxel,911,0.473699035704231
vendor|R3 minus voxel,912,0.47182270850513675
vendor|R3 minus voxel,913,0.5477103136351257
vendor|R3 minus voxel,914,0.4799258662432603
vendor|R3 minus voxel,915,0.5361336240740929
vendor|R3 minus voxel,916,0.539384425549867
vendor|R3 minus voxel,917,0.4794921537872989
vendor|R3 minus voxel,918,0.522292578035999
vendor|R3 minus voxel,919,0.5197978967003708
vendor|R3 minus voxel,920,0.4836103005324636
vendor|R3 minus voxel,921,0.5804434959113637
vendor|R3 minus voxel,922,0.5223628619253027
vendor|R3 minus voxel,923,0.4841756957526882
vendor|R3 minus voxel,924,0.489771433418385
vendor|R3 minus voxel,925,0.5074022185972679
vendor|R3 minus voxel,926,0.5532179604406207
vendor|R3 minus voxel,927,0.5374408023316379
vendor|R3 minus voxel,928,0.491714655626631
vendor|R3 minus voxel,929,0.520347808668667
vendor|R3 minus voxel,930,0.4969715651683071
vendor|R3 minus voxel,931,0.4880522620404797
vendor|R3 minus voxel,932,0.4653688880770067
vendor|R3 minus voxel,933,0.5192878963854574
vendor|R3 minus voxel,934,0.49916238416867625
vendor|R3 minus voxel,935,0.4057227401677649
vendor|R3 minus voxel,936,0.511300246422274
vendor|R3 minus voxel,937,0.44593004175341394
vendor|R3 minus voxel,938,0.5064190689655083
vendor|R3 minus voxel,939,0.46206896210353443
vendor|R3 minus voxel,940,0.5432814324175919
vendor|R3 minus voxel,941,0.4750375794305741
vendor|R3 minus voxel,942,0.5594068306549258
vendor|R3 minus voxel,943,0.4895863595497663
vendor|R3 minus voxel,944,0.5775474550670799
vendor|R3 minus voxel,945,0.5523626587224025
vendor|R3 minus voxel,946,0.48775883393188557
vendor|R3 minus voxel,947,0.48648902192029003
vendor|R3 minus voxel,948,0.5621718202053568
vendor|R3 minus voxel,949,0.5315532414975366
vendor|R3 minus voxel,950,0.4878576055459155
vendor|R3 minus voxel,951,0.48429063882801293
vendor|R3 minus voxel,952,0.6163508986790058
vendor|R3 minus voxel,953,0.5034897551733244
vendor|R3 minus voxel,954,0.49472213330034964
vendor|R3 minus voxel,955,0.4574635830586959
vendor|R3 minus voxel,956,0.6197365801372864
vendor|R3 minus voxel,957,0.41934793252511493
vendor|R3 minus voxel,958,0.469592994748799
vendor|R3 minus voxel,959,0.5309540855839538
vendor|R3 minus voxel,960,0.49381940928035145
vendor|R3 minus voxel,961,0.49051420481997426
vendor|R3 minus voxel,962,0.4584268797864234
vendor|R3 minus voxel,963,0.5277612808362808
vendor|R3 minus voxel,964,0.41348676369077414
vendor|R3 minus voxel,965,0.4922938938111104
vendor|R3 minus voxel,966,0.5183569500285067
vendor|R3 minus voxel,967,0.5102345686169221
vendor|R3 minus voxel,968,0.44378093561130927
vendor|R3 minus voxel,969,0.4611790660462264
vendor|R3 minus voxel,970,0.3787516272512766
vendor|R3 minus voxel,971,0.4950746794958606
vendor|R3 minus voxel,972,0.42043696299504063
vendor|R3 minus voxel,973,0.5355408125890546
vendor|R3 minus voxel,974,0.5399214067083646
vendor|R3 minus voxel,975,0.5514882167574113
vendor|R3 minus voxel,976,0.5195673670377033
vendor|R3 minus voxel,977,0.55372123495913
vendor|R3 minus voxel,978,0.4762472316597347
vendor|R3 minus voxel,979,0.5700898355490657
vendor|R3 minus voxel,980,0.5622695008316014
vendor|R3 minus voxel,981,0.4891747807652396
vendor|R3 minus voxel,982,0.5718247426545411
vendor|R3 minus voxel,983,0.5469989164794272
vendor|R3 minus voxel,984,0.5188591688669087
vendor|R3 minus voxel,985,0.5507195946450306
vendor|R3 minus voxel,986,0.4866838406717912
vendor|R3 minus voxel,987,0.4712399238523983
vendor|R3 minus voxel,988,0.476248322177743
vendor|R3 minus voxel,989,0.4021966377927309
vendor|R3 minus voxel,990,0.5069239905691144
vendor|R3 minus voxel,991,0.5684905106268314
vendor|R3 minus voxel,992,0.4707300553628472
vendor|R3 minus voxel,993,0.5382535097586697
vendor|R3 minus voxel,994,0.5789311988388736
vendor|R3 minus voxel,995,0.5376865168731382
vendor|R3 minus voxel,996,0.44199714917022365
vendor|R3 minus voxel,997,0.5046061613990676
vendor|R3 minus voxel,998,0.4281447903082574
vendor|R3 minus voxel,999,0.48053181764460495
field|R3,0,0.47523810178160175
field|R3,1,0.49810006057577266
field|R3,2,0.49238314063451816
field|R3,3,0.4814042146193498
field|R3,4,0.41402134504310784
field|R3,5,0.5350171031878597
field|R3,6,0.5339399743291492
field|R3,7,0.4786011064114299
field|R3,8,0.5102539112519731
field|R3,9,0.526632558099354
field|R3,10,0.5891901952123837
field|R3,11,0.5065502832131294
field|R3,12,0.5404142339195757
field|R3,13,0.46563316122750836
field|R3,14,0.3884803419005147
field|R3,15,0.4050212139461985
field|R3,16,0.4994988872062464
field|R3,17,0.4820757735523051
field|R3,18,0.5980792267526854
field|R3,19,0.45161762715893083
field|R3,20,0.5105574801358159
field|R3,21,0.4525318117545008
field|R3,22,0.42008338590555894
field|R3,23,0.5257341845265239
field|R3,24,0.5357448439672357
field|R3,25,0.5221530347948523
field|R3,26,0.5256696102137831
field|R3,27,0.5700591897899148
field|R3,28,0.5529135373254068
field|R3,29,0.581365762328641
field|R3,30,0.4951715310067521
field|R3,31,0.4812247510402699
field|R3,32,0.48961694102998454
field|R3,33,0.4982725420983705
field|R3,34,0.48430108974641256
field|R3,35,0.490368189130967
field|R3,36,0.48059738295851373
field|R3,37,0.5054008478214861
field|R3,38,0.49001897311457415
field|R3,39,0.5041444323649197
field|R3,40,0.5429920089445598
field|R3,41,0.4884138452824855
field|R3,42,0.4168191581802837
field|R3,43,0.5581851513467613
field|R3,44,0.5547877243021284
field|R3,45,0.3667338000240587
field|R3,46,0.524261924393637
field|R3,47,0.5585129825084182
field|R3,48,0.4546485454642717
field|R3,49,0.5228516282128446
field|R3,50,0.33660658796868337
field|R3,51,0.5068263241161272
field|R3,52,0.5477274140652907
field|R3,53,0.48658981623349995
field|R3,54,0.47478034889190407
field|R3,55,0.4529912823695577
field|R3,56,0.4968232229563217
field|R3,57,0.5091754954969052
field|R3,58,0.4854537589108901
field|R3,59,0.38933947741852737
field|R3,60,0.45164658072520636
field|R3,61,0.5559056612023344
field|R3,62,0.4884821564863581
field|R3,63,0.41205730379862293
field|R3,64,0.4596620287001459
field|R3,65,0.5934992012211974
field|R3,66,0.49973541028703367
field|R3,67,0.4800290441700401
field|R3,68,0.5072765881177645
field|R3,69,0.5672648041464401
field|R3,70,0.5799510192103449
field|R3,71,0.4872983709376584
field|R3,72,0.5154722144845325
field|R3,73,0.5152518316085304
field|R3,74,0.4071586557330658
field|R3,75,0.56708249333235
field|R3,76,0.5570611423844507
field|R3,77,0.47360461936251524
field|R3,78,0.40671015524519405
field|R3,79,0.42542844620917036
field|R3,80,0.4748171254066541
field|R3,81,0.4727254911754912
field|R3,82,0.45353738240230673
field|R3,83,0.45059126346581024
field|R3,84,0.4700623295027876
field|R3,85,0.38212927916092354
field|R3,86,0.43000691298310345
field|R3,87,0.5065293578401039
field|R3,88,0.5189776135878572
field|R3,89,0.5278098700041985
field|R3,90,0.49356190325330107
field|R3,91,0.5332673827177243
field|R3,92,0.4475201114425416
field|R3,93,0.5462533464638728
field|R3,94,0.4318262274120112
field|R3,95,0.4467068244915705
field|R3,96,0.5347941295546559
field|R3,97,0.4747509889386988
field|R3,98,0.4615005952822303
field|R3,99,0.5215230034073559
field|R3,100,0.48868011449579923
field|R3,101,0.5408118592976248
field|R3,102,0.4411768004383597
field|R3,103,0.46164888921008773
field|R3,104,0.5638961653721379
field|R3,105,0.5050855937473868
field|R3,106,0.5070631782211417
field|R3,107,0.47330876011676254
field|R3,108,0.535088265241672
field|R3,109,0.5001938764736502
field|R3,110,0.4928422536297101
field|R3,111,0.38773050775163953
field|R3,112,0.529971655971656
field|R3,113,0.4964396415658741
field|R3,114,0.5224500859651294
field|R3,115,0.41921911810707674
field|R3,116,0.49161783373636536
field|R3,117,0.4361968199389704
field|R3,118,0.505614509551265
field|R3,119,0.5131612095780644
field|R3,120,0.5212501260368183
field|R3,121,0.47403978448334155
field|R3,122,0.4992839340217491
field|R3,123,0.4710815330914272
field|R3,124,0.4157517950457616
field|R3,125,0.5604685823520674
field|R3,126,0.34831763977707597
field|R3,127,0.5482033240682395
field|R3,128,0.5766196291609142
field|R3,129,0.45011036668122506
field|R3,130,0.5803127306431405
field|R3,131,0.4952693255619189
field|R3,132,0.5319097022230731
field|R3,133,0.46223890704421783
field|R3,134,0.5192118823900608
field|R3,135,0.4428055556183434
field|R3,136,0.5228014944333063
field|R3,137,0.5189871304359175
field|R3,138,0.4750724001702952
field|R3,139,0.4414970956448981
field|R3,140,0.4570017568723144
field|R3,141,0.47241535575116744
field|R3,142,0.44752972107209266
field|R3,143,0.4724257162857498
field|R3,144,0.4588913477690387
field|R3,145,0.5487830171813126
field|R3,146,0.46685315285141354
field|R3,147,0.487798517023601
field|R3,148,0.5862044045588158
field|R3,149,0.5020572671369468
field|R3,150,0.4427676345642121
field|R3,151,0.5619038001209283
field|R3,152,0.3778847399451154
field|R3,153,0.5199956804125107
field|R3,154,0.5268608329713375
field|R3,155,0.5014717371953881
field|R3,156,0.5259427349500879
field|R3,157,0.5293085181918892
field|R3,158,0.41947609789371293
field|R3,159,0.43715743715615407
field|R3,160,0.4893778537736903
field|R3,161,0.5117911711449681
field|R3,162,0.537846444891974
field|R3,163,0.5363326175137155
field|R3,164,0.47041268562921157
field|R3,165,0.48639461764558556
field|R3,166,0.43488399145784495
field|R3,167,0.49259680888563817
field|R3,168,0.4852525055473424
field|R3,169,0.4547286367361235
field|R3,170,0.526099273372751
field|R3,171,0.5564727745856952
field|R3,172,0.567892957815285
field|R3,173,0.5104875248838285
field|R3,174,0.5176904363594954
field|R3,175,0.5356752001696391
field|R3,176,0.5653953464222978
field|R3,177,0.56263045684639
field|R3,178,0.577225156109263
field|R3,179,0.47886630401636143
field|R3,180,0.4335943130852257
field|R3,181,0.5438259845347504
field|R3,182,0.4141781021209446
field|R3,183,0.45487778376933424
field|R3,184,0.5719282990882214
field|R3,185,0.5495672515822843
field|R3,186,0.4954363617088754
field|R3,187,0.4559792414665214
field|R3,188,0.5261732602579348
field|R3,189,0.5304972381272759
field|R3,190,0.5627297907060145
field|R3,191,0.5634100763994827
field|R3,192,0.4829447409953936
field|R3,193,0.41945810877588946
field|R3,194,0.47220132756855565
field|R3,195,0.46063170533895076
field|R3,196,0.5005662927226225
field|R3,197,0.4675551982426791
field|R3,198,0.6073562064072346
field|R3,199,0.5642521581644172
field|R3,200,0.4081892411517535
field|R3,201,0.515795672232824
field|R3,202,0.4720811180499142
field|R3,203,0.4456694728225936
field|R3,204,0.589824188360546
field|R3,205,0.5288606105182192
field|R3,206,0.47867744880657365
field|R3,207,0.4719551572215182
field|R3,208,0.5597982310027632
field|R3,209,0.3938194596353766
field|R3,210,0.6139375773950242
field|R3,211,0.470964848017017
field|R3,212,0.5701462487582415
field|R3,213,0.6033367406574822
field|R3,214,0.4966032590344451
field|R3,215,0.6081368633584638
field|R3,216,0.48476404399504414
field|R3,217,0.46099144558724026
field|R3,218,0.46668397004690193
field|R3,219,0.49289634958692446
field|R3,220,0.5021666524019089
field|R3,221,0.5478103166417232
field|R3,222,0.4179158698505578
field|R3,223,0.44336381999152685
field|R3,224,0.4984677340939637
field|R3,225,0.5424374829687354
field|R3,226,0.5128345395527303
field|R3,227,0.5712991802171483
field|R3,228,0.5385864030801937
field|R3,229,0.45556154716683867
field|R3,230,0.514795139360572
field|R3,231,0.45626946537001023
field|R3,232,0.5018730928138625
field|R3,233,0.49562088163674856
field|R3,234,0.5116090164160366
field|R3,235,0.4312179366801086
field|R3,236,0.5148190036248417
field|R3,237,0.4204066733176151
field|R3,238,0.5367834508205394
field|R3,239,0.5065073691189159
field|R3,240,0.5050937320324838
field|R3,241,0.46610437077542344
field|R3,242,0.5357043556688521
field|R3,243,0.4978489308666201
field|R3,244,0.5547901702095889
field|R3,245,0.4550187835705543
field|R3,246,0.4814138881553854
field|R3,247,0.4502274915655214
field|R3,248,0.45776124774523674
field|R3,249,0.31137044558684146
field|R3,250,0.5995536112716564
field|R3,251,0.5981987092673006
field|R3,252,0.4889024455077086
field|R3,253,0.44020329950604553
field|R3,254,0.422635337210128
field|R3,255,0.48519607519135527
field|R3,256,0.5066020809558346
field|R3,257,0.48961369271880006
field|R3,258,0.4414783276578943
field|R3,259,0.47728715622631357
field|R3,260,0.5196362433862434
field|R3,261,0.4715094871285433
field|R3,262,0.5297347998187673
field|R3,263,0.5023491530726725
field|R3,264,0.48622266322041785
field|R3,265,0.5396453278747396
field|R3,266,0.46004046449657
field|R3,267,0.5161704243539516
field|R3,268,0.4472737613181009
field|R3,269,0.4134318506243514
field|R3,270,0.48430702700409506
field|R3,271,0.4989416026359703
field|R3,272,0.5511292040881858
field|R3,273,0.41119613257435556
field|R3,274,0.5428368508907377
field|R3,275,0.40797774307329204
field|R3,276,0.42587727769379835
field|R3,277,0.4937541181936096
field|R3,278,0.5852326173891216
field|R3,279,0.5609489154285638
field|R3,280,0.4677877476002994
field|R3,281,0.5235425261872629
field|R3,282,0.4094202123537162
field|R3,283,0.30296535542245684
field|R3,284,0.5223430038795892
field|R3,285,0.40400603856166717
field|R3,286,0.4768536535398969
field|R3,287,0.5143761697808192
field|R3,288,0.635714656964657
field|R3,289,0.4360077103687945
field|R3,290,0.3978491514935013
field|R3,291,0.4895953630450891
field|R3,292,0.5543200934463682
field|R3,293,0.4887885617862657
field|R3,294,0.5188783639588281
field|R3,295,0.5503965077549984
field|R3,296,0.592037780840992
field|R3,297,0.5005300562308355
field|R3,298,0.4664338746798061
field|R3,299,0.4324628863838654
field|R3,300,0.3830055236566936
field|R3,301,0.4662572473068832
field|R3,302,0.5453905448953851
field|R3,303,0.4665756392324836
field|R3,304,0.5043953870147486
field|R3,305,0.52519914010944
field|R3,306,0.5955939145539746
field|R3,307,0.4300204809248512
field|R3,308,0.5674300926462454
field|R3,309,0.4687997224993069
field|R3,310,0.5251803857294134
field|R3,311,0.5020388523239612
field|R3,312,0.47807747503970965
field|R3,313,0.4602986234718037
field|R3,314,0.431962142293324
field|R3,315,0.4360083110220033
field|R3,316,0.4626244997818274
field|R3,317,0.5216431656703204
field|R3,318,0.5655698616235059
field|R3,319,0.49107447224005457
field|R3,320,0.5161909717034359
field|R3,321,0.49995369768406056
field|R3,322,0.4392258634464773
field|R3,323,0.5064870437255214
field|R3,324,0.44339916118431183
field|R3,325,0.5921398530328237
field|R3,326,0.5131948099941077
field|R3,327,0.49659015065514095
field|R3,328,0.43365339890504695
field|R3,329,0.5201290899056019
field|R3,330,0.5063999253607097
field|R3,331,0.40726484077896147
field|R3,332,0.4598743486850904
field|R3,333,0.4690312482583739
field|R3,334,0.4525350089705137
field|R3,335,0.49599150265858805
field|R3,336,0.4947929965226202
field|R3,337,0.5342599706164023
field|R3,338,0.5329973388208682
field|R3,339,0.45824888587229073
field|R3,340,0.6114460843703614
field|R3,341,0.4597150983222865
field|R3,342,0.5288468885650393
field|R3,343,0.5091711148507352
field|R3,344,0.5407042726553951
field|R3,345,0.46897664704794345
field|R3,346,0.4747941180422647
field|R3,347,0.6294868348099361
field|R3,348,0.5211629880082682
field|R3,349,0.5421003664330424
field|R3,350,0.5309024628499326
field|R3,351,0.49681688063589496
field|R3,352,0.5413842368082727
field|R3,353,0.5377512611038894
field|R3,354,0.580403909964152
field|R3,355,0.5189525862954074
field|R3,356,0.5406701740216796
field|R3,357,0.44924373298646936
field|R3,358,0.5995537528871691
field|R3,359,0.4618356992567835
field|R3,360,0.5975143743647724
field|R3,361,0.5471408508146433
field|R3,362,0.5171772218390197
field|R3,363,0.42178999929417865
field|R3,364,0.5073218587753378
field|R3,365,0.5236344874462515
field|R3,366,0.5329269000398205
field|R3,367,0.4360745030235841
field|R3,368,0.43624039979841384
field|R3,369,0.46897889015356053
field|R3,370,0.5244738834772248
field|R3,371,0.5761768833196036
field|R3,372,0.4623723552685817
field|R3,373,0.47833041427356393
field|R3,374,0.3749836516225385
field|R3,375,0.5881778715655142
field|R3,376,0.5639185641684294
field|R3,377,0.51480867933747
field|R3,378,0.5750756907915001
field|R3,379,0.6199892931361497
field|R3,380,0.6053305843742838
field|R3,381,0.5108959011932376
field|R3,382,0.5410340814488893
field|R3,383,0.5425396499827475
field|R3,384,0.3848070335080633
field|R3,385,0.453622612091761
field|R3,386,0.5863730171201478
field|R3,387,0.5143561764987613
field|R3,388,0.5071260174864773
field|R3,389,0.4366928241562082
field|R3,390,0.42912835635971935
field|R3,391,0.4965737942868076
field|R3,392,0.5267561063038311
field|R3,393,0.4887777295796164
field|R3,394,0.5682932110109399
field|R3,395,0.5522280492630418
field|R3,396,0.4569292301881479
field|R3,397,0.5201032265327274
field|R3,398,0.46468934037611875
field|R3,399,0.4303935955116397
field|R3,400,0.5096153869007083
field|R3,401,0.5954799129511613
field|R3,402,0.47672985884945074
field|R3,403,0.4477883891659535
field|R3,404,0.4425198093808055
field|R3,405,0.531461489666539
field|R3,406,0.4735718005938594
field|R3,407,0.4948064572128841
field|R3,408,0.43169536163195976
field|R3,409,0.5185125384487954
field|R3,410,0.5748286516989576
field|R3,411,0.48310416493017405
field|R3,412,0.47413699012664995
field|R3,413,0.5034627568198997
field|R3,414,0.572281005931573
field|R3,415,0.5556173218079279
field|R3,416,0.5213255627654539
field|R3,417,0.5016948870609619
field|R3,418,0.5432669070103755
field|R3,419,0.4731340751496031
field|R3,420,0.4618796740290592
field|R3,421,0.38289118762503443
field|R3,422,0.51265112274875
field|R3,423,0.4897184920530432
field|R3,424,0.5221300646833156
field|R3,425,0.5685610385212365
field|R3,426,0.5609356549997139
field|R3,427,0.6223626641651031
field|R3,428,0.5185475541143243
field|R3,429,0.5528683285483316
field|R3,430,0.5219271974897486
field|R3,431,0.3659385558980702
field|R3,432,0.505655179503645
field|R3,433,0.48143048418565504
field|R3,434,0.4964738275600199
field|R3,435,0.4571734378983289
field|R3,436,0.5178405628188237
field|R3,437,0.5570327126577126
field|R3,438,0.417986578469416
field|R3,439,0.5237915447617113
field|R3,440,0.5645067535432349
field|R3,441,0.48078821831447155
field|R3,442,0.501233611289169
field|R3,443,0.6014714838863837
field|R3,444,0.40903621035335025
field|R3,445,0.4556900475233231
field|R3,446,0.5343390335533366
field|R3,447,0.5874858798628982
field|R3,448,0.4556435026272824
field|R3,449,0.4718578741893252
field|R3,450,0.5936926062738395
field|R3,451,0.528815848793758
field|R3,452,0.5375322542109819
field|R3,453,0.5149528035650104
field|R3,454,0.5399475931989083
field|R3,455,0.4302106146137386
field|R3,456,0.4534994421653996
field|R3,457,0.4793523519483033
field|R3,458,0.49809038608043943
field|R3,459,0.4676345598786312
field|R3,460,0.4947145525415613
field|R3,461,0.562140786531759
field|R3,462,0.4187246211329291
field|R3,463,0.4864302235835517
field|R3,464,0.5134121650914474
field|R3,465,0.476644666620857
field|R3,466,0.4739173192645046
field|R3,467,0.5359374317419643
field|R3,468,0.5132899987505504
field|R3,469,0.5225080778969053
field|R3,470,0.5373021244445372
field|R3,471,0.5237735281242951
field|R3,472,0.4077681420109549
field|R3,473,0.5263201820625588
field|R3,474,0.4943898309640953
field|R3,475,0.5409515170930266
field|R3,476,0.3787075311769194
field|R3,477,0.48537167953601196
field|R3,478,0.46982244692599784
field|R3,479,0.5415238614310542
field|R3,480,0.500422795162266
field|R3,481,0.49524769756387405
field|R3,482,0.40548502416883975
field|R3,483,0.487216688145394
field|R3,484,0.5285145546663947
field|R3,485,0.5665995712534858
field|R3,486,0.508061139935976
field|R3,487,0.5025138926984601
field|R3,488,0.4792428506064672
field|R3,489,0.42734108606412846
field|R3,490,0.5418966536225653
field|R3,491,0.5193062165648625
field|R3,492,0.5050016955699574
field|R3,493,0.5405487202530773
field|R3,494,0.4664620175137286
field|R3,495,0.44895788952630855
field|R3,496,0.4465992059043636
field|R3,497,0.48308276739767136
field|R3,498,0.5225696138270337
field|R3,499,0.5197285482078059
field|R3,500,0.48629751368826746
field|R3,501,0.5242195156969812
field|R3,502,0.458220193823046
field|R3,503,0.5952025225894587
field|R3,504,0.6211432875844201
field|R3,505,0.4976815035536816
field|R3,506,0.4641972977544384
field|R3,507,0.47104836714454185
field|R3,508,0.4157783600395667
field|R3,509,0.5689196811810423
field|R3,510,0.38513002227474186
field|R3,511,0.520032115554018
field|R3,512,0.4587329601396098
field|R3,513,0.5897059082105625
field|R3,514,0.34790255424164823
field|R3,515,0.5128282066457717
field|R3,516,0.46418694157475915
field|R3,517,0.4388657362287094
field|R3,518,0.4544545173234454
field|R3,519,0.5404266842682693
field|R3,520,0.4384164580456854
field|R3,521,0.45360380500911957
field|R3,522,0.5177599732576961
field|R3,523,0.561529952682737
field|R3,524,0.5084202167211038
field|R3,525,0.5316291522584607
field|R3,526,0.595994004818575
field|R3,527,0.5358863533564084
field|R3,528,0.43843581973455253
field|R3,529,0.5755932705371555
field|R3,530,0.39528623457694323
field|R3,531,0.5157572232419266
field|R3,532,0.528513276549531
field|R3,533,0.4960874015060921
field|R3,534,0.5219752430682207
field|R3,535,0.5107951667206245
field|R3,536,0.4958577524721141
field|R3,537,0.5924530086143522
field|R3,538,0.5594884689242119
field|R3,539,0.5560007355184029
field|R3,540,0.5903203820722018
field|R3,541,0.6355832555925858
field|R3,542,0.4152048244719955
field|R3,543,0.5805934219610277
field|R3,544,0.4723799224427029
field|R3,545,0.5103979537878648
field|R3,546,0.5524562339413199
field|R3,547,0.5106416280708872
field|R3,548,0.5659006514328084
field|R3,549,0.5206111965189864
field|R3,550,0.41831976208121285
field|R3,551,0.40315480872756415
field|R3,552,0.5835721269944084
field|R3,553,0.47480864356069785
field|R3,554,0.5157185518372648
field|R3,555,0.5055503440899247
field|R3,556,0.4675626560588292
field|R3,557,0.4978793796359586
field|R3,558,0.600158899813703
field|R3,559,0.5460254026615476
field|R3,560,0.4974291646262235
field|R3,561,0.42150811224830315
field|R3,562,0.5839886379196041
field|R3,563,0.507252791398962
field|R3,564,0.4368377851458246
field|R3,565,0.4807463431956931
field|R3,566,0.5424063281680251
field|R3,567,0.5303015744769237
field|R3,568,0.5950496671160197
field|R3,569,0.44264815645250427
field|R3,570,0.46543303536673564
field|R3,571,0.5452087504350063
field|R3,572,0.5415320437971094
field|R3,573,0.46396466396295233
field|R3,574,0.4903856739857879
field|R3,575,0.44789307518628985
field|R3,576,0.45671105125563105
field|R3,577,0.5103123132198762
field|R3,578,0.4355652620044019
field|R3,579,0.5165095498311182
field|R3,580,0.4323266764600577
field|R3,581,0.520482138427363
field|R3,582,0.3729066546813253
field|R3,583,0.5433593020004965
field|R3,584,0.47377115461529334
field|R3,585,0.49647494762223665
field|R3,586,0.4671523540339135
field|R3,587,0.4807789573855028
field|R3,588,0.37422227261274876
field|R3,589,0.40215404736743465
field|R3,590,0.5600527357049256
field|R3,591,0.4557315018130864
field|R3,592,0.49541736870186676
field|R3,593,0.5862093330905367
field|R3,594,0.5925822700499142
field|R3,595,0.6575186555503791
field|R3,596,0.5821257174831471
field|R3,597,0.5275258592492656
field|R3,598,0.5362995513098856
field|R3,599,0.5203548945896842
field|R3,600,0.5806201227860533
field|R3,601,0.4916836769828258
field|R3,602,0.5482984622926839
field|R3,603,0.4933519572224002
field|R3,604,0.5613383918712865
field|R3,605,0.5288918679825187
field|R3,606,0.4836287918999541
field|R3,607,0.5373857907427831
field|R3,608,0.5074724966446886
field|R3,609,0.5366641426146522
field|R3,610,0.5231574440423842
field|R3,611,0.44687864362836366
field|R3,612,0.5891473581872393
field|R3,613,0.5973389038037853
field|R3,614,0.636340687031127
field|R3,615,0.5294356442321356
field|R3,616,0.5493517087203295
field|R3,617,0.5142849015343269
field|R3,618,0.49948227733483286
field|R3,619,0.48171059876447375
field|R3,620,0.5377560009034527
field|R3,621,0.5515866273232162
field|R3,622,0.5524722216524387
field|R3,623,0.49764035487018565
field|R3,624,0.5672348696612473
field|R3,625,0.37182051643027253
field|R3,626,0.5301899801630485
field|R3,627,0.570539556859875
field|R3,628,0.5428158898885277
field|R3,629,0.39637082427873127
field|R3,630,0.5015811425190346
field|R3,631,0.48239170965486755
field|R3,632,0.5264170365867986
field|R3,633,0.47520044784961274
field|R3,634,0.47365585081103384
field|R3,635,0.491361661244219
field|R3,636,0.5338867791612889
field|R3,637,0.4301774416675773
field|R3,638,0.5548123073596342
field|R3,639,0.47275086177460734
field|R3,640,0.4231623638716959
field|R3,641,0.4343701057421744
field|R3,642,0.5464478797548548
field|R3,643,0.537855532373358
field|R3,644,0.44268381092795794
field|R3,645,0.5133223105460079
field|R3,646,0.4873011521310076
field|R3,647,0.49986027063146377
field|R3,648,0.34343814396282824
field|R3,649,0.5098598695007588
field|R3,650,0.5795160841867253
field|R3,651,0.40118740479306175
field|R3,652,0.4366753139304766
field|R3,653,0.475978753352498
field|R3,654,0.5568518338247596
field|R3,655,0.43096856507836084
field|R3,656,0.5310494877666552
field|R3,657,0.5076600026953344
field|R3,658,0.5164376478377468
field|R3,659,0.4723003695463765
field|R3,660,0.44892778361479635
field|R3,661,0.5395328291011381
field|R3,662,0.4263091378782365
field|R3,663,0.5571526971714984
field|R3,664,0.5055241256253991
field|R3,665,0.45047816032245863
field|R3,666,0.4629890493469295
field|R3,667,0.5147321038828261
field|R3,668,0.4645258179295667
field|R3,669,0.3914140991328466
field|R3,670,0.4985381246931645
field|R3,671,0.5548721070806045
field|R3,672,0.4594480082721571
field|R3,673,0.5160508804678727
field|R3,674,0.4542413792679011
field|R3,675,0.4412485139482679
field|R3,676,0.46693933581486047
field|R3,677,0.481577688977689
field|R3,678,0.4603225069389009
field|R3,679,0.5031908761298943
field|R3,680,0.48377241321994885
field|R3,681,0.529295613696044
field|R3,682,0.5048288744863914
field|R3,683,0.6160490946901633
field|R3,684,0.564434103066098
field|R3,685,0.468888706613138
field|R3,686,0.5540435833205789
field|R3,687,0.44658464694102057
field|R3,688,0.5090800908871865
field|R3,689,0.4457861203123067
field|R3,690,0.4767639419259638
field|R3,691,0.4628357505026267
field|R3,692,0.49851582512639425
field|R3,693,0.5871999054604695
field|R3,694,0.46481416362860006
field|R3,695,0.488652139109181
field|R3,696,0.6240100575017333
field|R3,697,0.538887527521867
field|R3,698,0.4948386441212529
field|R3,699,0.5170446251737473
field|R3,700,0.4787745964911676
field|R3,701,0.4526836076485018
field|R3,702,0.4958872546490835
field|R3,703,0.4643877846550691
field|R3,704,0.414294116109459
field|R3,705,0.64429892098002
field|R3,706,0.5485314039318276
field|R3,707,0.5384392771249914
field|R3,708,0.5665661687758157
field|R3,709,0.4426997178706203
field|R3,710,0.5046810170000753
field|R3,711,0.5195654075042626
field|R3,712,0.4564850738657844
field|R3,713,0.43956347460917977
field|R3,714,0.44288757819250196
field|R3,715,0.5510162127641764
field|R3,716,0.444968306936728
field|R3,717,0.5234054210459691
field|R3,718,0.5272652544211013
field|R3,719,0.4454552418695698
field|R3,720,0.4833002527655779
field|R3,721,0.6085003417634736
field|R3,722,0.5069543329803669
field|R3,723,0.550970942829468
field|R3,724,0.565453410999028
field|R3,725,0.48967290468555147
field|R3,726,0.4378341783876162
field|R3,727,0.5584934224708065
field|R3,728,0.619946897328658
field|R3,729,0.5095480760242607
field|R3,730,0.3672119635778689
field|R3,731,0.4833729439705984
field|R3,732,0.5422530047236613
field|R3,733,0.4980672966428714
field|R3,734,0.47406849871334417
field|R3,735,0.5034733265121767
field|R3,736,0.545988205586821
field|R3,737,0.39703491307576166
field|R3,738,0.5286085058326193
field|R3,739,0.4350976663197903
field|R3,740,0.5375673316257688
field|R3,741,0.41175511154402944
field|R3,742,0.5091106568553414
field|R3,743,0.5053267215003766
field|R3,744,0.5360130055841936
field|R3,745,0.46603038255604823
field|R3,746,0.5062644250488084
field|R3,747,0.4823730982534661
field|R3,748,0.5119412863679638
field|R3,749,0.4909874659934145
field|R3,750,0.40592141129909864
field|R3,751,0.3559011236868526
field|R3,752,0.5336032127694519
field|R3,753,0.51866409039026
field|R3,754,0.49908114426486383
field|R3,755,0.4603039360386232
field|R3,756,0.5626894206869739
field|R3,757,0.5847148100077387
field|R3,758,0.4708762570808072
field|R3,759,0.561288426051105
field|R3,760,0.4553483326702044
field|R3,761,0.49304843760349043
field|R3,762,0.530681933118106
field|R3,763,0.5311970523088505
field|R3,764,0.5161892010587396
field|R3,765,0.533176412942922
field|R3,766,0.46769350775419555
field|R3,767,0.42753207686622324
field|R3,768,0.36143350203408714
field|R3,769,0.4814854760230517
field|R3,770,0.3902547889946324
field|R3,771,0.41327351112202954
field|R3,772,0.49984501342965615
field|R3,773,0.4549241344992517
field|R3,774,0.5509365825692165
field|R3,775,0.5071142234640932
field|R3,776,0.43395486510847603
field|R3,777,0.5820755710805698
field|R3,778,0.48467801310704467
field|R3,779,0.5158874574776495
field|R3,780,0.5321065316742682
field|R3,781,0.4685646019880929
field|R3,782,0.4842720211759396
field|R3,783,0.46183079087292633
field|R3,784,0.5416434448255887
field|R3,785,0.5027032221015466
field|R3,786,0.35790958663027944
field|R3,787,0.4761837198071083
field|R3,788,0.5774687953766569
field|R3,789,0.5291447441724393
field|R3,790,0.44305504588096384
field|R3,791,0.45878379907489625
field|R3,792,0.5994908974104426
field|R3,793,0.428249197935635
field|R3,794,0.5543184560475092
field|R3,795,0.36680354292643286
field|R3,796,0.5417010437537748
field|R3,797,0.501576040163069
field|R3,798,0.5169007761379644
field|R3,799,0.6279180046402766
field|R3,800,0.4584940588873162
field|R3,801,0.5630808970995774
field|R3,802,0.5431842049044897
field|R3,803,0.539680549487743
field|R3,804,0.4061417919211149
field|R3,805,0.49599174377179295
field|R3,806,0.5448465911154698
field|R3,807,0.5550605514376439
field|R3,808,0.43163133808617005
field|R3,809,0.605444814077883
field|R3,810,0.4480169109174111
field|R3,811,0.5569700078634098
field|R3,812,0.5503295837775612
field|R3,813,0.5851328822260233
field|R3,814,0.5081317422045669
field|R3,815,0.43096210693370224
field|R3,816,0.5065341986245585
field|R3,817,0.5600265860055833
field|R3,818,0.48927153490717323
field|R3,819,0.44866879495573897
field|R3,820,0.4108308509518547
field|R3,821,0.5217663025911741
field|R3,822,0.45354181326899645
field|R3,823,0.44173783035821756
field|R3,824,0.49667016963237537
field|R3,825,0.48647664390745315
field|R3,826,0.38095436190653464
field|R3,827,0.4388859153683075
field|R3,828,0.5481580546210781
field|R3,829,0.511536036180578
field|R3,830,0.43138836499072475
field|R3,831,0.485175595963412
field|R3,832,0.4144177225545672
field|R3,833,0.5661970439586492
field|R3,834,0.46254498997900323
field|R3,835,0.3224891840010861
field|R3,836,0.4990536528835047
field|R3,837,0.6175181304638844
field|R3,838,0.5516926495728871
field|R3,839,0.4923921993202528
field|R3,840,0.5455625386265293
field|R3,841,0.5587101457071062
field|R3,842,0.48726386332086413
field|R3,843,0.5453481193352699
field|R3,844,0.5235465894907865
field|R3,845,0.43937139033602624
field|R3,846,0.5654843231281104
field|R3,847,0.5177754672499875
field|R3,848,0.6249431579498514
field|R3,849,0.4907940256914153
field|R3,850,0.6069634009772816
field|R3,851,0.46955107548652275
field|R3,852,0.4334717028407762
field|R3,853,0.40238814786392946
field|R3,854,0.47381453144972924
field|R3,855,0.4326197236826606
field|R3,856,0.5269797035147608
field|R3,857,0.5711793974435952
field|R3,858,0.5504017336552678
field|R3,859,0.5014164428570672
field|R3,860,0.531789266420531
field|R3,861,0.5029690586825792
field|R3,862,0.5402115158624832
field|R3,863,0.5374770423424181
field|R3,864,0.5886524629467725
field|R3,865,0.5515995639824155
field|R3,866,0.46157024448722106
field|R3,867,0.5001988726777553
field|R3,868,0.45171674735644374
field|R3,869,0.4598170855197893
field|R3,870,0.38789842778236383
field|R3,871,0.46504348750451074
field|R3,872,0.5171246872806468
field|R3,873,0.44866581281220774
field|R3,874,0.3604659520373806
field|R3,875,0.4825943841648499
field|R3,876,0.4991241333447215
field|R3,877,0.6037748159042395
field|R3,878,0.5035955954884347
field|R3,879,0.4574069065407015
field|R3,880,0.5020234377102982
field|R3,881,0.4332752485267172
field|R3,882,0.47235697377298325
field|R3,883,0.4337944537737014
field|R3,884,0.4397877967851863
field|R3,885,0.45607865453530627
field|R3,886,0.5352415131176759
field|R3,887,0.47675801781702987
field|R3,888,0.517283159554097
field|R3,889,0.4918109458740426
field|R3,890,0.5277684327050176
field|R3,891,0.5417442377369838
field|R3,892,0.4181026040045648
field|R3,893,0.47662335526027666
field|R3,894,0.40615612711406374
field|R3,895,0.4345955502921758
field|R3,896,0.5592673508319214
field|R3,897,0.5348378894619954
field|R3,898,0.42062344968476717
field|R3,899,0.4557329925969296
field|R3,900,0.4441083984073563
field|R3,901,0.5956321084991175
field|R3,902,0.5263638544424548
field|R3,903,0.5311178458833175
field|R3,904,0.5205941073590494
field|R3,905,0.4810260201576032
field|R3,906,0.45944689944151823
field|R3,907,0.4642804992092923
field|R3,908,0.5393682200005587
field|R3,909,0.4819550301449972
field|R3,910,0.5457233127875657
field|R3,911,0.6059844895193617
field|R3,912,0.49218384675801846
field|R3,913,0.5168367951390536
field|R3,914,0.504629718801515
field|R3,915,0.4943307600083882
field|R3,916,0.46487589253686534
field|R3,917,0.3560983790135903
field|R3,918,0.4708744583791754
field|R3,919,0.5186979004279861
field|R3,920,0.4614599558571427
field|R3,921,0.5907050325390386
field|R3,922,0.5079890876664919
field|R3,923,0.4890121996933251
field|R3,924,0.5282573537556516
field|R3,925,0.4711059515846051
field|R3,926,0.5700033102924407
field|R3,927,0.4550356264104448
field|R3,928,0.5156579967849767
field|R3,929,0.4927185386316447
field|R3,930,0.5676696041728421
field|R3,931,0.49200048521367024
field|R3,932,0.46567275464282687
field|R3,933,0.5096685521681554
field|R3,934,0.4825114326232246
field|R3,935,0.48804806640403686
field|R3,936,0.5209785140301157
field|R3,937,0.4379476644670318
field|R3,938,0.4740587166594302
field|R3,939,0.563698182659275
field|R3,940,0.5116018182730391
field|R3,941,0.429890820215798
field|R3,942,0.559315433080139
field|R3,943,0.5247082687595461
field|R3,944,0.5329405173083313
field|R3,945,0.5220308817151793
field|R3,946,0.4698071715632251
field|R3,947,0.571635219809988
field|R3,948,0.5044458076027045
field|R3,949,0.4447538293967165
field|R3,950,0.46958596661135293
field|R3,951,0.5310566973854414
field|R3,952,0.5366256607645185
field|R3,953,0.4553853718789746
field|R3,954,0.46351407191319066
field|R3,955,0.5051107348538649
field|R3,956,0.5718551631459301
field|R3,957,0.4090014703264213
field|R3,958,0.4629235766629297
field|R3,959,0.4476052641910286
field|R3,960,0.5371385042728827
field|R3,961,0.5251002251766804
field|R3,962,0.4190774318880285
field|R3,963,0.4969017528103601
field|R3,964,0.4103510048712561
field|R3,965,0.4902160182996411
field|R3,966,0.4585989854739855
field|R3,967,0.5587700793597162
field|R3,968,0.4434746597004421
field|R3,969,0.41094010388500546
field|R3,970,0.5057952885514886
field|R3,971,0.5804576466889111
field|R3,972,0.514406321987715
field|R3,973,0.6123102057290393
field|R3,974,0.4702988484023615
field|R3,975,0.5544306674827529
field|R3,976,0.45433727247205813
field|R3,977,0.5881086760473725
field|R3,978,0.5047480744650557
field|R3,979,0.5628994802312514
field|R3,980,0.5969315617097667
field|R3,981,0.41562186799046197
field|R3,982,0.5291968497344705
field|R3,983,0.4962173098907516
field|R3,984,0.4601935692348701
field|R3,985,0.6316130901414924
field|R3,986,0.46839413356674353
field|R3,987,0.4381784866023681
field|R3,988,0.5166510944543188
field|R3,989,0.4633284117350098
field|R3,990,0.485773214765449
field|R3,991,0.5235124526040831
field|R3,992,0.4887104506899903
field|R3,993,0.4578004230349622
field|R3,994,0.49370141755794306
field|R3,995,0.5494790510069512
field|R3,996,0.4277188877783904
field|R3,997,0.4542016360137125
field|R3,998,0.47355796451895865
field|R3,999,0.4923741153678026
field|R3 minus voxel,0,0.4763478352227423
field|R3 minus voxel,1,0.5157251633507256
field|R3 minus voxel,2,0.48877672510905656
field|R3 minus voxel,3,0.4789785982108611
field|R3 minus voxel,4,0.4293756406687126
field|R3 minus voxel,5,0.5361722364790158
field|R3 minus voxel,6,0.5375404116033512
field|R3 minus voxel,7,0.4866415369270475
field|R3 minus voxel,8,0.512100006400812
field|R3 minus voxel,9,0.5198252994716761
field|R3 minus voxel,10,0.5789476653985772
field|R3 minus voxel,11,0.4918346501212584
field|R3 minus voxel,12,0.5573704995017729
field|R3 minus voxel,13,0.4465802657331858
field|R3 minus voxel,14,0.36015366709584196
field|R3 minus voxel,15,0.41312456920368373
field|R3 minus voxel,16,0.503178747553078
field|R3 minus voxel,17,0.46650424286422154
field|R3 minus voxel,18,0.5970786870334374
field|R3 minus voxel,19,0.45305190447342936
field|R3 minus voxel,20,0.5006018210535108
field|R3 minus voxel,21,0.45567510547762646
field|R3 minus voxel,22,0.42469676125756467
field|R3 minus voxel,23,0.5300908962132985
field|R3 minus voxel,24,0.556572872375924
field|R3 minus voxel,25,0.5089308024856806
field|R3 minus voxel,26,0.5072559415980469
field|R3 minus voxel,27,0.5812288074907206
field|R3 minus voxel,28,0.5574470578744486
field|R3 minus voxel,29,0.5831639643549719
field|R3 minus voxel,30,0.5128148983333934
field|R3 minus voxel,31,0.46517059406150957
field|R3 minus voxel,32,0.4935762557773427
field|R3 minus voxel,33,0.5036987880567454
field|R3 minus voxel,34,0.4951313296144123
field|R3 minus voxel,35,0.5034900198106805
field|R3 minus voxel,36,0.487089221514455
field|R3 minus voxel,37,0.5068709388407854
field|R3 minus voxel,38,0.49636325437773604
field|R3 minus voxel,39,0.5052311989357688
field|R3 minus voxel,40,0.5414128156753316
field|R3 minus voxel,41,0.4857171844914675
field|R3 minus voxel,42,0.42150302702619413
field|R3 minus voxel,43,0.5535151795401021
field|R3 minus voxel,44,0.5553852739204651
field|R3 minus voxel,45,0.36004179923547486
field|R3 minus voxel,46,0.4965365342712441
field|R3 minus voxel,47,0.5579414467841648
field|R3 minus voxel,48,0.4638764642733511
field|R3 minus voxel,49,0.5234818704887728
field|R3 minus voxel,50,0.3464981674289741
field|R3 minus voxel,51,0.520023787709118
field|R3 minus voxel,52,0.5682988117926117
field|R3 minus voxel,53,0.48314739440496923
field|R3 minus voxel,54,0.4603565257027231
field|R3 minus voxel,55,0.44437714635142617
field|R3 minus voxel,56,0.49644178876101763
field|R3 minus voxel,57,0.5058236127619804
field|R3 minus voxel,58,0.5056047495769309
field|R3 minus voxel,59,0.40905471092166995
field|R3 minus voxel,60,0.45016084248548766
field|R3 minus voxel,61,0.5354922248452837
field|R3 minus voxel,62,0.48540588575252447
field|R3 minus voxel,63,0.42574406126550574
field|R3 minus voxel,64,0.4680021135829245
field|R3 minus voxel,65,0.5953997962204192
field|R3 minus voxel,66,0.4885353093585314
field|R3 minus voxel,67,0.46383625661836125
field|R3 minus voxel,68,0.5048804345980816
field|R3 minus voxel,69,0.5564655726128245
field|R3 minus voxel,70,0.5884032604172489
field|R3 minus voxel,71,0.49415865721272156
field|R3 minus voxel,72,0.5228262221789657
field|R3 minus voxel,73,0.5163299002283822
field|R3 minus voxel,74,0.400742493276666
field|R3 minus voxel,75,0.5836473430836528
field|R3 minus voxel,76,0.5657710739552845
field|R3 minus voxel,77,0.47465001403864465
field|R3 minus voxel,78,0.3956029125046011
field|R3 minus voxel,79,0.4157062487524191
field|R3 minus voxel,80,0.4983955860661776
field|R3 minus voxel,81,0.46498687978687975
field|R3 minus voxel,82,0.45910251046462447
field|R3 minus voxel,83,0.4510484057712166
field|R3 minus voxel,84,0.46397740325934106
field|R3 minus voxel,85,0.40790435678413733
field|R3 minus voxel,86,0.4429430278001707
field|R3 minus voxel,87,0.500774201356689
field|R3 minus voxel,88,0.5036729211244759
field|R3 minus voxel,89,0.5224967590294992
field|R3 minus voxel,90,0.49098361180444094
field|R3 minus voxel,91,0.5155337390695567
field|R3 minus voxel,92,0.4423829259742127
field|R3 minus voxel,93,0.5629204622579236
field|R3 minus voxel,94,0.4045948424179987
field|R3 minus voxel,95,0.4268899394218223
field|R3 minus voxel,96,0.5417128562356117
field|R3 minus voxel,97,0.45969596981561667
field|R3 minus voxel,98,0.44483699811324245
field|R3 minus voxel,99,0.535122877642761
field|R3 minus voxel,100,0.49538801129335575
field|R3 minus voxel,101,0.5528493027598845
field|R3 minus voxel,102,0.440290989443461
field|R3 minus voxel,103,0.45546118122935814
field|R3 minus voxel,104,0.5762663162834787
field|R3 minus voxel,105,0.506679269274306
field|R3 minus voxel,106,0.5230015558115371
field|R3 minus voxel,107,0.4649626326651112
field|R3 minus voxel,108,0.5131876079888866
field|R3 minus voxel,109,0.4839896178674069
field|R3 minus voxel,110,0.4740788388279677
field|R3 minus voxel,111,0.4001230782406383
field|R3 minus voxel,112,0.4968659103659103
field|R3 minus voxel,113,0.5004689986467471
field|R3 minus voxel,114,0.5218109925057229
field|R3 minus voxel,115,0.42215327694462024
field|R3 minus voxel,116,0.49372475637292085
field|R3 minus voxel,117,0.43276620826306794
field|R3 minus voxel,118,0.5297665596024935
field|R3 minus voxel,119,0.4993994250691176
field|R3 minus voxel,120,0.5067925260157466
field|R3 minus voxel,121,0.49555729643760876
field|R3 minus voxel,122,0.48729774107240065
field|R3 minus voxel,123,0.4752454906917139
field|R3 minus voxel,124,0.4153997746223891
field|R3 minus voxel,125,0.5680583617426632
field|R3 minus voxel,126,0.3717501279620473
field|R3 minus voxel,127,0.5152782153449037
field|R3 minus voxel,128,0.5632456822791498
field|R3 minus voxel,129,0.4529525523058225
field|R3 minus voxel,130,0.5903037664830854
field|R3 minus voxel,131,0.5075186659599765
field|R3 minus voxel,132,0.5396442829323825
field|R3 minus voxel,133,0.46710382329718436
field|R3 minus voxel,134,0.5402953139717526
field|R3 minus voxel,135,0.441148255679302
field|R3 minus voxel,136,0.5223142886161216
field|R3 minus voxel,137,0.5059441254405316
field|R3 minus voxel,138,0.4650121702193827
field|R3 minus voxel,139,0.4325649999003981
field|R3 minus voxel,140,0.4391983807792171
field|R3 minus voxel,141,0.47034506817035115
field|R3 minus voxel,142,0.4573938475045646
field|R3 minus voxel,143,0.47822996872466883
field|R3 minus voxel,144,0.42502975997297876
field|R3 minus voxel,145,0.5339125807192886
field|R3 minus voxel,146,0.46780266975460905
field|R3 minus voxel,147,0.48725545177728824
field|R3 minus voxel,148,0.5701486106597256
field|R3 minus voxel,149,0.5044713271357262
field|R3 minus voxel,150,0.4295293340597546
field|R3 minus voxel,151,0.5364657384101725
field|R3 minus voxel,152,0.3917570225139805
field|R3 minus voxel,153,0.523347234611322
field|R3 minus voxel,154,0.5420894670751375
field|R3 minus voxel,155,0.5501011297057989
field|R3 minus voxel,156,0.5136443964564481
field|R3 minus voxel,157,0.5388114232755996
field|R3 minus voxel,158,0.4089115505724446
field|R3 minus voxel,159,0.4116350725865784
field|R3 minus voxel,160,0.48052281272413866
field|R3 minus voxel,161,0.49747653223091987
field|R3 minus voxel,162,0.5125261854154389
field|R3 minus voxel,163,0.5469841698729399
field|R3 minus voxel,164,0.45485665444563683
field|R3 minus voxel,165,0.4803477527758571
field|R3 minus voxel,166,0.4319929969752926
field|R3 minus voxel,167,0.4892570486100306
field|R3 minus voxel,168,0.49859939808470183
field|R3 minus voxel,169,0.4636891019468118
field|R3 minus voxel,170,0.5171013111063552
field|R3 minus voxel,171,0.5701910585792537
field|R3 minus voxel,172,0.5644025233543892
field|R3 minus voxel,173,0.497304946235436
field|R3 minus voxel,174,0.5362222222510236
field|R3 minus voxel,175,0.5625252841380244
field|R3 minus voxel,176,0.5799290476604462
field|R3 minus voxel,177,0.56015349800941
field|R3 minus voxel,178,0.5537384102123617
field|R3 minus voxel,179,0.4717622800721232
field|R3 minus voxel,180,0.44663077614275026
field|R3 minus voxel,181,0.5205018794781584
field|R3 minus voxel,182,0.451142403320968
field|R3 minus voxel,183,0.4379287765241598
field|R3 minus voxel,184,0.5836835384510041
field|R3 minus voxel,185,0.5564911707043366
field|R3 minus voxel,186,0.49506844590525745
field|R3 minus voxel,187,0.45487289663944885
field|R3 minus voxel,188,0.5446960511334786
field|R3 minus voxel,189,0.543016356134541
field|R3 minus voxel,190,0.566744016415249
field|R3 minus voxel,191,0.572206348195442
field|R3 minus voxel,192,0.4859183296351389
field|R3 minus voxel,193,0.4276234952823163
field|R3 minus voxel,194,0.5001836001584621
field|R3 minus voxel,195,0.4796944156329017
field|R3 minus voxel,196,0.4932474175440927
field|R3 minus voxel,197,0.47923731742147313
field|R3 minus voxel,198,0.593892533089791
field|R3 minus voxel,199,0.5768126071189634
field|R3 minus voxel,200,0.4294595980797082
field|R3 minus voxel,201,0.522862706643202
field|R3 minus voxel,202,0.4846328027088941
field|R3 minus voxel,203,0.4513009188789033
field|R3 minus voxel,204,0.585799649814333
field|R3 minus voxel,205,0.5206664330577374
field|R3 minus voxel,206,0.47927643498698025
field|R3 minus voxel,207,0.4805939762365294
field|R3 minus voxel,208,0.5630996894273625
field|R3 minus voxel,209,0.4260056062099594
field|R3 minus voxel,210,0.5943334834327743
field|R3 minus voxel,211,0.4615396134285283
field|R3 minus voxel,212,0.5767794136574171
field|R3 minus voxel,213,0.584502941768017
field|R3 minus voxel,214,0.519384396211845
field|R3 minus voxel,215,0.6210131390752336
field|R3 minus voxel,216,0.46230107678895405
field|R3 minus voxel,217,0.44996024405335266
field|R3 minus voxel,218,0.4721513890550046
field|R3 minus voxel,219,0.5118416719965863
field|R3 minus voxel,220,0.49182109674489716
field|R3 minus voxel,221,0.5300758632185689
field|R3 minus voxel,222,0.4455998470018878
field|R3 minus voxel,223,0.4375824233738898
field|R3 minus voxel,224,0.5006607829714413
field|R3 minus voxel,225,0.5538141337029414
field|R3 minus voxel,226,0.5226283904213446
field|R3 minus voxel,227,0.5740582788507562
field|R3 minus voxel,228,0.5416773775049247
field|R3 minus voxel,229,0.4311465219512125
field|R3 minus voxel,230,0.5224186916840663
field|R3 minus voxel,231,0.44221228018651465
field|R3 minus voxel,232,0.5029534993108686
field|R3 minus voxel,233,0.48071003165350346
field|R3 minus voxel,234,0.5174767351459729
field|R3 minus voxel,235,0.4247987834698181
field|R3 minus voxel,236,0.5190071683644218
field|R3 minus voxel,237,0.4408910864695154
field|R3 minus voxel,238,0.5377092148881234
field|R3 minus voxel,239,0.5071996230392414
field|R3 minus voxel,240,0.48546755206921793
field|R3 minus voxel,241,0.48648444026733506
field|R3 minus voxel,242,0.5485830900197012
field|R3 minus voxel,243,0.48805944539351653
field|R3 minus voxel,244,0.5635988527856604
field|R3 minus voxel,245,0.48175627492760464
field|R3 minus voxel,246,0.4850809473520791
field|R3 minus voxel,247,0.4544801674258796
field|R3 minus voxel,248,0.4702603543895433
field|R3 minus voxel,249,0.3276906110295139
field|R3 minus voxel,250,0.6049124055223126
field|R3 minus voxel,251,0.6151621594582976
field|R3 minus voxel,252,0.48577388865947907
field|R3 minus voxel,253,0.4549441012987887
field|R3 minus voxel,254,0.43833529117021514
field|R3 minus voxel,255,0.49063080745830023
field|R3 minus voxel,256,0.48026854837896427
field|R3 minus voxel,257,0.492093509556825
field|R3 minus voxel,258,0.4445357620106072
field|R3 minus voxel,259,0.4791522933550797
field|R3 minus voxel,260,0.5350706803484581
field|R3 minus voxel,261,0.4702245389377371
field|R3 minus voxel,262,0.5385336681121661
field|R3 minus voxel,263,0.506366430853609
field|R3 minus voxel,264,0.5094701509627657
field|R3 minus voxel,265,0.5579230370936253
field|R3 minus voxel,266,0.44623058045134273
field|R3 minus voxel,267,0.5195155377553502
field|R3 minus voxel,268,0.45737650058216095
field|R3 minus voxel,269,0.42531606127674204
field|R3 minus voxel,270,0.4629142669605473
field|R3 minus voxel,271,0.48443419938778776
field|R3 minus voxel,272,0.5557420093623838
field|R3 minus voxel,273,0.41409895973815836
field|R3 minus voxel,274,0.5645015023504882
field|R3 minus voxel,275,0.41745664118671344
field|R3 minus voxel,276,0.43816242293607754
field|R3 minus voxel,277,0.4885667537411328
field|R3 minus voxel,278,0.5881028769858039
field|R3 minus voxel,279,0.5568895918484262
field|R3 minus voxel,280,0.4747571523313999
field|R3 minus voxel,281,0.535557086918929
field|R3 minus voxel,282,0.4011092252447751
field|R3 minus voxel,283,0.33112354897667473
field|R3 minus voxel,284,0.5167848324514991
field|R3 minus voxel,285,0.38507277387853406
field|R3 minus voxel,286,0.4758504853724464
field|R3 minus voxel,287,0.5156822151641777
field|R3 minus voxel,288,0.593031878031878
field|R3 minus voxel,289,0.4333390272813573
field|R3 minus voxel,290,0.421287955766284
field|R3 minus voxel,291,0.5125958050486848
field|R3 minus voxel,292,0.5502865914035813
field|R3 minus voxel,293,0.492600897018219
field|R3 minus voxel,294,0.5359034227000861
field|R3 minus voxel,295,0.5566170271408171
field|R3 minus voxel,296,0.5833145467625707
field|R3 minus voxel,297,0.48699793254783447
field|R3 minus voxel,298,0.4817425296339867
field|R3 minus voxel,299,0.4458709404294273
field|R3 minus voxel,300,0.36988209638609887
field|R3 minus voxel,301,0.46303562820252686
field|R3 minus voxel,302,0.5458157045446861
field|R3 minus voxel,303,0.4243855422853908
field|R3 minus voxel,304,0.5171182960517073
field|R3 minus voxel,305,0.4932394723751531
field|R3 minus voxel,306,0.5901296556291941
field|R3 minus voxel,307,0.45800807474170213
field|R3 minus voxel,308,0.5633304312151777
field|R3 minus voxel,309,0.45418793938713053
field|R3 minus voxel,310,0.5236664406676393
field|R3 minus voxel,311,0.5058548282325657
field|R3 minus voxel,312,0.43937978491503743
field|R3 minus voxel,313,0.48066917681512245
field|R3 minus voxel,314,0.44037428628416714
field|R3 minus voxel,315,0.4316338192524857
field|R3 minus voxel,316,0.4702217054975676
field|R3 minus voxel,317,0.5179796671968957
field|R3 minus voxel,318,0.5608047430956329
field|R3 minus voxel,319,0.5006575755832307
field|R3 minus voxel,320,0.4977804165818944
field|R3 minus voxel,321,0.5230916777108177
field|R3 minus voxel,322,0.44852069115361975
field|R3 minus voxel,323,0.49945705209514424
field|R3 minus voxel,324,0.44024050672454546
field|R3 minus voxel,325,0.5683772662792796
field|R3 minus voxel,326,0.4830093494761134
field|R3 minus voxel,327,0.5197012842454984
field|R3 minus voxel,328,0.41907942309701374
field|R3 minus voxel,329,0.5021617022545942
field|R3 minus voxel,330,0.4536759274014176
field|R3 minus voxel,331,0.4185610175528569
field|R3 minus voxel,332,0.4917449005620361
field|R3 minus voxel,333,0.463297229754409
field|R3 minus voxel,334,0.4527933569056038
field|R3 minus voxel,335,0.5024607071910986
field|R3 minus voxel,336,0.48285578975378707
field|R3 minus voxel,337,0.5536241996798721
field|R3 minus voxel,338,0.5253904791551851
field|R3 minus voxel,339,0.4725480641872009
field|R3 minus voxel,340,0.5855537464200069
field|R3 minus voxel,341,0.4523034705629166
field|R3 minus voxel,342,0.5353903151382293
field|R3 minus voxel,343,0.5358740209061575
field|R3 minus voxel,344,0.5140017384032282
field|R3 minus voxel,345,0.47624366780452415
field|R3 minus voxel,346,0.4640857140970466
field|R3 minus voxel,347,0.6270340625933143
field|R3 minus voxel,348,0.537344050922756
field|R3 minus voxel,349,0.5504091132057265
field|R3 minus voxel,350,0.5420821423305051
field|R3 minus voxel,351,0.5111266986701712
field|R3 minus voxel,352,0.5382399615185408
field|R3 minus voxel,353,0.565610119930364
field|R3 minus voxel,354,0.5845066469280663
field|R3 minus voxel,355,0.5127772084573393
field|R3 minus voxel,356,0.5455348814500501
field|R3 minus voxel,357,0.44190086028962117
field|R3 minus voxel,358,0.5788884840692352
field|R3 minus voxel,359,0.47604431998196206
field|R3 minus voxel,360,0.5941367561925943
field|R3 minus voxel,361,0.5285154635242458
field|R3 minus voxel,362,0.49223195997959585
field|R3 minus voxel,363,0.4169232242512563
field|R3 minus voxel,364,0.5095965116895174
field|R3 minus voxel,365,0.5063011220529618
field|R3 minus voxel,366,0.5122555691165517
field|R3 minus voxel,367,0.44525451058796917
field|R3 minus voxel,368,0.4619159506565104
field|R3 minus voxel,369,0.46720263550889723
field|R3 minus voxel,370,0.5088923328951079
field|R3 minus voxel,371,0.5489798790497087
field|R3 minus voxel,372,0.46020399024172604
field|R3 minus voxel,373,0.4852301139715675
field|R3 minus voxel,374,0.38062789755467874
field|R3 minus voxel,375,0.5908404075452374
field|R3 minus voxel,376,0.5366401324226212
field|R3 minus voxel,377,0.5322079945982836
field|R3 minus voxel,378,0.5882597690953021
field|R3 minus voxel,379,0.6286219122985053
field|R3 minus voxel,380,0.6050092458983274
field|R3 minus voxel,381,0.49612329145911793
field|R3 minus voxel,382,0.5429161251586789
field|R3 minus voxel,383,0.5660979117955862
field|R3 minus voxel,384,0.3796474655263523
field|R3 minus voxel,385,0.4331256752926966
field|R3 minus voxel,386,0.5507348564907231
field|R3 minus voxel,387,0.49845645303909025
field|R3 minus voxel,388,0.5138163151210475
field|R3 minus voxel,389,0.4572710031187158
field|R3 minus voxel,390,0.4135334133702561
field|R3 minus voxel,391,0.4896942493295784
field|R3 minus voxel,392,0.5238691843897171
field|R3 minus voxel,393,0.46536343805211733
field|R3 minus voxel,394,0.5601824044697232
field|R3 minus voxel,395,0.5789329400734216
field|R3 minus voxel,396,0.44448038379333943
field|R3 minus voxel,397,0.5241380034435605
field|R3 minus voxel,398,0.4673324770596352
field|R3 minus voxel,399,0.41936431076974684
field|R3 minus voxel,400,0.5241988968593777
field|R3 minus voxel,401,0.5984874014286433
field|R3 minus voxel,402,0.49104760777064066
field|R3 minus voxel,403,0.4573505372884149
field|R3 minus voxel,404,0.4230886855014231
field|R3 minus voxel,405,0.5387390213011036
field|R3 minus voxel,406,0.48095995077612724
field|R3 minus voxel,407,0.4848627678912548
field|R3 minus voxel,408,0.4512123978103643
field|R3 minus voxel,409,0.5252892520368502
field|R3 minus voxel,410,0.5654203352475435
field|R3 minus voxel,411,0.4647701369874541
field|R3 minus voxel,412,0.47555827822138264
field|R3 minus voxel,413,0.5383996741794361
field|R3 minus voxel,414,0.5668771066137146
field|R3 minus voxel,415,0.5690395776682217
field|R3 minus voxel,416,0.5137272577055242
field|R3 minus voxel,417,0.49872307310954184
field|R3 minus voxel,418,0.5291544337123153
field|R3 minus voxel,419,0.46545771378380074
field|R3 minus voxel,420,0.4607705952608744
field|R3 minus voxel,421,0.3937503672613857
field|R3 minus voxel,422,0.5184879822231222
field|R3 minus voxel,423,0.5053583632282052
field|R3 minus voxel,424,0.5246122740896734
field|R3 minus voxel,425,0.5500823350133346
field|R3 minus voxel,426,0.5652835565061906
field|R3 minus voxel,427,0.6145767979987492
field|R3 minus voxel,428,0.5582259843401147
field|R3 minus voxel,429,0.5514793650856957
field|R3 minus voxel,430,0.5334158906094506
field|R3 minus voxel,431,0.36352525659774154
field|R3 minus voxel,432,0.4978768673544888
field|R3 minus voxel,433,0.48478023712369184
field|R3 minus voxel,434,0.4881548602643854
field|R3 minus voxel,435,0.4700321389801726
field|R3 minus voxel,436,0.5257386574777879
field|R3 minus voxel,437,0.5418103886853887
field|R3 minus voxel,438,0.42406227466067287
field|R3 minus voxel,439,0.529211819556408
field|R3 minus voxel,440,0.5857399813095038
field|R3 minus voxel,441,0.4702378269842519
field|R3 minus voxel,442,0.49892079806865175
field|R3 minus voxel,443,0.5916348868965813
field|R3 minus voxel,444,0.40660386601625403
field|R3 minus voxel,445,0.45657298194329277
field|R3 minus voxel,446,0.5344895915408632
field|R3 minus voxel,447,0.5875929634027088
field|R3 minus voxel,448,0.45037610369586406
field|R3 minus voxel,449,0.47788556417859596
field|R3 minus voxel,450,0.5573334124555689
field|R3 minus voxel,451,0.5175173270402984
field|R3 minus voxel,452,0.5636251488666992
field|R3 minus voxel,453,0.5130515023353887
field|R3 minus voxel,454,0.5363601559934654
field|R3 minus voxel,455,0.4273009447349524
field|R3 minus voxel,456,0.4392694347024134
field|R3 minus voxel,457,0.4804983126902969
field|R3 minus voxel,458,0.48308430612491315
field|R3 minus voxel,459,0.4571106832958777
field|R3 minus voxel,460,0.4991744935820921
field|R3 minus voxel,461,0.5565403636170909
field|R3 minus voxel,462,0.43976625496534305
field|R3 minus voxel,463,0.47833223428140254
field|R3 minus voxel,464,0.5289632252747616
field|R3 minus voxel,465,0.4827872746741795
field|R3 minus voxel,466,0.4839932459020574
field|R3 minus voxel,467,0.5335577972333707
field|R3 minus voxel,468,0.5510813096735191
field|R3 minus voxel,469,0.5375632530821648
field|R3 minus voxel,470,0.5500046149854173
field|R3 minus voxel,471,0.5276450787517092
field|R3 minus voxel,472,0.40404713572081236
field|R3 minus voxel,473,0.5534781479080768
field|R3 minus voxel,474,0.4892944136474712
field|R3 minus voxel,475,0.5574958156467591
field|R3 minus voxel,476,0.37304315755313294
field|R3 minus voxel,477,0.4828431500930456
field|R3 minus voxel,478,0.45909244011641537
field|R3 minus voxel,479,0.5512707351450417
field|R3 minus voxel,480,0.4866993656124155
field|R3 minus voxel,481,0.5028038012432567
field|R3 minus voxel,482,0.41013469693870624
field|R3 minus voxel,483,0.4980412450546769
field|R3 minus voxel,484,0.5352019901098232
field|R3 minus voxel,485,0.5684928505237625
field|R3 minus voxel,486,0.5329563585171947
field|R3 minus voxel,487,0.5058028121746501
field|R3 minus voxel,488,0.46865645418899515
field|R3 minus voxel,489,0.4131204855798886
field|R3 minus voxel,490,0.5169453115421372
field|R3 minus voxel,491,0.5097429777258744
field|R3 minus voxel,492,0.5036991156211161
field|R3 minus voxel,493,0.533700814656118
field|R3 minus voxel,494,0.4802371503526451
field|R3 minus voxel,495,0.4278035824747066
field|R3 minus voxel,496,0.432834796703432
field|R3 minus voxel,497,0.48543801554107124
field|R3 minus voxel,498,0.5322990453070962
field|R3 minus voxel,499,0.5270073011607017
field|R3 minus voxel,500,0.47001041683431327
field|R3 minus voxel,501,0.49763787961337147
field|R3 minus voxel,502,0.44874467817358904
field|R3 minus voxel,503,0.5674491530873612
field|R3 minus voxel,504,0.6300623214253853
field|R3 minus voxel,505,0.48013563854319763
field|R3 minus voxel,506,0.4798623018803351
field|R3 minus voxel,507,0.4743198462108684
field|R3 minus voxel,508,0.39745545057000525
field|R3 minus voxel,509,0.5875799466619321
field|R3 minus voxel,510,0.38546705137022486
field|R3 minus voxel,511,0.5149313067535847
field|R3 minus voxel,512,0.4836759313517625
field|R3 minus voxel,513,0.6026271797797609
field|R3 minus voxel,514,0.36085182044957576
field|R3 minus voxel,515,0.5179876521086314
field|R3 minus voxel,516,0.4646875750383918
field|R3 minus voxel,517,0.43436301614933537
field|R3 minus voxel,518,0.4650103975298688
field|R3 minus voxel,519,0.53006041304153
field|R3 minus voxel,520,0.43548790756661215
field|R3 minus voxel,521,0.46217996714420206
field|R3 minus voxel,522,0.48884446210427557
field|R3 minus voxel,523,0.5827802252906316
field|R3 minus voxel,524,0.49050519758538635
field|R3 minus voxel,525,0.5202986035770774
field|R3 minus voxel,526,0.6022511845297371
field|R3 minus voxel,527,0.5474605116139426
field|R3 minus voxel,528,0.44508916306345936
field|R3 minus voxel,529,0.5805358406540571
field|R3 minus voxel,530,0.3964180246363221
field|R3 minus voxel,531,0.5171809304313706
field|R3 minus voxel,532,0.5255862311594945
field|R3 minus voxel,533,0.47086613811485023
field|R3 minus voxel,534,0.5178210014294248
field|R3 minus voxel,535,0.5066397636575145
field|R3 minus voxel,536,0.48145407990354794
field|R3 minus voxel,537,0.5790802639060701
field|R3 minus voxel,538,0.5622094459571633
field|R3 minus voxel,539,0.5545488410959316
field|R3 minus voxel,540,0.5701415106916227
field|R3 minus voxel,541,0.639796633917995
field|R3 minus voxel,542,0.4245708333828369
field|R3 minus voxel,543,0.5580124810127449
field|R3 minus voxel,544,0.4526199156734324
field|R3 minus voxel,545,0.5115584313550217
field|R3 minus voxel,546,0.5663849336204746
field|R3 minus voxel,547,0.5116194455884026
field|R3 minus voxel,548,0.5517066275669468
field|R3 minus voxel,549,0.5017143995948686
field|R3 minus voxel,550,0.4081312513385346
field|R3 minus voxel,551,0.4156665361642141
field|R3 minus voxel,552,0.5784147420954263
field|R3 minus voxel,553,0.4640297864260311
field|R3 minus voxel,554,0.5164987427578225
field|R3 minus voxel,555,0.5003417381495188
field|R3 minus voxel,556,0.47480403729125803
field|R3 minus voxel,557,0.5130938583833322
field|R3 minus voxel,558,0.60940713094038
field|R3 minus voxel,559,0.5111079900156852
field|R3 minus voxel,560,0.47854172461525407
field|R3 minus voxel,561,0.44519135715821817
field|R3 minus voxel,562,0.5734052683601388
field|R3 minus voxel,563,0.4912683447484227
field|R3 minus voxel,564,0.4569762354626998
field|R3 minus voxel,565,0.4581059354410101
field|R3 minus voxel,566,0.5529174151192641
field|R3 minus voxel,567,0.5413839839588942
field|R3 minus voxel,568,0.5906806491237571
field|R3 minus voxel,569,0.4422109553848685
field|R3 minus voxel,570,0.45982565776314016
field|R3 minus voxel,571,0.5363555827137244
field|R3 minus voxel,572,0.5150850374019589
field|R3 minus voxel,573,0.4621108224163983
field|R3 minus voxel,574,0.4855273678203121
field|R3 minus voxel,575,0.47302268309733053
field|R3 minus voxel,576,0.4773992454056787
field|R3 minus voxel,577,0.49594618856434797
field|R3 minus voxel,578,0.4365853496985075
field|R3 minus voxel,579,0.5015485493427304
field|R3 minus voxel,580,0.41640536267138434
field|R3 minus voxel,581,0.5173212541210274
field|R3 minus voxel,582,0.3856925390559752
field|R3 minus voxel,583,0.539634601397782
field|R3 minus voxel,584,0.4566536807147751
field|R3 minus voxel,585,0.5101452291230965
field|R3 minus voxel,586,0.46435390045471037
field|R3 minus voxel,587,0.4675204415100426
field|R3 minus voxel,588,0.3684372763920383
field|R3 minus voxel,589,0.3944510887165874
field|R3 minus voxel,590,0.5673969598424073
field|R3 minus voxel,591,0.43217042545505446
field|R3 minus voxel,592,0.4843935161784011
field|R3 minus voxel,593,0.5932117043835602
field|R3 minus voxel,594,0.5995287775924784
field|R3 minus voxel,595,0.6543684489519819
field|R3 minus voxel,596,0.5919044286417929
field|R3 minus voxel,597,0.5300822220070017
field|R3 minus voxel,598,0.5485116850221714
field|R3 minus voxel,599,0.5291575525591388
field|R3 minus voxel,600,0.5760773583338907
field|R3 minus voxel,601,0.4668533304185244
field|R3 minus voxel,602,0.556756692287164
field|R3 minus voxel,603,0.4904011907726673
field|R3 minus voxel,604,0.575992771848035
field|R3 minus voxel,605,0.5415918799593139
field|R3 minus voxel,606,0.4848602323071477
field|R3 minus voxel,607,0.5436406989284305
field|R3 minus voxel,608,0.514039232181406
field|R3 minus voxel,609,0.5171302259882762
field|R3 minus voxel,610,0.5099176646850412
field|R3 minus voxel,611,0.43083239486654945
field|R3 minus voxel,612,0.5981445932827258
field|R3 minus voxel,613,0.5939360474016084
field|R3 minus voxel,614,0.6233315751083929
field|R3 minus voxel,615,0.5342899936484311
field|R3 minus voxel,616,0.5399448088015528
field|R3 minus voxel,617,0.5065283146171932
field|R3 minus voxel,618,0.43793758296220986
field|R3 minus voxel,619,0.4752852065546117
field|R3 minus voxel,620,0.5360687897328175
field|R3 minus voxel,621,0.574448345654333
field|R3 minus voxel,622,0.5641599451707424
field|R3 minus voxel,623,0.5190679866923118
field|R3 minus voxel,624,0.5612984970749894
field|R3 minus voxel,625,0.3782497113159134
field|R3 minus voxel,626,0.5130389987278628
field|R3 minus voxel,627,0.5526404777806558
field|R3 minus voxel,628,0.5391572642120488
field|R3 minus voxel,629,0.395984632594113
field|R3 minus voxel,630,0.5317016239821859
field|R3 minus voxel,631,0.49289036001901493
field|R3 minus voxel,632,0.5001403488963492
field|R3 minus voxel,633,0.44948976371771676
field|R3 minus voxel,634,0.49589401731935956
field|R3 minus voxel,635,0.4773991961698851
field|R3 minus voxel,636,0.5456080488139311
field|R3 minus voxel,637,0.4234019681237321
field|R3 minus voxel,638,0.5676485572621645
field|R3 minus voxel,639,0.4835554649379931
field|R3 minus voxel,640,0.4321596457425551
field|R3 minus voxel,641,0.427152614094474
field|R3 minus voxel,642,0.5446452404965398
field|R3 minus voxel,643,0.49452758015752163
field|R3 minus voxel,644,0.4388251452585714
field|R3 minus voxel,645,0.5129615589015589
field|R3 minus voxel,646,0.5035429255586167
field|R3 minus voxel,647,0.48306212848229546
field|R3 minus voxel,648,0.3325754969630954
field|R3 minus voxel,649,0.5202879241293583
field|R3 minus voxel,650,0.5840764036517525
field|R3 minus voxel,651,0.37582234463516484
field|R3 minus voxel,652,0.44596024315692073
field|R3 minus voxel,653,0.48024932979237134
field|R3 minus voxel,654,0.5599975890125417
field|R3 minus voxel,655,0.44460471655963457
field|R3 minus voxel,656,0.5257862436265033
field|R3 minus voxel,657,0.47248222586681293
field|R3 minus voxel,658,0.5139404887562042
field|R3 minus voxel,659,0.46141771949930444
field|R3 minus voxel,660,0.4521991918877918
field|R3 minus voxel,661,0.5088549879198816
field|R3 minus voxel,662,0.43074990701638527
field|R3 minus voxel,663,0.5771397538473131
field|R3 minus voxel,664,0.5045448947129697
field|R3 minus voxel,665,0.42776561653096745
field|R3 minus voxel,666,0.4787670733011823
field|R3 minus voxel,667,0.5231707190326176
field|R3 minus voxel,668,0.4454171499764694
field|R3 minus voxel,669,0.4078523173619738
field|R3 minus voxel,670,0.5052879913781105
field|R3 minus voxel,671,0.5677188631147383
field|R3 minus voxel,672,0.4594026681359188
field|R3 minus voxel,673,0.5133625555196228
field|R3 minus voxel,674,0.43483526777003173
field|R3 minus voxel,675,0.46086060868044043
field|R3 minus voxel,676,0.483680855546395
field|R3 minus voxel,677,0.47768789128074846
field|R3 minus voxel,678,0.46091199277718226
field|R3 minus voxel,679,0.5093353729491591
field|R3 minus voxel,680,0.5012009203978426
field|R3 minus voxel,681,0.5288438536674549
field|R3 minus voxel,682,0.5083361973653521
field|R3 minus voxel,683,0.6062165721559023
field|R3 minus voxel,684,0.5429899173347803
field|R3 minus voxel,685,0.46150508604856766
field|R3 minus voxel,686,0.540159294669073
field|R3 minus voxel,687,0.4528274974171726
field|R3 minus voxel,688,0.5130370775831817
field|R3 minus voxel,689,0.4412294067415393
field|R3 minus voxel,690,0.4568472460976231
field|R3 minus voxel,691,0.48537386364584156
field|R3 minus voxel,692,0.5059216209415396
field|R3 minus voxel,693,0.5623451657836177
field|R3 minus voxel,694,0.4905157807889684
field|R3 minus voxel,695,0.486519985043262
field|R3 minus voxel,696,0.6075991989199536
field|R3 minus voxel,697,0.5412682704617391
field|R3 minus voxel,698,0.4927489459478359
field|R3 minus voxel,699,0.5395462342311587
field|R3 minus voxel,700,0.5057030084186893
field|R3 minus voxel,701,0.4405267354436152
field|R3 minus voxel,702,0.5046624898700809
field|R3 minus voxel,703,0.43923801613017754
field|R3 minus voxel,704,0.42193302973520996
field|R3 minus voxel,705,0.6495246624192346
field|R3 minus voxel,706,0.5492072253185056
field|R3 minus voxel,707,0.531857190957191
field|R3 minus voxel,708,0.5693293168370406
field|R3 minus voxel,709,0.46143101192833924
field|R3 minus voxel,710,0.4986567044149302
field|R3 minus voxel,711,0.5284724256078158
field|R3 minus voxel,712,0.47399743616598367
field|R3 minus voxel,713,0.4214335353910449
field|R3 minus voxel,714,0.45727410969569704
field|R3 minus voxel,715,0.5625308562335072
field|R3 minus voxel,716,0.3958333406846565
field|R3 minus voxel,717,0.5213508889909264
field|R3 minus voxel,718,0.5590762965828142
field|R3 minus voxel,719,0.44910073322561744
field|R3 minus voxel,720,0.4620134322869168
field|R3 minus voxel,721,0.6003920556089526
field|R3 minus voxel,722,0.4939685239867673
field|R3 minus voxel,723,0.5388161966427633
field|R3 minus voxel,724,0.5500656696690052
field|R3 minus voxel,725,0.5109503324176202
field|R3 minus voxel,726,0.43503583093684206
field|R3 minus voxel,727,0.5434281733820434
field|R3 minus voxel,728,0.6136237834253209
field|R3 minus voxel,729,0.49691062330840285
field|R3 minus voxel,730,0.4030882101322045
field|R3 minus voxel,731,0.49097034995261535
field|R3 minus voxel,732,0.5492132858820478
field|R3 minus voxel,733,0.4781363921377503
field|R3 minus voxel,734,0.48809462436847595
field|R3 minus voxel,735,0.4910827019154545
field|R3 minus voxel,736,0.5532850325008312
field|R3 minus voxel,737,0.4003742824873694
field|R3 minus voxel,738,0.5299609412155512
field|R3 minus voxel,739,0.42697547237073474
field|R3 minus voxel,740,0.5278925648070455
field|R3 minus voxel,741,0.41299744018057316
field|R3 minus voxel,742,0.5327973500459148
field|R3 minus voxel,743,0.5486194908691402
field|R3 minus voxel,744,0.5208221506528339
field|R3 minus voxel,745,0.4451789534703365
field|R3 minus voxel,746,0.5025595207728901
field|R3 minus voxel,747,0.5030749156091952
field|R3 minus voxel,748,0.5287192246517041
field|R3 minus voxel,749,0.4948440285409098
field|R3 minus voxel,750,0.41498344099240175
field|R3 minus voxel,751,0.37069410548792064
field|R3 minus voxel,752,0.53694680548965
field|R3 minus voxel,753,0.5170465983717112
field|R3 minus voxel,754,0.4954225279727463
field|R3 minus voxel,755,0.45593695069081797
field|R3 minus voxel,756,0.5499471233615398
field|R3 minus voxel,757,0.580642868029315
field|R3 minus voxel,758,0.4146193356869725
field|R3 minus voxel,759,0.5162830730525684
field|R3 minus voxel,760,0.5001736111452493
field|R3 minus voxel,761,0.4737030226741542
field|R3 minus voxel,762,0.5223670654440371
field|R3 minus voxel,763,0.5513927333993438
field|R3 minus voxel,764,0.511758235743599
field|R3 minus voxel,765,0.5362291688247836
field|R3 minus voxel,766,0.4852394469182465
field|R3 minus voxel,767,0.41861763629324605
field|R3 minus voxel,768,0.3475174197182129
field|R3 minus voxel,769,0.4701474225686053
field|R3 minus voxel,770,0.39739526883642856
field|R3 minus voxel,771,0.42226341322935745
field|R3 minus voxel,772,0.49757398804673797
field|R3 minus voxel,773,0.45443211950640466
field|R3 minus voxel,774,0.5854909107811133
field|R3 minus voxel,775,0.5166706045349383
field|R3 minus voxel,776,0.42900405830867516
field|R3 minus voxel,777,0.5722130725958181
field|R3 minus voxel,778,0.49795901657885117
field|R3 minus voxel,779,0.516539993431094
field|R3 minus voxel,780,0.5210941457378462
field|R3 minus voxel,781,0.4562846193188224
field|R3 minus voxel,782,0.46889860576369957
field|R3 minus voxel,783,0.4509349020326788
field|R3 minus voxel,784,0.565731823807741
field|R3 minus voxel,785,0.5045856690538468
field|R3 minus voxel,786,0.36540632801952416
field|R3 minus voxel,787,0.4803573281421942
field|R3 minus voxel,788,0.5736095484842328
field|R3 minus voxel,789,0.5316395914231583
field|R3 minus voxel,790,0.45245636055531235
field|R3 minus voxel,791,0.46824235297501493
field|R3 minus voxel,792,0.5462629518562625
field|R3 minus voxel,793,0.43822298574638696
field|R3 minus voxel,794,0.5678672494879173
field|R3 minus voxel,795,0.37408581226555243
field|R3 minus voxel,796,0.5493606080529162
field|R3 minus voxel,797,0.48791944746739946
field|R3 minus voxel,798,0.5171513531598231
field|R3 minus voxel,799,0.6313098963718662
field|R3 minus voxel,800,0.4903093869298578
field|R3 minus voxel,801,0.5608994568971755
field|R3 minus voxel,802,0.553567484453787
field|R3 minus voxel,803,0.5110929157045986
field|R3 minus voxel,804,0.39552683262887545
field|R3 minus voxel,805,0.499808106094909
field|R3 minus voxel,806,0.5300635794913641
field|R3 minus voxel,807,0.5450028789653552
field|R3 minus voxel,808,0.43945899045688963
field|R3 minus voxel,809,0.5927459982885577
field|R3 minus voxel,810,0.45677087564902097
field|R3 minus voxel,811,0.559048447757023
field|R3 minus voxel,812,0.5480407404484473
field|R3 minus voxel,813,0.5989044523132708
field|R3 minus voxel,814,0.5158927627668932
field|R3 minus voxel,815,0.435642912110408
field|R3 minus voxel,816,0.5206065514465046
field|R3 minus voxel,817,0.5891702327260788
field|R3 minus voxel,818,0.5037082078677824
field|R3 minus voxel,819,0.46039614543703494
field|R3 minus voxel,820,0.4088218265147333
field|R3 minus voxel,821,0.5172208199345109
field|R3 minus voxel,822,0.47365223505885484
field|R3 minus voxel,823,0.4306243560919355
field|R3 minus voxel,824,0.5024679246683299
field|R3 minus voxel,825,0.49766573965993943
field|R3 minus voxel,826,0.38756897029842047
field|R3 minus voxel,827,0.43430905248499513
field|R3 minus voxel,828,0.5190917923652131
field|R3 minus voxel,829,0.5168646180354401
field|R3 minus voxel,830,0.4287238975058603
field|R3 minus voxel,831,0.47753695517436673
field|R3 minus voxel,832,0.4183226132342349
field|R3 minus voxel,833,0.5931012538881465
field|R3 minus voxel,834,0.4551416404493914
field|R3 minus voxel,835,0.35691913928131946
field|R3 minus voxel,836,0.5029904636019864
field|R3 minus voxel,837,0.6204737804329
field|R3 minus voxel,838,0.5429291039954689
field|R3 minus voxel,839,0.4747753796168376
field|R3 minus voxel,840,0.5216803210776847
field|R3 minus voxel,841,0.569094599605662
field|R3 minus voxel,842,0.4942990790631979
field|R3 minus voxel,843,0.553945788832142
field|R3 minus voxel,844,0.5394128479732572
field|R3 minus voxel,845,0.43637356675065764
field|R3 minus voxel,846,0.5697116177034542
field|R3 minus voxel,847,0.5223849835944095
field|R3 minus voxel,848,0.6090385358329609
field|R3 minus voxel,849,0.4903467276034056
field|R3 minus voxel,850,0.5983225171104334
field|R3 minus voxel,851,0.46359085379411447
field|R3 minus voxel,852,0.4432581498286522
field|R3 minus voxel,853,0.3938243882812621
field|R3 minus voxel,854,0.47740253078612505
field|R3 minus voxel,855,0.44446132457642057
field|R3 minus voxel,856,0.5087263927895698
field|R3 minus voxel,857,0.5876274256691036
field|R3 minus voxel,858,0.5520321013946247
field|R3 minus voxel,859,0.4971805943472301
field|R3 minus voxel,860,0.5166857667656884
field|R3 minus voxel,861,0.5211251354913108
field|R3 minus voxel,862,0.547157190728
field|R3 minus voxel,863,0.5111201444579777
field|R3 minus voxel,864,0.5970712395956003
field|R3 minus voxel,865,0.5349066659249444
field|R3 minus voxel,866,0.46704127251158356
field|R3 minus voxel,867,0.5158530388190831
field|R3 minus voxel,868,0.46584988611875844
field|R3 minus voxel,869,0.4705908793859
field|R3 minus voxel,870,0.4162715548181441
field|R3 minus voxel,871,0.4753396849897017
field|R3 minus voxel,872,0.5326910900776525
field|R3 minus voxel,873,0.42596066662075804
field|R3 minus voxel,874,0.36496381807492917
field|R3 minus voxel,875,0.5060085591253298
field|R3 minus voxel,876,0.5045311083546377
field|R3 minus voxel,877,0.5760678356583312
field|R3 minus voxel,878,0.45317776779347607
field|R3 minus voxel,879,0.4484750051900603
field|R3 minus voxel,880,0.5147246489646254
field|R3 minus voxel,881,0.4437758272230258
field|R3 minus voxel,882,0.47212512837934756
field|R3 minus voxel,883,0.4222598322306942
field|R3 minus voxel,884,0.4553470525088673
field|R3 minus voxel,885,0.47140112082976104
field|R3 minus voxel,886,0.5251211294133672
field|R3 minus voxel,887,0.4978316607818334
field|R3 minus voxel,888,0.5070825352125226
field|R3 minus voxel,889,0.5060496079494616
field|R3 minus voxel,890,0.5308562596853714
field|R3 minus voxel,891,0.5460775524251134
field|R3 minus voxel,892,0.4156840003721423
field|R3 minus voxel,893,0.4910303190486117
field|R3 minus voxel,894,0.40944702149361206
field|R3 minus voxel,895,0.42744443795056675
field|R3 minus voxel,896,0.5438954675244521
field|R3 minus voxel,897,0.5160708000761637
field|R3 minus voxel,898,0.42182774669169476
field|R3 minus voxel,899,0.4617507862392093
field|R3 minus voxel,900,0.445562531906657
field|R3 minus voxel,901,0.5872802622922648
field|R3 minus voxel,902,0.5421332137408456
field|R3 minus voxel,903,0.5292627387841738
field|R3 minus voxel,904,0.5154232959867018
field|R3 minus voxel,905,0.4971819571052105
field|R3 minus voxel,906,0.4727813056021808
field|R3 minus voxel,907,0.44064142040820775
field|R3 minus voxel,908,0.5365332580024116
field|R3 minus voxel,909,0.49026045319400346
field|R3 minus voxel,910,0.5527559783626776
field|R3 minus voxel,911,0.6008676769145355
field|R3 minus voxel,912,0.4804821156363051
field|R3 minus voxel,913,0.5019840949633492
field|R3 minus voxel,914,0.5254549689539992
field|R3 minus voxel,915,0.48954366415253386
field|R3 minus voxel,916,0.48103004208053524
field|R3 minus voxel,917,0.3539062890415237
field|R3 minus voxel,918,0.5164894894635461
field|R3 minus voxel,919,0.522800162538722
field|R3 minus voxel,920,0.46375465389109716
field|R3 minus voxel,921,0.5922089726960963
field|R3 minus voxel,922,0.5103311909440958
field|R3 minus voxel,923,0.4732024535324809
field|R3 minus voxel,924,0.5216199032507394
field|R3 minus voxel,925,0.4799112304279312
field|R3 minus voxel,926,0.5606081284157705
field|R3 minus voxel,927,0.4604069370520326
field|R3 minus voxel,928,0.5158600187372434
field|R3 minus voxel,929,0.5010799330752056
field|R3 minus voxel,930,0.5470467252319351
field|R3 minus voxel,931,0.4825330753399949
field|R3 minus voxel,932,0.47956962028530653
field|R3 minus voxel,933,0.48932558726717235
field|R3 minus voxel,934,0.4642003417346846
field|R3 minus voxel,935,0.47303267436629703
field|R3 minus voxel,936,0.4891525164642355
field|R3 minus voxel,937,0.4271017059216913
field|R3 minus voxel,938,0.4921756242616319
field|R3 minus voxel,939,0.5541092878459571
field|R3 minus voxel,940,0.512896771764313
field|R3 minus voxel,941,0.44597989513956227
field|R3 minus voxel,942,0.5666356123414946
field|R3 minus voxel,943,0.5405612518257915
field|R3 minus voxel,944,0.5400159764860109
field|R3 minus voxel,945,0.5271590950208331
field|R3 minus voxel,946,0.47153270969226685
field|R3 minus voxel,947,0.5577686485601535
field|R3 minus voxel,948,0.4969012387205153
field|R3 minus voxel,949,0.4552114752556159
field|R3 minus voxel,950,0.4738737546033919
field|R3 minus voxel,951,0.5089394239517446
field|R3 minus voxel,952,0.5259948343307805
field|R3 minus voxel,953,0.43173507820220197
field|R3 minus voxel,954,0.47993766996194315
field|R3 minus voxel,955,0.5119320420003902
field|R3 minus voxel,956,0.570003429392541
field|R3 minus voxel,957,0.3923632851084347
field|R3 minus voxel,958,0.4632713015944822
field|R3 minus voxel,959,0.4442120018191503
field|R3 minus voxel,960,0.5493323134498946
field|R3 minus voxel,961,0.5013482278573667
field|R3 minus voxel,962,0.41462134726058963
field|R3 minus voxel,963,0.4823446275744798
field|R3 minus voxel,964,0.428934309875749
field|R3 minus voxel,965,0.4947527777003069
field|R3 minus voxel,966,0.4549373757688976
field|R3 minus voxel,967,0.5848437406174136
field|R3 minus voxel,968,0.4409254562205521
field|R3 minus voxel,969,0.4247460476601825
field|R3 minus voxel,970,0.4777851548971399
field|R3 minus voxel,971,0.5997087144138533
field|R3 minus voxel,972,0.5251414981249837
field|R3 minus voxel,973,0.6019947016038555
field|R3 minus voxel,974,0.49181786388133136
field|R3 minus voxel,975,0.5810223832059404
field|R3 minus voxel,976,0.4633326047288879
field|R3 minus voxel,977,0.5842836718807918
field|R3 minus voxel,978,0.5037970157427705
field|R3 minus voxel,979,0.5437709821291689
field|R3 minus voxel,980,0.6117426044754851
field|R3 minus voxel,981,0.40476892865300257
field|R3 minus voxel,982,0.5445438193508246
field|R3 minus voxel,983,0.5146360155488108
field|R3 minus voxel,984,0.47567560920478275
field|R3 minus voxel,985,0.6087922093722525
field|R3 minus voxel,986,0.48235710245155283
field|R3 minus voxel,987,0.42948432419376925
field|R3 minus voxel,988,0.5379491360348071
field|R3 minus voxel,989,0.4747255763092312
field|R3 minus voxel,990,0.49785856157761366
field|R3 minus voxel,991,0.5154253166163387
field|R3 minus voxel,992,0.4749726145224867
field|R3 minus voxel,993,0.4734322491528717
field|R3 minus voxel,994,0.46925430357216297
field|R3 minus voxel,995,0.535159219674566
field|R3 minus voxel,996,0.43238468736350144
field|R3 minus voxel,997,0.4742558879123699
field|R3 minus voxel,998,0.49408676250504335
field|R3 minus voxel,999,0.5004975508559749
